ISO-10303-21;
HEADER;
FILE_DESCRIPTION (( 'STEP AP214' ),
    '1' );
FILE_NAME ('DCJ235-05-A-K1-K_revA.STEP',
    '2018-11-02T02:56:37',
    ( '' ),
    ( '' ),
    'SwSTEP 2.0',
    'SolidWorks 2016',
    '' );
FILE_SCHEMA (( 'AUTOMOTIVE_DESIGN' ));
ENDSEC;

DATA;
#1 = CARTESIAN_POINT ( 'NONE',  ( 0.1157259950000000300, 2.325679183000000500, -1.808692120000000100 ) ) ;
#2 = VERTEX_POINT ( 'NONE', #857 ) ;
#3 = DIRECTION ( 'NONE',  ( 1.000000000000000000, 0.0000000000000000000, 0.0000000000000000000 ) ) ;
#4 = VERTEX_POINT ( 'NONE', #833 ) ;
#5 = CARTESIAN_POINT ( 'NONE',  ( 1.002993834102019900, -3.007006165897969700, -1.250000000000000400 ) ) ;
#6 = LINE ( 'NONE', #1840, #368 ) ;
#7 = ORIENTED_EDGE ( 'NONE', *, *, #3217, .T. ) ;
#8 = CIRCLE ( 'NONE', #171, 1.250000000000002000 ) ;
#9 = CARTESIAN_POINT ( 'NONE',  ( 4.139155198824987300, 10.64377364535380400, -8.596750825061708900E-009 ) ) ;
#10 = AXIS2_PLACEMENT_3D ( 'NONE', #683, #735, #1021 ) ;
#11 = ORIENTED_EDGE ( 'NONE', *, *, #6107, .F. ) ;
#12 = CARTESIAN_POINT ( 'NONE',  ( -4.757307557999999000, 1.410183575000000000, 2.246153011000000100 ) ) ;
#13 = VECTOR ( 'NONE', #547, 1000.000000000000000 ) ;
#14 = VERTEX_POINT ( 'NONE', #1743 ) ;
#15 = PRODUCT ( 'DCJ235-05-02', 'DCJ235-05-02', '', ( #5831 ) ) ;
#16 = DIRECTION ( 'NONE',  ( -1.000000000000000000, 0.0000000000000000000, -0.0000000000000000000 ) ) ;
#17 = ADVANCED_FACE ( 'NONE', ( #5107 ), #935, .F. ) ;
#18 = ADVANCED_FACE ( 'NONE', ( #4926 ), #1083, .F. ) ;
#19 = ORIENTED_EDGE ( 'NONE', *, *, #7444, .F. ) ;
#20 = EDGE_CURVE ( 'NONE', #3622, #1147, #5016, .T. ) ;
#21 = CARTESIAN_POINT ( 'NONE',  ( 2.326828918379970600E-018, -0.01900000000000000000, -2.882022329970921300 ) ) ;
#22 = VECTOR ( 'NONE', #1217, 1000.000000000000000 ) ;
#23 = EDGE_LOOP ( 'NONE', ( #3672, #3805 ) ) ;
#24 = AXIS2_PLACEMENT_3D ( 'NONE', #3870, #261, #4432 ) ;
#25 = VECTOR ( 'NONE', #1173, 999.9999999999998900 ) ;
#26 = CARTESIAN_POINT ( 'NONE',  ( 3.698715433164739600, 2.935509736177309900, -0.3500000000268722000 ) ) ;
#27 = ORIENTED_EDGE ( 'NONE', *, *, #6974, .F. ) ;
#28 = DIRECTION ( 'NONE',  ( -1.000000000000000000, 0.0000000000000000000, 0.0000000000000000000 ) ) ;
#29 = EDGE_LOOP ( 'NONE', ( #4522, #4992, #5161, #3129 ) ) ;
#30 = VECTOR ( 'NONE', #4278, 1000.000000000000100 ) ;
#31 = CARTESIAN_POINT ( 'NONE',  ( 4.200274288598040900, 10.52641064201219800, 4.017323528263013700E-014 ) ) ;
#32 = DIRECTION ( 'NONE',  ( 0.0000000000000000000, -0.0000000000000000000, 1.000000000000000000 ) ) ;
#33 = PLANE ( 'NONE',  #3851 ) ;
#34 = CARTESIAN_POINT ( 'NONE',  ( -4.224970133999999400, 0.1445479240000000200, 2.400486964999999800 ) ) ;
#35 = ORIENTED_EDGE ( 'NONE', *, *, #5537, .F. ) ;
#36 = CARTESIAN_POINT ( 'NONE',  ( 0.0000000000000000000, -0.4999999999999996700, -2.500000000000000000 ) ) ;
#37 = AXIS2_PLACEMENT_3D ( 'NONE', #5506, #2567, #4873 ) ;
#38 = ORIENTED_EDGE ( 'NONE', *, *, #164, .F. ) ;
#39 = EDGE_CURVE ( 'NONE', #2412, #2717, #4887, .T. ) ;
#40 = ORIENTED_EDGE ( 'NONE', *, *, #2497, .F. ) ;
#41 = EDGE_CURVE ( 'NONE', #6445, #7357, #5428, .T. ) ;
#42 = DIRECTION ( 'NONE',  ( 1.000000000000000000, 0.0000000000000000000, -0.0000000000000000000 ) ) ;
#43 = CARTESIAN_POINT ( 'NONE',  ( 3.775039030999999900, 2.542858861999999700, 0.6499999994163836400 ) ) ;
#44 = CARTESIAN_POINT ( 'NONE',  ( 6.133787368051004700, 0.0000000000000000000, -2.500000000000000000 ) ) ;
#45 = DIRECTION ( 'NONE',  ( -0.05522007716796663300, 0.05921628300108280900, 0.9967166974146162200 ) ) ;
#46 = VECTOR ( 'NONE', #1896, 1000.000000000000000 ) ;
#47 = CARTESIAN_POINT ( 'NONE',  ( 4.999999999999999100, -0.5703809096133869400, -1.011170138111518100 ) ) ;
#48 = ADVANCED_FACE ( 'NONE', ( #5603, #5328, #6680 ), #2161, .T. ) ;
#49 = ADVANCED_FACE ( 'NONE', ( #5698 ), #6925, .T. ) ;
#50 = CARTESIAN_POINT ( 'NONE',  ( -4.768204702202153200, 1.757152077085370800, -2.229907223466866200 ) ) ;
#51 = DIRECTION ( 'NONE',  ( 1.000000000000000000, 0.0000000000000000000, 0.0000000000000000000 ) ) ;
#52 = VECTOR ( 'NONE', #7696, 1000.000000000000000 ) ;
#53 = ORIENTED_EDGE ( 'NONE', *, *, #4445, .T. ) ;
#54 = CARTESIAN_POINT ( 'NONE',  ( 5.951802250918037300, -0.4999999999999997800, -2.500000000000000000 ) ) ;
#55 = CARTESIAN_POINT ( 'NONE',  ( 3.799999999955616700, 1.084202172485504400E-016, -0.7499999998685780200 ) ) ;
#56 = CARTESIAN_POINT ( 'NONE',  ( -4.777657176855799800, 0.4159535665965000700, 2.343627736000000200 ) ) ;
#57 = ORIENTED_EDGE ( 'NONE', *, *, #3331, .T. ) ;
#58 = EDGE_CURVE ( 'NONE', #5947, #4334, #5849, .T. ) ;
#59 = DIRECTION ( 'NONE',  ( 0.0000000000000000000, 0.0000000000000000000, 1.000000000000000000 ) ) ;
#60 = ORIENTED_EDGE ( 'NONE', *, *, #4378, .F. ) ;
#61 = AXIS2_PLACEMENT_3D ( 'NONE', #6031, #5851, #5962 ) ;
#62 = CARTESIAN_POINT ( 'NONE',  ( -4.146080184291585100, 10.63684079240710300, -3.790214848112532000E-008 ) ) ;
#63 = PLANE ( 'NONE',  #6718 ) ;
#64 = ORIENTED_EDGE ( 'NONE', *, *, #7668, .F. ) ;
#65 = EDGE_CURVE ( 'NONE', #3766, #6025, #6068, .T. ) ;
#66 = FACE_OUTER_BOUND ( 'NONE', #6161, .T. ) ;
#67 = CARTESIAN_POINT ( 'NONE',  ( 4.500000000000002700, 6.500000000000002700, -3.299999999999999800 ) ) ;
#68 = ORIENTED_EDGE ( 'NONE', *, *, #3810, .T. ) ;
#69 = DIRECTION ( 'NONE',  ( -0.4999999999999947300, 0.8660254037844418200, -0.0000000000000000000 ) ) ;
#70 = LINE ( 'NONE', #5347, #4272 ) ;
#71 = ORIENTED_EDGE ( 'NONE', *, *, #3524, .F. ) ;
#72 = CARTESIAN_POINT ( 'NONE',  ( -5.125028748215213700, 0.4488045584251858500, -2.327381947995983400 ) ) ;
#73 = DIRECTION ( 'NONE',  ( 1.000000000000000000, 0.0000000000000000000, 0.0000000000000000000 ) ) ;
#74 = DIRECTION ( 'NONE',  ( 0.0000000000000000000, 0.0000000000000000000, 1.000000000000000000 ) ) ;
#75 = ORIENTED_EDGE ( 'NONE', *, *, #4249, .T. ) ;
#76 = DIRECTION ( 'NONE',  ( 0.0000000000000000000, -0.0000000000000000000, 1.000000000000000000 ) ) ;
#77 = AXIS2_PLACEMENT_3D ( 'NONE', #4613, #1052, #1698 ) ;
#78 = EDGE_LOOP ( 'NONE', ( #6282, #5927, #3774, #5461 ) ) ;
#79 = EDGE_CURVE ( 'NONE', #1039, #4359, #5970, .T. ) ;
#80 = ORIENTED_EDGE ( 'NONE', *, *, #6855, .T. ) ;
#81 = ADVANCED_FACE ( 'NONE', ( #6572 ), #5663, .F. ) ;
#82 = EDGE_LOOP ( 'NONE', ( #3316, #4624, #6323, #7388 ) ) ;
#83 = ADVANCED_FACE ( 'NONE', ( #6148 ), #5420, .T. ) ;
#84 = VERTEX_POINT ( 'NONE', #2978 ) ;
#85 = CARTESIAN_POINT ( 'NONE',  ( -4.052920400033262800, 10.69515101447232300, -3.344515420734692200E-007 ) ) ;
#86 =( GEOMETRIC_REPRESENTATION_CONTEXT ( 3 ) GLOBAL_UNCERTAINTY_ASSIGNED_CONTEXT ( ( #1714 ) ) GLOBAL_UNIT_ASSIGNED_CONTEXT ( ( #893, #5079, #1526 ) ) REPRESENTATION_CONTEXT ( 'NONE', 'WORKASPACE' ) );
#87 = DIRECTION ( 'NONE',  ( 0.4464537378656400200, 0.8948067165292169500, 0.0000000000000000000 ) ) ;
#88 = SURFACE_SIDE_STYLE ('',( #2665 ) ) ;
#89 = ORIENTED_EDGE ( 'NONE', *, *, #2378, .T. ) ;
#90 = AXIS2_PLACEMENT_3D ( 'NONE', #4209, #7447, #6968 ) ;
#91 =( LENGTH_UNIT ( ) NAMED_UNIT ( * ) SI_UNIT ( .MILLI., .METRE. ) );
#92 = EDGE_CURVE ( 'NONE', #2392, #854, #6333, .T. ) ;
#93 = DIRECTION ( 'NONE',  ( 0.0000000000000000000, -0.9982398042036702000, 0.05930677282923101100 ) ) ;
#94 = FACE_OUTER_BOUND ( 'NONE', #5030, .T. ) ;
#95 = EDGE_CURVE ( 'NONE', #5511, #5215, #5593, .T. ) ;
#96 = CARTESIAN_POINT ( 'NONE',  ( 5.000000000000000000, -0.9430742145147386100, -0.6667233893416938400 ) ) ;
#97 = LINE ( 'NONE', #4207, #22 ) ;
#98 = EDGE_CURVE ( 'NONE', #2958, #1176, #5379, .T. ) ;
#99 = CARTESIAN_POINT ( 'NONE',  ( -0.5703366130869379500, 2.694821470834051000, -1.947134036999999900 ) ) ;
#100 = CARTESIAN_POINT ( 'NONE',  ( 3.765498581510128100, 2.591940221099159100, -0.4208712150000000800 ) ) ;
#101 = ORIENTED_EDGE ( 'NONE', *, *, #4306, .T. ) ;
#102 = LINE ( 'NONE', #1965, #30 ) ;
#103 = ORIENTED_EDGE ( 'NONE', *, *, #7600, .F. ) ;
#104 = CARTESIAN_POINT ( 'NONE',  ( 1.211609546878158900, -3.431153008076171900, 1.250000000000001800 ) ) ;
#105 = FACE_OUTER_BOUND ( 'NONE', #3448, .T. ) ;
#106 = DIRECTION ( 'NONE',  ( -0.0000000000000000000, -1.000000000000000000, 0.0000000000000000000 ) ) ;
#107 = LINE ( 'NONE', #2988, #5393 ) ;
#108 = ORIENTED_EDGE ( 'NONE', *, *, #3708, .F. ) ;
#109 = VECTOR ( 'NONE', #615, 1000.000000000000000 ) ;
#110 = B_SPLINE_CURVE_WITH_KNOTS ( 'NONE', 3,
 ( #4730, #5369, #1819, #5968, #2442, #6539, #3019, #7139, #3594, #9, #4181, #597, #4761, #1183, #5399, #1853, #5997, #2464, #6566, #3039, #7166, #3614, #31, #4206 ),
 .UNSPECIFIED., .F., .F.,
 ( 4, 2, 2, 1, 1, 2, 2, 2, 2, 2, 2, 2, 4 ),
 ( 0.0000000000000000000, 0.2499999999985990700, 0.3749999999978955700, 0.4374999999975391400, 0.4687499999973609400, 0.4843749999972691300, 0.4999999999971773700, 0.5624999999975427400, 0.5937499999977254900, 0.6093749999978125300, 0.6249999999978996800, 0.7499999999986007900, 1.000000000000000000 ),
 .UNSPECIFIED. ) ;
#111 = CIRCLE ( 'NONE', #1770, 0.1499999994188695700 ) ;
#112 = ORIENTED_EDGE ( 'NONE', *, *, #6051, .T. ) ;
#113 = EDGE_CURVE ( 'NONE', #4008, #786, #6257, .T. ) ;
#114 = DIRECTION ( 'NONE',  ( 0.0000000000000000000, 1.000000000000000000, 0.0000000000000000000 ) ) ;
#115 = VECTOR ( 'NONE', #692, 1000.000000000000000 ) ;
#116 = ORIENTED_EDGE ( 'NONE', *, *, #678, .F. ) ;
#117 = CARTESIAN_POINT ( 'NONE',  ( 4.500000000000002700, -3.794707603699265500E-016, -12.00000000000000000 ) ) ;
#118 = ORIENTED_EDGE ( 'NONE', *, *, #6187, .F. ) ;
#119 = ADVANCED_FACE ( 'NONE', ( #2005 ), #33, .F. ) ;
#120 = LINE ( 'NONE', #104, #115 ) ;
#121 = DIRECTION ( 'NONE',  ( 1.000000000000000000, 0.0000000000000000000, 0.0000000000000000000 ) ) ;
#122 = DIRECTION ( 'NONE',  ( 0.0000000000000000000, -0.0000000000000000000, 1.000000000000000000 ) ) ;
#123 = VERTEX_POINT ( 'NONE', #6419 ) ;
#124 = ORIENTED_EDGE ( 'NONE', *, *, #4415, .T. ) ;
#125 = CARTESIAN_POINT ( 'NONE',  ( -3.000000000015382800, 0.0000000000000000000, -3.500000000000000000 ) ) ;
#126 = CARTESIAN_POINT ( 'NONE',  ( 3.500000000000000000, 1.000000000000000000, -3.799999999999999800 ) ) ;
#127 = CYLINDRICAL_SURFACE ( 'NONE', #5993, 0.1500000003997577200 ) ;
#128 = PRESENTATION_LAYER_ASSIGNMENT (  '', '', ( #7465 ) ) ;
#129 = CARTESIAN_POINT ( 'NONE',  ( 3.150000000000000400, 6.500000000000002700, 0.0000000000000000000 ) ) ;
#130 = EDGE_LOOP ( 'NONE', ( #7294, #754, #816, #2001, #2087, #5827, #5523, #7353, #3428, #6640, #6901, #4241, #3563, #396 ) ) ;
#131 = ORIENTED_EDGE ( 'NONE', *, *, #5200, .T. ) ;
#132 = AXIS2_PLACEMENT_3D ( 'NONE', #6458, #2937, #7039 ) ;
#133 = DIRECTION ( 'NONE',  ( 0.0000000000000000000, -0.0000000000000000000, 1.000000000000000000 ) ) ;
#134 = EDGE_CURVE ( 'NONE', #6425, #3618, #5687, .T. ) ;
#135 = VECTOR ( 'NONE', #7689, 1000.000000000000000 ) ;
#136 = DIRECTION ( 'NONE',  ( -0.4999999999999949500, 0.8660254037844415900, 0.0000000000000000000 ) ) ;
#137 = VECTOR ( 'NONE', #1406, 1000.000000000000000 ) ;
#138 = DIRECTION ( 'NONE',  ( 1.000000000000000000, 0.0000000000000000000, 0.0000000000000000000 ) ) ;
#139 = CARTESIAN_POINT ( 'NONE',  ( 3.746417682000000100, 2.690102940000000100, 0.4208712150000009600 ) ) ;
#140 = VERTEX_POINT ( 'NONE', #5452 ) ;
#141 = DIRECTION ( 'NONE',  ( 0.0000000000000000000, 0.0000000000000000000, 1.000000000000000000 ) ) ;
#142 = LINE ( 'NONE', #3615, #262 ) ;
#143 = AXIS2_PLACEMENT_3D ( 'NONE', #2330, #5734, #4072 ) ;
#144 = DIRECTION ( 'NONE',  ( 0.0000000000000000000, 0.0000000000000000000, 1.000000000000000000 ) ) ;
#145 = CARTESIAN_POINT ( 'NONE',  ( 8.800000000000089500, -8.029999999999970900, -2.500000000000000000 ) ) ;
#146 = ORIENTED_EDGE ( 'NONE', *, *, #4666, .F. ) ;
#147 = CARTESIAN_POINT ( 'NONE',  ( -4.000000000000000000, 6.499999999384692200, -3.300000000000000700 ) ) ;
#148 = CARTESIAN_POINT ( 'NONE',  ( 3.727336782210329600, 2.788265657829086300, 1.500000000000000000 ) ) ;
#149 = ORIENTED_EDGE ( 'NONE', *, *, #2472, .T. ) ;
#150 = EDGE_CURVE ( 'NONE', #6858, #6195, #1860, .T. ) ;
#151 = DIRECTION ( 'NONE',  ( 1.000000000000000000, 0.0000000000000000000, 0.0000000000000000000 ) ) ;
#152 = ADVANCED_FACE ( 'NONE', ( #7050 ), #1883, .F. ) ;
#153 = ORIENTED_EDGE ( 'NONE', *, *, #164, .T. ) ;
#154 = FACE_OUTER_BOUND ( 'NONE', #3924, .T. ) ;
#155 = UNCERTAINTY_MEASURE_WITH_UNIT (LENGTH_MEASURE( 1.000000000000000100E-005 ), #3087, 'distance_accuracy_value', 'NONE');
#156 = AXIS2_PLACEMENT_3D ( 'NONE', #3337, #3290, #3252 ) ;
#157 = DIRECTION ( 'NONE',  ( 0.0000000000000000000, -0.0000000000000000000, 1.000000000000000000 ) ) ;
#158 = PLANE ( 'NONE',  #6468 ) ;
#159 = CYLINDRICAL_SURFACE ( 'NONE', #465, 1.300000005773542600 ) ;
#160 = CARTESIAN_POINT ( 'NONE',  ( -1.015452798038690500, 2.856997628450335100, 1.914810007024237100 ) ) ;
#161 = ORIENTED_EDGE ( 'NONE', *, *, #331, .F. ) ;
#162 = EDGE_LOOP ( 'NONE', ( #5922, #7144, #6602, #6844 ) ) ;
#163 = CARTESIAN_POINT ( 'NONE',  ( 5.099999999999999600, 0.0000000000000000000, 3.500000000000000000 ) ) ;
#164 = EDGE_CURVE ( 'NONE', #2436, #1917, #5323, .T. ) ;
#165 = EDGE_LOOP ( 'NONE', ( #2284, #6611, #4707, #6179 ) ) ;
#166 = VERTEX_POINT ( 'NONE', #1079 ) ;
#167 = AXIS2_PLACEMENT_3D ( 'NONE', #686, #4861, #1297 ) ;
#168 = CARTESIAN_POINT ( 'NONE',  ( 3.000000000000000000, 4.500000000000002700, -0.6000000000000000900 ) ) ;
#169 = DIRECTION ( 'NONE',  ( -0.0000000000000000000, 0.0000000000000000000, -1.000000000000000000 ) ) ;
#170 = DIRECTION ( 'NONE',  ( 0.0000000000000000000, -0.0000000000000000000, 1.000000000000000000 ) ) ;
#171 = AXIS2_PLACEMENT_3D ( 'NONE', #6040, #2512, #6616 ) ;
#172 = VERTEX_POINT ( 'NONE', #4469 ) ;
#173 = EDGE_CURVE ( 'NONE', #2871, #7398, #4309, .T. ) ;
#174 = EDGE_CURVE ( 'NONE', #3418, #2596, #5519, .T. ) ;
#175 = EDGE_LOOP ( 'NONE', ( #4526, #2838, #2615, #7643 ) ) ;
#176 = EDGE_CURVE ( 'NONE', #5984, #7448, #6860, .T. ) ;
#177 = CYLINDRICAL_SURFACE ( 'NONE', #6705, 0.3000000000000000400 ) ;
#178 = ORIENTED_EDGE ( 'NONE', *, *, #210, .F. ) ;
#179 = ORIENTED_EDGE ( 'NONE', *, *, #4558, .F. ) ;
#180 = CARTESIAN_POINT ( 'NONE',  ( 1.968476262340042200, 2.344506137060649500, 0.2864031901609041500 ) ) ;
#181 = FILL_AREA_STYLE ('',( #928 ) ) ;
#182 = CYLINDRICAL_SURFACE ( 'NONE', #4152, 1.700000000000000000 ) ;
#183 = FACE_OUTER_BOUND ( 'NONE', #1315, .T. ) ;
#184 = FACE_OUTER_BOUND ( 'NONE', #214, .T. ) ;
#185 = AXIS2_PLACEMENT_3D ( 'NONE', #802, #4930, #4291 ) ;
#186 = CARTESIAN_POINT ( 'NONE',  ( -1.750000000000000000, 6.500000000000002700, -9.850000000000001400 ) ) ;
#187 = DIRECTION ( 'NONE',  ( 0.0000000000000000000, -1.000000000000000000, 0.0000000000000000000 ) ) ;
#188 = ORIENTED_EDGE ( 'NONE', *, *, #3522, .F. ) ;
#189 = VECTOR ( 'NONE', #5475, 1000.000000000000000 ) ;
#190 = CARTESIAN_POINT ( 'NONE',  ( 2.149999999999947500, 0.0000000000000000000, 0.0000000000000000000 ) ) ;
#191 = ADVANCED_FACE ( 'NONE', ( #7355 ), #3313, .F. ) ;
#192 = LINE ( 'NONE', #2435, #736 ) ;
#193 = CARTESIAN_POINT ( 'NONE',  ( -1.680000000000063700, -3.500000000000000000, -0.5000000000000000000 ) ) ;
#194 = CARTESIAN_POINT ( 'NONE',  ( -4.542694661653872100, 1.839231019409008900, -2.437514216000000300 ) ) ;
#195 = ORIENTED_EDGE ( 'NONE', *, *, #3611, .T. ) ;
#196 = CARTESIAN_POINT ( 'NONE',  ( -4.026241726272711900, 0.3002111713056850300, 2.989447966675953800E-017 ) ) ;
#197 = ORIENTED_EDGE ( 'NONE', *, *, #3919, .T. ) ;
#198 = CIRCLE ( 'NONE', #1760, 0.3999999999999904200 ) ;
#199 = EDGE_CURVE ( 'NONE', #3223, #2213, #6234, .T. ) ;
#200 = CARTESIAN_POINT ( 'NONE',  ( -0.06895910409250001500, 2.153457542141000000, -1.808692120000000100 ) ) ;
#201 = ORIENTED_EDGE ( 'NONE', *, *, #1228, .F. ) ;
#202 = FACE_OUTER_BOUND ( 'NONE', #534, .T. ) ;
#203 = VERTEX_POINT ( 'NONE', #432 ) ;
#204 = FACE_OUTER_BOUND ( 'NONE', #162, .T. ) ;
#205 = B_SPLINE_CURVE_WITH_KNOTS ( 'NONE', 3,
 ( #7010, #2909, #480, #4633 ),
 .UNSPECIFIED., .F., .F.,
 ( 4, 4 ),
 ( 0.0005536545384401743900, 0.0005743329046869715900 ),
 .UNSPECIFIED. ) ;
#206 = FILL_AREA_STYLE ('',( #7350 ) ) ;
#207 = VERTEX_POINT ( 'NONE', #129 ) ;
#208 = CARTESIAN_POINT ( 'NONE',  ( 1.985599284975537300, 2.347834515495422100, -0.3022084862037758300 ) ) ;
#209 = ORIENTED_EDGE ( 'NONE', *, *, #5537, .T. ) ;
#210 = EDGE_CURVE ( 'NONE', #7592, #2193, #4015, .T. ) ;
#211 = DIRECTION ( 'NONE',  ( 0.0000000000000000000, 0.0000000000000000000, 1.000000000000000000 ) ) ;
#212 = CARTESIAN_POINT ( 'NONE',  ( 1.194644752127112600, -3.466853515899579900, -1.249375141688955800 ) ) ;
#213 = DIRECTION ( 'NONE',  ( 1.000000000000000000, -8.340016711427119000E-016, 0.0000000000000000000 ) ) ;
#214 = EDGE_LOOP ( 'NONE', ( #3541, #2836, #6999, #6646 ) ) ;
#215 = CARTESIAN_POINT ( 'NONE',  ( -3.000000000034611900, 0.2500000000000000000, -3.500000000000000000 ) ) ;
#216 = AXIS2_PLACEMENT_3D ( 'NONE', #1547, #5719, #2199 ) ;
#217 = DIRECTION ( 'NONE',  ( 0.0000000000000000000, 0.05233595627013538200, -0.9986295347531487500 ) ) ;
#218 = CARTESIAN_POINT ( 'NONE',  ( -4.136840678879721600, 0.3539199360238342600, -3.782141360131019200E-008 ) ) ;
#219 = LINE ( 'NONE', #4246, #7493 ) ;
#220 = CARTESIAN_POINT ( 'NONE',  ( -3.700000000000000200, 6.349999999999999600, -1.470000000000000000 ) ) ;
#221 = ORIENTED_EDGE ( 'NONE', *, *, #3857, .T. ) ;
#222 = CARTESIAN_POINT ( 'NONE',  ( 0.1157259890000000300, 2.325679178000000600, -1.808692120000000100 ) ) ;
#223 = VECTOR ( 'NONE', #3889, 1000.000000000000000 ) ;
#224 = LINE ( 'NONE', #5120, #2306 ) ;
#225 =( GEOMETRIC_REPRESENTATION_CONTEXT ( 3 ) GLOBAL_UNCERTAINTY_ASSIGNED_CONTEXT ( ( #5076 ) ) GLOBAL_UNIT_ASSIGNED_CONTEXT ( ( #3367, #7504, #3970 ) ) REPRESENTATION_CONTEXT ( 'NONE', 'WORKASPACE' ) );
#226 = CARTESIAN_POINT ( 'NONE',  ( 0.1732577213716027000, 2.263983947329877300, -1.800697223429986900 ) ) ;
#227 = ADVANCED_FACE ( 'NONE', ( #4828 ), #5345, .F. ) ;
#228 = CARTESIAN_POINT ( 'NONE',  ( 1.500000000500000300, 0.0000000000000000000, 4.349999999999999600 ) ) ;
#229 = CARTESIAN_POINT ( 'NONE',  ( 1.747316416999999500, 2.492901251000000600, -0.2928932190000000400 ) ) ;
#230 = DIRECTION ( 'NONE',  ( 0.0000000000000000000, -1.000000000000000000, -4.336808689942013800E-016 ) ) ;
#231 = CARTESIAN_POINT ( 'NONE',  ( -0.3874981860400598700, 2.865321056579124300, 1.868632586704214200 ) ) ;
#232 = EDGE_LOOP ( 'NONE', ( #6657, #6991, #5607, #6904 ) ) ;
#233 = EDGE_CURVE ( 'NONE', #5565, #2506, #6761, .T. ) ;
#234 = CARTESIAN_POINT ( 'NONE',  ( 3.000000000000000000, 1.000000000000000000, -0.6000000004166665700 ) ) ;
#235 = CARTESIAN_POINT ( 'NONE',  ( -4.000000000000000000, 10.50000000000000000, -3.300000000000000300 ) ) ;
#236 = DIRECTION ( 'NONE',  ( -0.0000000000000000000, -0.0000000000000000000, -1.000000000000000000 ) ) ;
#237 = CARTESIAN_POINT ( 'NONE',  ( 5.000000000000000000, -0.8691104827462741200, -0.7573348419492212900 ) ) ;
#238 = ORIENTED_EDGE ( 'NONE', *, *, #2689, .F. ) ;
#239 = CARTESIAN_POINT ( 'NONE',  ( 4.180204478918689400, 0.4109976601267578100, -4.415243648647618200E-007 ) ) ;
#240 = CARTESIAN_POINT ( 'NONE',  ( -4.195151014478782700, 0.4470796000034575900, -3.344515381185135700E-007 ) ) ;
#241 = CARTESIAN_POINT ( 'NONE',  ( 0.9262027371683483300, -3.332917394539888000, -1.250000000000000400 ) ) ;
#242 = ORIENTED_EDGE ( 'NONE', *, *, #1121, .F. ) ;
#243 = ORIENTED_EDGE ( 'NONE', *, *, #1155, .F. ) ;
#244 = EDGE_CURVE ( 'NONE', #1865, #2023, #3095, .T. ) ;
#245 = CARTESIAN_POINT ( 'NONE',  ( 0.1157259918904456100, 2.325679180117482300, -1.808692119959621100 ) ) ;
#246 = VECTOR ( 'NONE', #5567, 1000.000000000000000 ) ;
#247 = VERTEX_POINT ( 'NONE', #466 ) ;
#248 = ORIENTED_EDGE ( 'NONE', *, *, #299, .F. ) ;
#249 = DIRECTION ( 'NONE',  ( 0.6819983602915051800, -0.7313537014056183900, 0.0000000000000000000 ) ) ;
#250 = CARTESIAN_POINT ( 'NONE',  ( 4.500000000000002700, 4.500000000000002700, -12.00000000000000000 ) ) ;
#251 = ORIENTED_EDGE ( 'NONE', *, *, #6843, .T. ) ;
#252 = LINE ( 'NONE', #3590, #343 ) ;
#253 = ORIENTED_EDGE ( 'NONE', *, *, #7296, .T. ) ;
#254 = EDGE_LOOP ( 'NONE', ( #7112, #2204, #5177, #1804 ) ) ;
#255 = CARTESIAN_POINT ( 'NONE',  ( 1.206183313390674300, -3.443160990941112900, -1.250000000000441000 ) ) ;
#256 = CARTESIAN_POINT ( 'NONE',  ( 0.0000000000000000000, 6.349999999999999600, -1.399999999999999900 ) ) ;
#257 = CARTESIAN_POINT ( 'NONE',  ( 4.120871769612426400, 0.3402916148646600300, -1.210643034929971800E-007 ) ) ;
#258 = ORIENTED_EDGE ( 'NONE', *, *, #4193, .F. ) ;
#259 = AXIS2_PLACEMENT_3D ( 'NONE', #5501, #1972, #6095 ) ;
#260 = CARTESIAN_POINT ( 'NONE',  ( 1.500000000000000000, -7.161999999999990200, -0.5000000025066750900 ) ) ;
#261 = DIRECTION ( 'NONE',  ( -0.9816271834477411400, -0.1908089953761477600, 0.0000000000000000000 ) ) ;
#262 = VECTOR ( 'NONE', #32, 1000.000000000000000 ) ;
#263 = LINE ( 'NONE', #7698, #404 ) ;
#264 = ORIENTED_EDGE ( 'NONE', *, *, #4753, .T. ) ;
#265 = ORIENTED_EDGE ( 'NONE', *, *, #2414, .F. ) ;
#266 = EDGE_CURVE ( 'NONE', #2376, #3526, #7441, .T. ) ;
#267 = LINE ( 'NONE', #7215, #189 ) ;
#268 = EDGE_CURVE ( 'NONE', #1501, #4030, #6836, .T. ) ;
#269 = DIRECTION ( 'NONE',  ( -1.000000000000000000, 1.156482317317871300E-015, -0.0000000000000000000 ) ) ;
#270 = FACE_OUTER_BOUND ( 'NONE', #4488, .T. ) ;
#271 = VECTOR ( 'NONE', #5969, 1000.000000000000000 ) ;
#272 = DIRECTION ( 'NONE',  ( 0.0000000000000000000, 0.0000000000000000000, -1.000000000000000000 ) ) ;
#273 = EDGE_LOOP ( 'NONE', ( #960, #6520, #3942, #6119 ) ) ;
#274 = DIRECTION ( 'NONE',  ( -0.0000000000000000000, 0.0000000000000000000, -1.000000000000000000 ) ) ;
#275 =( NAMED_UNIT ( * ) SI_UNIT ( $, .STERADIAN. ) SOLID_ANGLE_UNIT ( ) );
#276 = AXIS2_PLACEMENT_3D ( 'NONE', #835, #7289, #7461 ) ;
#277 = CARTESIAN_POINT ( 'NONE',  ( 0.3500000000000000300, -0.3500000000179466200, 1.250000000562500000 ) ) ;
#278 = VERTEX_POINT ( 'NONE', #1033 ) ;
#279 = LINE ( 'NONE', #4968, #137 ) ;
#280 = CARTESIAN_POINT ( 'NONE',  ( 3.700000000462500000, 0.1500000000000000200, -2.299999999999999800 ) ) ;
#281 = ORIENTED_EDGE ( 'NONE', *, *, #4155, .T. ) ;
#282 = VECTOR ( 'NONE', #1215, 1000.000000000000000 ) ;
#283 = LINE ( 'NONE', #3634, #282 ) ;
#284 = DIRECTION ( 'NONE',  ( -0.9784042039532564500, -0.1901825137162926300, -0.08096805026148623500 ) ) ;
#285 = ADVANCED_BREP_SHAPE_REPRESENTATION ( '', ( #5396, #4775 ), #5596 ) ;
#286 = ORIENTED_EDGE ( 'NONE', *, *, #1144, .F. ) ;
#287 = CARTESIAN_POINT ( 'NONE',  ( 0.0000000000000000000, -0.5999999999999999800, -0.5000000000000000000 ) ) ;
#288 = DIRECTION ( 'NONE',  ( -0.0000000000000000000, -0.0000000000000000000, -1.000000000000000000 ) ) ;
#289 = ORIENTED_EDGE ( 'NONE', *, *, #7022, .T. ) ;
#290 = EDGE_CURVE ( 'NONE', #84, #575, #1251, .T. ) ;
#291 = VECTOR ( 'NONE', #6615, 1000.000000000000000 ) ;
#292 = EDGE_LOOP ( 'NONE', ( #1711, #2849, #3117, #7072 ) ) ;
#293 = SURFACE_SIDE_STYLE ('',( #5645 ) ) ;
#294 = ORIENTED_EDGE ( 'NONE', *, *, #2096, .F. ) ;
#295 = PLANE ( 'NONE',  #4233 ) ;
#296 = LINE ( 'NONE', #2805, #6890 ) ;
#297 = DIRECTION ( 'NONE',  ( -0.0000000000000000000, -0.0000000000000000000, -1.000000000000000000 ) ) ;
#298 = EDGE_LOOP ( 'NONE', ( #3738, #4240 ) ) ;
#299 = EDGE_CURVE ( 'NONE', #1648, #1566, #6969, .T. ) ;
#300 = DIRECTION ( 'NONE',  ( -0.0000000000000000000, -1.301042606982604300E-016, -1.000000000000000000 ) ) ;
#301 = DIRECTION ( 'NONE',  ( -1.000000000000000000, -0.0000000000000000000, -0.0000000000000000000 ) ) ;
#302 = LINE ( 'NONE', #4179, #109 ) ;
#303 = CARTESIAN_POINT ( 'NONE',  ( 0.0000000000000000000, 0.0000000000000000000, -1.175000000000000000 ) ) ;
#304 = DIRECTION ( 'NONE',  ( 0.0000000000000000000, -0.0000000000000000000, -1.000000000000000000 ) ) ;
#305 = DIRECTION ( 'NONE',  ( 1.850848880316743800E-016, 1.850848880601472300E-016, -1.000000000000000000 ) ) ;
#306 = AXIS2_PLACEMENT_3D ( 'NONE', #882, #3364, #7503 ) ;
#307 = DIRECTION ( 'NONE',  ( 0.9970991013155463500, 0.0000000000000000000, 0.07611427038164286800 ) ) ;
#308 = DIRECTION ( 'NONE',  ( -0.0000000000000000000, -0.0000000000000000000, -1.000000000000000000 ) ) ;
#309 = LINE ( 'NONE', #7089, #52 ) ;
#310 = EDGE_LOOP ( 'NONE', ( #6867, #6688, #3279, #5045 ) ) ;
#311 = CARTESIAN_POINT ( 'NONE',  ( -4.233149711920000300, -0.1096322049400000200, -2.400486960959999900 ) ) ;
#312 = CARTESIAN_POINT ( 'NONE',  ( 0.1292968563978958700, 1.992487857285945700, 1.792702326863840700 ) ) ;
#313 = LINE ( 'NONE', #43, #702 ) ;
#314 = PLANE ( 'NONE',  #1429 ) ;
#315 = DIRECTION ( 'NONE',  ( -0.9970991013184226100, 0.0000000000000000000, 0.07611427034396200900 ) ) ;
#316 = ORIENTED_EDGE ( 'NONE', *, *, #299, .T. ) ;
#317 = EDGE_CURVE ( 'NONE', #854, #3613, #70, .T. ) ;
#318 = ORIENTED_EDGE ( 'NONE', *, *, #633, .T. ) ;
#319 = LINE ( 'NONE', #3568, #271 ) ;
#320 = SURFACE_STYLE_USAGE ( .BOTH. , #3925 ) ;
#321 = PRODUCT_DEFINITION ( '未知', '', #5559, #7095 ) ;
#322 = CARTESIAN_POINT ( 'NONE',  ( 0.0000000000000000000, 6.500000000000002700, -9.850000000000001400 ) ) ;
#323 = ORIENTED_EDGE ( 'NONE', *, *, #7349, .F. ) ;
#324 = DIRECTION ( 'NONE',  ( -1.000000000000000000, 0.0000000000000000000, -0.0000000000000000000 ) ) ;
#325 = AXIS2_PLACEMENT_3D ( 'NONE', #3902, #6267, #6289 ) ;
#326 = DIRECTION ( 'NONE',  ( 0.0000000000000000000, 0.0000000000000000000, 1.000000000000000000 ) ) ;
#327 =( BOUNDED_SURFACE ( )  B_SPLINE_SURFACE ( 3, 3, ( 
 ( #6933, #6910, #5631, #5234 ),
 ( #517, #468, #434, #2273 ),
 ( #7527, #1005, #4520, #3250 ),
 ( #3825, #3446, #1738, #5812 ) ),
 .UNSPECIFIED., .F., .F., .T. ) 
 B_SPLINE_SURFACE_WITH_KNOTS ( ( 4, 4 ),
 ( 4, 4 ),
 ( 0.0000000000000000000, 1.000000000000000000 ),
 ( 0.0000000000000000000, 1.000000000000000000 ),
 .UNSPECIFIED. ) 
 GEOMETRIC_REPRESENTATION_ITEM ( )  RATIONAL_B_SPLINE_SURFACE ( (
 ( 1.000000000000000000, 0.8047378541243650500, 0.8047378541243650500, 1.000000000000000000),
 ( 0.8047378541243650500, 0.6476030138606881900, 0.6476030138606881900, 0.8047378541243650500),
 ( 0.8047378541243650500, 0.6476030138606881900, 0.6476030138606881900, 0.8047378541243650500),
 ( 1.000000000000000000, 0.8047378541243650500, 0.8047378541243650500, 1.000000000000000000) ) ) 
 REPRESENTATION_ITEM ( '' )  SURFACE ( )  );
#328 = FACE_OUTER_BOUND ( 'NONE', #1126, .T. ) ;
#329 = EDGE_CURVE ( 'NONE', #1718, #2107, #4373, .T. ) ;
#330 = EDGE_LOOP ( 'NONE', ( #762, #2388, #2404, #2328, #4946 ) ) ;
#331 = EDGE_CURVE ( 'NONE', #1484, #1654, #5338, .T. ) ;
#332 = CARTESIAN_POINT ( 'NONE',  ( 5.000000000000000900, 0.4401757834518736900, -1.062560559473241900 ) ) ;
#333 = VECTOR ( 'NONE', #2657, 1000.000000000000100 ) ;
#334 = DIRECTION ( 'NONE',  ( 0.0000000000000000000, 0.0000000000000000000, 1.000000000000000000 ) ) ;
#335 = PLANE ( 'NONE',  #4676 ) ;
#336 = DIRECTION ( 'NONE',  ( -0.07608507930515215300, -0.02769270409873895000, 0.9967166973853847100 ) ) ;
#337 = CARTESIAN_POINT ( 'NONE',  ( 1.180000000000000400, -1.457986928011507600, 1.250000000000000000 ) ) ;
#338 = FACE_OUTER_BOUND ( 'NONE', #7397, .T. ) ;
#339 = EDGE_LOOP ( 'NONE', ( #5714, #5022, #5937, #4771, #3218, #373, #5483, #2236, #1521, #2635, #1085, #2627, #1756, #5240, #4864 ) ) ;
#340 = EDGE_CURVE ( 'NONE', #4024, #3467, #224, .T. ) ;
#341 = CARTESIAN_POINT ( 'NONE',  ( 4.999999999999999100, -1.150064778129338100, 0.07279278346577861000 ) ) ;
#342 = VERTEX_POINT ( 'NONE', #4005 ) ;
#343 = VECTOR ( 'NONE', #7136, 999.9999999999998900 ) ;
#344 = ORIENTED_EDGE ( 'NONE', *, *, #4788, .F. ) ;
#345 = DIRECTION ( 'NONE',  ( 0.0000000000000000000, -0.0000000000000000000, 1.000000000000000000 ) ) ;
#346 = DIRECTION ( 'NONE',  ( 0.0000000000000000000, 0.0000000000000000000, 1.000000000000000000 ) ) ;
#347 = DIRECTION ( 'NONE',  ( 0.0000000000000000000, -0.9135454576426004200, 0.4067366430758009900 ) ) ;
#348 = CIRCLE ( 'NONE', #856, 1.300000005773542600 ) ;
#349 = ORIENTED_EDGE ( 'NONE', *, *, #397, .F. ) ;
#350 = PRODUCT_DEFINITION_CONTEXT ( 'detailed design', #7579, 'design' ) ;
#351 = VERTEX_POINT ( 'NONE', #4122 ) ;
#352 = ORIENTED_EDGE ( 'NONE', *, *, #41, .F. ) ;
#353 = ORIENTED_EDGE ( 'NONE', *, *, #2362, .T. ) ;
#354 = DIRECTION ( 'NONE',  ( 1.000000000000000000, 0.0000000000000000000, 0.0000000000000000000 ) ) ;
#355 = EDGE_CURVE ( 'NONE', #528, #2688, #6084, .T. ) ;
#356 = ORIENTED_EDGE ( 'NONE', *, *, #3572, .T. ) ;
#357 = CARTESIAN_POINT ( 'NONE',  ( -4.135307709822331600, 0.1523923714717995400, -2.408610884895927600 ) ) ;
#358 = AXIS2_PLACEMENT_3D ( 'NONE', #5996, #1879, #6014 ) ;
#359 = DIRECTION ( 'NONE',  ( 0.0000000000000000000, -0.5999999999999999800, -0.7999999999999999300 ) ) ;
#360 = CARTESIAN_POINT ( 'NONE',  ( 0.0000000000000000000, 0.0000000000000000000, -0.5000000000000000000 ) ) ;
#361 = VECTOR ( 'NONE', #6752, 1000.000000000000100 ) ;
#362 = CARTESIAN_POINT ( 'NONE',  ( -1.499999999979166700, 1.000000000007812600, -6.299999999979166700 ) ) ;
#363 = FACE_OUTER_BOUND ( 'NONE', #730, .T. ) ;
#364 = LINE ( 'NONE', #6540, #418 ) ;
#365 = CARTESIAN_POINT ( 'NONE',  ( 3.727336782194030600, 2.788265657912935700, 1.500000000000000000 ) ) ;
#366 = EDGE_LOOP ( 'NONE', ( #1922, #1017, #664, #617, #540, #490 ) ) ;
#367 = ORIENTED_EDGE ( 'NONE', *, *, #6436, .T. ) ;
#368 = VECTOR ( 'NONE', #3606, 1000.000000000000000 ) ;
#369 = CARTESIAN_POINT ( 'NONE',  ( 5.000000000000000000, -0.6667235399341893100, 0.9430740636532518600 ) ) ;
#370 = PLANE ( 'NONE',  #811 ) ;
#371 = ADVANCED_FACE ( 'NONE', ( #7275 ), #327, .T. ) ;
#372 = ORIENTED_EDGE ( 'NONE', *, *, #3983, .F. ) ;
#373 = ORIENTED_EDGE ( 'NONE', *, *, #488, .F. ) ;
#374 = CARTESIAN_POINT ( 'NONE',  ( -4.000000000000000000, 0.5000000000000020000, -0.3000000000000001000 ) ) ;
#375 = LINE ( 'NONE', #2511, #291 ) ;
#376 = FACE_OUTER_BOUND ( 'NONE', #379, .T. ) ;
#377 = EDGE_CURVE ( 'NONE', #7570, #1176, #4595, .T. ) ;
#378 =( LENGTH_UNIT ( ) NAMED_UNIT ( * ) SI_UNIT ( .MILLI., .METRE. ) );
#379 = EDGE_LOOP ( 'NONE', ( #1627, #5613, #2398, #2713, #2158, #6057 ) ) ;
#380 = ORIENTED_EDGE ( 'NONE', *, *, #610, .T. ) ;
#381 = VERTEX_POINT ( 'NONE', #7638 ) ;
#382 = CARTESIAN_POINT ( 'NONE',  ( 2.285425446000000100, 2.344991815000000200, -0.5125227289999998400 ) ) ;
#383 = CARTESIAN_POINT ( 'NONE',  ( 6.550901125459059700, -0.3500000000000343900, -2.500000000000000000 ) ) ;
#384 = VERTEX_POINT ( 'NONE', #7405 ) ;
#385 = VECTOR ( 'NONE', #5350, 1000.000000000000000 ) ;
#386 = CARTESIAN_POINT ( 'NONE',  ( 3.765498581510129000, 2.591940221099159100, -0.4208712150000000800 ) ) ;
#387 = AXIS2_PLACEMENT_3D ( 'NONE', #1, #45, #93 ) ;
#388 = ORIENTED_EDGE ( 'NONE', *, *, #2699, .F. ) ;
#389 = FILL_AREA_STYLE_COLOUR ( '', #6229 ) ;
#390 =( BOUNDED_SURFACE ( )  B_SPLINE_SURFACE ( 3, 3, ( 
 ( #5153, #2239, #3986, #382 ),
 ( #4542, #978, #5182, #1614 ),
 ( #5776, #2272, #6370, #2841 ),
 ( #6932, #3420, #7555, #4004 ) ),
 .UNSPECIFIED., .F., .F., .T. ) 
 B_SPLINE_SURFACE_WITH_KNOTS ( ( 4, 4 ),
 ( 4, 4 ),
 ( 0.0000000000000000000, 1.000000000000000000 ),
 ( 0.0000000000000000000, 1.000000000000000000 ),
 .UNSPECIFIED. ) 
 GEOMETRIC_REPRESENTATION_ITEM ( )  RATIONAL_B_SPLINE_SURFACE ( (
 ( 1.000000000000000000, 0.3333333333333330400, 0.3333333333333330400, 1.000000000000000000),
 ( 0.8911066843560508900, 0.2970355614520170400, 0.2970355614520170400, 0.8911066843560508900),
 ( 0.8911066843560508900, 0.2970355614520170400, 0.2970355614520170400, 0.8911066843560508900),
 ( 1.000000000000000000, 0.3333333333333330400, 0.3333333333333330400, 1.000000000000000000) ) ) 
 REPRESENTATION_ITEM ( '' )  SURFACE ( )  );
#391 = CARTESIAN_POINT ( 'NONE',  ( -4.696454119109999300, 0.01994823333000000600, -2.367996417000001400 ) ) ;
#392 = CIRCLE ( 'NONE', #3589, 2.149999999999947500 ) ;
#393 = CARTESIAN_POINT ( 'NONE',  ( 5.099999999999999600, 0.0000000000000000000, -2.475000001333333100 ) ) ;
#394 = VECTOR ( 'NONE', #6137, 1000.000000000000000 ) ;
#395 = CARTESIAN_POINT ( 'NONE',  ( 0.6245095940000000600, 1.930457968000000500, 1.760722740999999900 ) ) ;
#396 = ORIENTED_EDGE ( 'NONE', *, *, #1197, .T. ) ;
#397 = EDGE_CURVE ( 'NONE', #6493, #4827, #4530, .T. ) ;
#398 = CARTESIAN_POINT ( 'NONE',  ( -3.849999999999999600, 6.349999999802587800, 0.0000000000000000000 ) ) ;
#399 = APPLICATION_CONTEXT ( 'automotive_design' ) ;
#400 = AXIS2_PLACEMENT_3D ( 'NONE', #241, #840, #5021 ) ;
#401 = LINE ( 'NONE', #4980, #779 ) ;
#402 = ADVANCED_FACE ( 'NONE', ( #4640 ), #3176, .T. ) ;
#403 = DIRECTION ( 'NONE',  ( 0.0000000000000000000, -1.000000000000000000, 0.0000000000000000000 ) ) ;
#404 = VECTOR ( 'NONE', #4153, 1000.000000000000000 ) ;
#405 = DIRECTION ( 'NONE',  ( -0.0000000000000000000, -0.0000000000000000000, -1.000000000000000000 ) ) ;
#406 = DIRECTION ( 'NONE',  ( -1.000000000000000000, 0.0000000000000000000, -0.0000000000000000000 ) ) ;
#407 = ORIENTED_EDGE ( 'NONE', *, *, #3534, .T. ) ;
#408 = CARTESIAN_POINT ( 'NONE',  ( -4.113518772962983400, -0.09665630190927289300, 2.408610885095185500 ) ) ;
#409 = CARTESIAN_POINT ( 'NONE',  ( 4.200000000000000200, 0.5000000000000004400, -0.3000000000000000400 ) ) ;
#410 = DIRECTION ( 'NONE',  ( 0.0000000000000000000, -0.0000000000000000000, -1.000000000000000000 ) ) ;
#411 = DIRECTION ( 'NONE',  ( -0.0000000000000000000, -0.0000000000000000000, -1.000000000000000000 ) ) ;
#412 = DIRECTION ( 'NONE',  ( 0.0000000000000000000, 0.0000000000000000000, 1.000000000000000000 ) ) ;
#413 = ORIENTED_EDGE ( 'NONE', *, *, #5077, .F. ) ;
#414 = AXIS2_PLACEMENT_3D ( 'NONE', #4800, #7256, #3701 ) ;
#415 = CARTESIAN_POINT ( 'NONE',  ( -4.543549711359999900, 1.841580251549999700, -2.213661436000001100 ) ) ;
#416 = PLANE ( 'NONE',  #4045 ) ;
#417 = ORIENTED_EDGE ( 'NONE', *, *, #5571, .T. ) ;
#418 = VECTOR ( 'NONE', #2444, 1000.000000000000000 ) ;
#419 = CARTESIAN_POINT ( 'NONE',  ( 6.550901125459059700, -0.3500000000000343900, -2.500000000000000000 ) ) ;
#420 = CARTESIAN_POINT ( 'NONE',  ( -4.971852858831420400, 0.9129293525189251500, 2.294890373010671300 ) ) ;
#421 = EDGE_CURVE ( 'NONE', #6719, #6947, #2947, .T. ) ;
#422 = CARTESIAN_POINT ( 'NONE',  ( 0.4938962749900001100, 2.162295275930000000, 1.768721556809999900 ) ) ;
#423 = EDGE_CURVE ( 'NONE', #687, #1039, #3607, .T. ) ;
#424 = ORIENTED_EDGE ( 'NONE', *, *, #4192, .F. ) ;
#425 = CARTESIAN_POINT ( 'NONE',  ( 6.550901125459059700, -0.4999999999999996700, -2.500000000000000000 ) ) ;
#426 = APPLICATION_PROTOCOL_DEFINITION ( 'draft international standard', 'automotive_design', 1998, #2835 ) ;
#427 = CIRCLE ( 'NONE', #7163, 0.8421720712301092900 ) ;
#428 = ORIENTED_EDGE ( 'NONE', *, *, #3572, .F. ) ;
#429 = DIRECTION ( 'NONE',  ( 1.000000000000000000, 0.0000000000000000000, 0.0000000000000000000 ) ) ;
#430 = AXIS2_PLACEMENT_3D ( 'NONE', #5753, #5377, #5348 ) ;
#431 = VECTOR ( 'NONE', #3818, 1000.000000000000000 ) ;
#432 = CARTESIAN_POINT ( 'NONE',  ( -4.000000000024043000, 0.0000000000000000000, -12.00000000000000000 ) ) ;
#433 = DIRECTION ( 'NONE',  ( 0.0000000000000000000, 1.301042606982604300E-016, 1.000000000000000000 ) ) ;
#434 = CARTESIAN_POINT ( 'NONE',  ( 1.974490116999999500, 2.600354284999999400, 0.4378679660000001100 ) ) ;
#435 = DIRECTION ( 'NONE',  ( -0.0000000000000000000, 1.000000000000000000, 0.0000000000000000000 ) ) ;
#436 = ORIENTED_EDGE ( 'NONE', *, *, #1969, .T. ) ;
#437 =( BOUNDED_CURVE ( )  B_SPLINE_CURVE ( 3, ( #1457, #1290, #2065, #2712 ),
 .UNSPECIFIED., .F., .F. ) 
 B_SPLINE_CURVE_WITH_KNOTS ( ( 4, 4 ),
 ( 1.114409060273411700E-014, 0.0007829554592633722300 ),
 .UNSPECIFIED. ) 
 CURVE ( )  GEOMETRIC_REPRESENTATION_ITEM ( )  RATIONAL_B_SPLINE_CURVE ( ( 0.9999999994407733400, 0.8047378536743340400, 0.8047378536743340400, 0.9999999994407733400 ) ) 
 REPRESENTATION_ITEM ( '' )  );
#438 = VERTEX_POINT ( 'NONE', #2131 ) ;
#439 = CARTESIAN_POINT ( 'NONE',  ( 1.734143558785336700, 2.146148969387678300, 0.2953817566008756200 ) ) ;
#440 = LINE ( 'NONE', #1586, #7631 ) ;
#441 = ORIENTED_EDGE ( 'NONE', *, *, #1971, .F. ) ;
#442 = ORIENTED_EDGE ( 'NONE', *, *, #4556, .F. ) ;
#443 = EDGE_CURVE ( 'NONE', #3827, #1531, #5945, .T. ) ;
#444 = CARTESIAN_POINT ( 'NONE',  ( -5.135115783999999900, 1.275327508000000600, -2.270521692000000400 ) ) ;
#445 = CARTESIAN_POINT ( 'NONE',  ( 4.500000000000002700, 0.5000000000000000000, -9.950000000416666900 ) ) ;
#446 = ORIENTED_EDGE ( 'NONE', *, *, #6862, .T. ) ;
#447 = ADVANCED_FACE ( 'NONE', ( #2298 ), #799, .T. ) ;
#448 = DIRECTION ( 'NONE',  ( 0.0000000000000000000, 1.000000000000000000, -3.614007241618347800E-016 ) ) ;
#449 = LINE ( 'NONE', #2290, #431 ) ;
#450 = SHAPE_REPRESENTATION ( 'DCJ235-05-01', ( #4775 ), #5596 ) ;
#451 = ORIENTED_EDGE ( 'NONE', *, *, #6815, .F. ) ;
#452 = CARTESIAN_POINT ( 'NONE',  ( 0.0000000000000000000, -3.500000000000000000, -0.5000000000000000000 ) ) ;
#453 = AXIS2_PLACEMENT_3D ( 'NONE', #4609, #6133, #4320 ) ;
#454 = CARTESIAN_POINT ( 'NONE',  ( -4.542694661214492900, 1.839231018816187100, -2.213661436042248200 ) ) ;
#455 = VERTEX_POINT ( 'NONE', #4475 ) ;
#456 = PRODUCT_CONTEXT ( 'NONE', #7546, 'mechanical' ) ;
#457 = EDGE_CURVE ( 'NONE', #7471, #5168, #2110, .T. ) ;
#458 = CARTESIAN_POINT ( 'NONE',  ( -3.500000000000000000, 1.399999999874999900, -3.799999999999999800 ) ) ;
#459 = VECTOR ( 'NONE', #4157, 1000.000000000000000 ) ;
#460 = DIRECTION ( 'NONE',  ( 0.9816271834477414700, 0.1908089953761459300, -0.0000000000000000000 ) ) ;
#461 = CIRCLE ( 'NONE', #5949, 0.5000000000000004400 ) ;
#462 =( NAMED_UNIT ( * ) SI_UNIT ( $, .STERADIAN. ) SOLID_ANGLE_UNIT ( ) );
#463 = CARTESIAN_POINT ( 'NONE',  ( -1.480000000000245600, -1.559519156663214300, -0.5000000000000000000 ) ) ;
#464 = EDGE_LOOP ( 'NONE', ( #1580, #4652, #1384, #2652 ) ) ;
#465 = AXIS2_PLACEMENT_3D ( 'NONE', #2774, #6298, #3945 ) ;
#466 = CARTESIAN_POINT ( 'NONE',  ( -3.000000002250000600, 1.000000000000000000, -0.5999999999999998700 ) ) ;
#467 = CARTESIAN_POINT ( 'NONE',  ( 4.599999999999999600, 0.0000000000000000000, 0.0000000000000000000 ) ) ;
#468 = CARTESIAN_POINT ( 'NONE',  ( 1.796451560000000800, 2.565747095999999500, 0.2564971159999999700 ) ) ;
#469 = CIRCLE ( 'NONE', #899, 1.030000000000000000 ) ;
#470 = CARTESIAN_POINT ( 'NONE',  ( 3.849999999999999600, 1.299999999561884100, 0.0000000000000000000 ) ) ;
#471 = FACE_OUTER_BOUND ( 'NONE', #5766, .T. ) ;
#472 = CARTESIAN_POINT ( 'NONE',  ( 3.000000000000000000, 3.949999999999999700, -9.950000000000001100 ) ) ;
#473 = VERTEX_POINT ( 'NONE', #4498 ) ;
#474 = VECTOR ( 'NONE', #6589, 1000.000000000000000 ) ;
#475 = CARTESIAN_POINT ( 'NONE',  ( -4.877963324000000400, 0.5650556420000001400, -2.327381948000001100 ) ) ;
#476 = LINE ( 'NONE', #3012, #25 ) ;
#477 = CARTESIAN_POINT ( 'NONE',  ( -1.053993055893202900, 3.109014564811852100, -1.914730707182850100 ) ) ;
#478 = DIRECTION ( 'NONE',  ( 0.0000000000000000000, 0.0000000000000000000, 1.000000000000000000 ) ) ;
#479 = B_SPLINE_SURFACE_WITH_KNOTS ( 'NONE', 1, 3, ( 
 ( #7625, #7007, #7038, #3505, #7652, #4105 ),
 ( #504, #4663, #1093, #5301, #1754, #5898 ),
 ( #2384, #6478, #2965, #7066, #3530, #7673 ) ),
 .UNSPECIFIED., .F., .F., .F.,
 ( 2, 1, 2 ),
 ( 4, 2, 4 ),
 ( -0.01000000000000000000, 0.0000000000000000000, 1.000000000000000000 ),
 ( 0.0000000000000000000, 0.5000000000000000000, 1.000000000000000000 ),
 .UNSPECIFIED. ) ;
#480 = CARTESIAN_POINT ( 'NONE',  ( -1.500000000044193100, -8.612348591679271700, 0.5004794788614548300 ) ) ;
#481 = ORIENTED_EDGE ( 'NONE', *, *, #7288, .F. ) ;
#482 =( GEOMETRIC_REPRESENTATION_CONTEXT ( 3 ) GLOBAL_UNCERTAINTY_ASSIGNED_CONTEXT ( ( #7221 ) ) GLOBAL_UNIT_ASSIGNED_CONTEXT ( ( #2180, #6283, #2753 ) ) REPRESENTATION_CONTEXT ( 'NONE', 'WORKASPACE' ) );
#483 = FACE_OUTER_BOUND ( 'NONE', #4242, .T. ) ;
#484 = VERTEX_POINT ( 'NONE', #3265 ) ;
#485 = AXIS2_PLACEMENT_3D ( 'NONE', #5004, #3517, #230 ) ;
#486 =( REPRESENTATION_RELATIONSHIP ('NONE','NONE', #4592, #7482 ) REPRESENTATION_RELATIONSHIP_WITH_TRANSFORMATION ( #4865 )SHAPE_REPRESENTATION_RELATIONSHIP( ) );
#487 = VERTEX_POINT ( 'NONE', #3360 ) ;
#488 = EDGE_CURVE ( 'NONE', #3255, #662, #1303, .T. ) ;
#489 = CARTESIAN_POINT ( 'NONE',  ( 0.9320838304787091300, -3.321130189397862400, 1.249791814578418600 ) ) ;
#490 = ORIENTED_EDGE ( 'NONE', *, *, #1553, .F. ) ;
#491 = EDGE_CURVE ( 'NONE', #2080, #6154, #1597, .T. ) ;
#492 = LINE ( 'NONE', #3064, #474 ) ;
#493 = DIRECTION ( 'NONE',  ( 1.000000000000000000, 0.0000000000000000000, 0.0000000000000000000 ) ) ;
#494 = ADVANCED_FACE ( 'NONE', ( #5235 ), #5606, .F. ) ;
#495 = PLANE ( 'NONE',  #5132 ) ;
#496 = VERTEX_POINT ( 'NONE', #2898 ) ;
#497 = CARTESIAN_POINT ( 'NONE',  ( 3.727336782174265600, 2.788265658033116400, 0.4999999995641522500 ) ) ;
#498 = CARTESIAN_POINT ( 'NONE',  ( -1.500000000000000000, 0.0000000000000000000, -12.00000000000000000 ) ) ;
#499 = CARTESIAN_POINT ( 'NONE',  ( -0.06711243309540375300, 2.155179590102307000, -1.808692119913264400 ) ) ;
#500 = CARTESIAN_POINT ( 'NONE',  ( 0.0000000000000000000, -3.500000000000000000, -0.5000000000000000000 ) ) ;
#501 = VERTEX_POINT ( 'NONE', #1705 ) ;
#502 = CARTESIAN_POINT ( 'NONE',  ( -4.315623415086599300, 0.1555289691506000200, -2.392365097999999500 ) ) ;
#503 = DIRECTION ( 'NONE',  ( 1.000000000000000000, 0.0000000000000000000, 0.0000000000000000000 ) ) ;
#504 = CARTESIAN_POINT ( 'NONE',  ( -1.192528579000000200, 3.058591758000000800, -1.924045491000000200 ) ) ;
#505 = DIRECTION ( 'NONE',  ( 0.0000000000000000000, -1.000000000000000000, 0.0000000000000000000 ) ) ;
#506 = EDGE_CURVE ( 'NONE', #6351, #5623, #440, .T. ) ;
#507 = EDGE_LOOP ( 'NONE', ( #3402, #3355, #251, #5639 ) ) ;
#508 = LINE ( 'NONE', #7071, #46 ) ;
#509 = CARTESIAN_POINT ( 'NONE',  ( 5.000000000000000000, 1.788374081995233100E-016, 1.150000000000000600 ) ) ;
#510 = AXIS2_PLACEMENT_3D ( 'NONE', #618, #6015, #2484 ) ;
#511 = DIRECTION ( 'NONE',  ( -0.1908089954601206700, 0.9816271834314185300, 0.0000000000000000000 ) ) ;
#512 = ORIENTED_EDGE ( 'NONE', *, *, #4880, .T. ) ;
#513 = VECTOR ( 'NONE', #1140, 1000.000000000000100 ) ;
#514 = CARTESIAN_POINT ( 'NONE',  ( 5.000000000000000900, 1.399999999999999900, 1.714505518806294400E-016 ) ) ;
#515 = CARTESIAN_POINT ( 'NONE',  ( 0.0000000000000000000, 6.349999999999999600, -1.470000000000000000 ) ) ;
#516 = CARTESIAN_POINT ( 'NONE',  ( -4.762108116789999500, 1.738745510810000100, 2.229907224000000200 ) ) ;
#517 = CARTESIAN_POINT ( 'NONE',  ( 1.796451560000000600, 2.565747095999999500, 0.0000000000000000000 ) ) ;
#518 = CARTESIAN_POINT ( 'NONE',  ( 0.0000000000000000000, 6.500000000000002700, -12.00000000000000000 ) ) ;
#519 = ORIENTED_EDGE ( 'NONE', *, *, #1249, .F. ) ;
#520 = CARTESIAN_POINT ( 'NONE',  ( -1.280000000000073100, -3.500000000000000000, 0.0000000000000000000 ) ) ;
#521 = ORIENTED_EDGE ( 'NONE', *, *, #5307, .T. ) ;
#522 = MECHANICAL_DESIGN_GEOMETRIC_PRESENTATION_REPRESENTATION (  '', ( #7465 ), #1622 ) ;
#523 = UNCERTAINTY_MEASURE_WITH_UNIT (LENGTH_MEASURE( 1.000000000000000100E-005 ), #4490, 'distance_accuracy_value', 'NONE');
#524 = CARTESIAN_POINT ( 'NONE',  ( -4.619285569372099300, 1.525260430331900000, -2.229907224000000200 ) ) ;
#525 = ORIENTED_EDGE ( 'NONE', *, *, #340, .F. ) ;
#526 = ADVANCED_FACE ( 'NONE', ( #7533 ), #4838, .T. ) ;
#527 = CYLINDRICAL_SURFACE ( 'NONE', #4162, 0.7500000000000001100 ) ;
#528 = VERTEX_POINT ( 'NONE', #1447 ) ;
#529 = DIRECTION ( 'NONE',  ( 0.0000000000000000000, 1.000000000000000000, 0.0000000000000000000 ) ) ;
#530 = EDGE_CURVE ( 'NONE', #5890, #5693, #7710, .T. ) ;
#531 = CARTESIAN_POINT ( 'NONE',  ( 0.6245095923593447800, 1.930457976069849900, -1.760722741057531500 ) ) ;
#532 = DIRECTION ( 'NONE',  ( -0.9816271834314184200, -0.1908089954601206500, 0.0000000000000000000 ) ) ;
#533 = ORIENTED_EDGE ( 'NONE', *, *, #173, .T. ) ;
#534 = EDGE_LOOP ( 'NONE', ( #436, #5088, #2785, #1588 ) ) ;
#535 = FACE_OUTER_BOUND ( 'NONE', #6563, .T. ) ;
#536 = DIRECTION ( 'NONE',  ( -9.962174560774483700E-017, 0.4067366430758052000, -0.9135454576425986500 ) ) ;
#537 = DIRECTION ( 'NONE',  ( -0.0000000000000000000, 1.000000000000000000, -0.0000000000000000000 ) ) ;
#538 = CARTESIAN_POINT ( 'NONE',  ( 0.2729938341020199900, -3.007006165897969700, -1.250000000000000400 ) ) ;
#539 = CARTESIAN_POINT ( 'NONE',  ( 8.800000000000089500, -6.529999999999971800, -1.850000000000000100 ) ) ;
#540 = ORIENTED_EDGE ( 'NONE', *, *, #4713, .T. ) ;
#541 = CARTESIAN_POINT ( 'NONE',  ( -0.4780032078700002200, 2.780923763949999700, -1.868632587000000000 ) ) ;
#542 = AXIS2_PLACEMENT_3D ( 'NONE', #6350, #5891, #4101 ) ;
#543 = ORIENTED_EDGE ( 'NONE', *, *, #41, .T. ) ;
#544 = CARTESIAN_POINT ( 'NONE',  ( -4.354841908339999200, -0.09831363906000004100, 2.392365097999999500 ) ) ;
#545 = EDGE_LOOP ( 'NONE', ( #3042, #3159, #3396, #4974, #5297 ) ) ;
#546 = EDGE_LOOP ( 'NONE', ( #6375, #6724, #3891, #3292 ) ) ;
#547 = DIRECTION ( 'NONE',  ( -0.0000000000000000000, -0.0000000000000000000, -1.000000000000000000 ) ) ;
#548 = ORIENTED_EDGE ( 'NONE', *, *, #5923, .T. ) ;
#549 = PLANE ( 'NONE',  #6541 ) ;
#550 = VERTEX_POINT ( 'NONE', #2212 ) ;
#551 = EDGE_CURVE ( 'NONE', #4142, #1867, #7269, .T. ) ;
#552 = CIRCLE ( 'NONE', #5547, 0.1499999995444208100 ) ;
#553 = DIRECTION ( 'NONE',  ( -0.0000000000000000000, 1.000000000000000000, 0.0000000000000000000 ) ) ;
#554 = PLANE ( 'NONE',  #7338 ) ;
#555 = VERTEX_POINT ( 'NONE', #1791 ) ;
#556 = CARTESIAN_POINT ( 'NONE',  ( 3.700000000000000200, 0.1500000000000000200, -2.299999999999999800 ) ) ;
#557 = CIRCLE ( 'NONE', #3637, 3.150000000000000400 ) ;
#558 = VECTOR ( 'NONE', #1778, 1000.000000000000000 ) ;
#559 = CIRCLE ( 'NONE', #3944, 0.1499999999999887000 ) ;
#560 = CARTESIAN_POINT ( 'NONE',  ( 0.3500000000000000300, -1.680384757729336500, 1.250000000000000000 ) ) ;
#561 = CARTESIAN_POINT ( 'NONE',  ( 3.999999999980766500, 0.3000000000269199000, -2.168404344971008900E-016 ) ) ;
#562 = ORIENTED_EDGE ( 'NONE', *, *, #3582, .T. ) ;
#563 = EDGE_CURVE ( 'NONE', #3649, #4722, #620, .T. ) ;
#564 = VECTOR ( 'NONE', #567, 1000.000000000000000 ) ;
#565 = DIRECTION ( 'NONE',  ( -0.0000000000000000000, -1.000000000000000000, 0.0000000000000000000 ) ) ;
#566 = LINE ( 'NONE', #556, #459 ) ;
#567 = DIRECTION ( 'NONE',  ( 0.0000000000000000000, -0.0000000000000000000, 1.000000000000000000 ) ) ;
#568 = ADVANCED_FACE ( 'NONE', ( #7413 ), #2799, .T. ) ;
#569 = DIRECTION ( 'NONE',  ( -0.9816271834477414700, -0.1908089953761459300, 0.0000000000000000000 ) ) ;
#570 = ORIENTED_EDGE ( 'NONE', *, *, #1337, .F. ) ;
#571 = LINE ( 'NONE', #2474, #5560 ) ;
#572 = AXIS2_PLACEMENT_3D ( 'NONE', #5964, #7134, #1812 ) ;
#573 = DIRECTION ( 'NONE',  ( -0.0000000000000000000, -1.000000000000000000, 0.0000000000000000000 ) ) ;
#574 = CARTESIAN_POINT ( 'NONE',  ( -5.103726259000000100, 0.4535613910000002000, 2.327381948000001100 ) ) ;
#575 = VERTEX_POINT ( 'NONE', #5730 ) ;
#576 = CARTESIAN_POINT ( 'NONE',  ( 4.199999999953851300, 10.50000000000000000, -1.011483575062332400E-015 ) ) ;
#577 = AXIS2_PLACEMENT_3D ( 'NONE', #5424, #3041, #6016 ) ;
#578 = PLANE ( 'NONE',  #6426 ) ;
#579 = EDGE_CURVE ( 'NONE', #3813, #455, #7068, .T. ) ;
#580 = EDGE_CURVE ( 'NONE', #2107, #1850, #7160, .T. ) ;
#581 = VERTEX_POINT ( 'NONE', #5862 ) ;
#582 = LINE ( 'NONE', #7108, #647 ) ;
#583 = CARTESIAN_POINT ( 'NONE',  ( 3.849999999999999600, 0.0000000000000000000, -1.470000000000000000 ) ) ;
#584 = CARTESIAN_POINT ( 'NONE',  ( 4.999999999999999100, 0.9430742145145928300, 0.6667233893419277600 ) ) ;
#585 = LINE ( 'NONE', #3566, #564 ) ;
#586 = ORIENTED_EDGE ( 'NONE', *, *, #4054, .T. ) ;
#587 = EDGE_LOOP ( 'NONE', ( #5896, #4916, #6026, #5048, #4103, #424 ) ) ;
#588 = CYLINDRICAL_SURFACE ( 'NONE', #3334, 0.5000000070079495500 ) ;
#589 = CARTESIAN_POINT ( 'NONE',  ( 0.1000000000000003700, -1.700000000000000200, 1.040949779275250100E-016 ) ) ;
#590 = EDGE_LOOP ( 'NONE', ( #714, #1636, #1701, #1793 ) ) ;
#591 = CARTESIAN_POINT ( 'NONE',  ( 3.775039031466472100, 2.542858862090672500, 0.6499999997081918900 ) ) ;
#592 = ADVANCED_FACE ( 'NONE', ( #7174 ), #6421, .T. ) ;
#593 = DIRECTION ( 'NONE',  ( -3.986037398843766400E-018, 1.000000000000000000, 0.0000000000000000000 ) ) ;
#594 = ADVANCED_FACE ( 'NONE', ( #2560 ), #2649, .F. ) ;
#595 = ORIENTED_EDGE ( 'NONE', *, *, #5118, .F. ) ;
#596 = CARTESIAN_POINT ( 'NONE',  ( 2.273976906932738500, 2.403889446515878000, 0.4208712150000003500 ) ) ;
#597 = CARTESIAN_POINT ( 'NONE',  ( 4.141495260502615800, 10.64134359416646400, -2.029359179743681000E-015 ) ) ;
#598 = CARTESIAN_POINT ( 'NONE',  ( 1.500000000000000200, 0.4000000003235831300, -7.099999999712370200 ) ) ;
#599 = DIRECTION ( 'NONE',  ( 1.000000000000000000, 0.0000000000000000000, 0.0000000000000000000 ) ) ;
#600 = CARTESIAN_POINT ( 'NONE',  ( -4.901505467999999900, 1.181380230000000000, 2.270521692000000400 ) ) ;
#601 = CYLINDRICAL_SURFACE ( 'NONE', #3759, 0.3500000000000000300 ) ;
#602 = ORIENTED_EDGE ( 'NONE', *, *, #2886, .F. ) ;
#603 = EDGE_CURVE ( 'NONE', #6189, #6858, #7524, .T. ) ;
#604 = DIRECTION ( 'NONE',  ( -0.0000000000000000000, 1.000000000000000000, -0.0000000000000000000 ) ) ;
#605 = DIRECTION ( 'NONE',  ( -0.0000000000000000000, -1.000000000000000000, 0.0000000000000000000 ) ) ;
#606 = CARTESIAN_POINT ( 'NONE',  ( 3.700000000462500000, 6.349999999999999600, -1.470000000000000000 ) ) ;
#607 = DIRECTION ( 'NONE',  ( -1.000000000000000000, 0.0000000000000000000, 0.0000000000000000000 ) ) ;
#608 = VECTOR ( 'NONE', #1849, 1000.000000000000000 ) ;
#609 = CARTESIAN_POINT ( 'NONE',  ( 3.727336782171862200, 2.788265658063975700, 0.3500000000000000300 ) ) ;
#610 = EDGE_CURVE ( 'NONE', #5026, #6681, #6673, .T. ) ;
#611 = CARTESIAN_POINT ( 'NONE',  ( -4.500000000000002700, 4.500000000000002700, -9.950000000766666000 ) ) ;
#612 = ORIENTED_EDGE ( 'NONE', *, *, #5990, .T. ) ;
#613 = DIRECTION ( 'NONE',  ( 1.000000000000000000, -1.192622389734144700E-013, 0.0000000000000000000 ) ) ;
#614 = DIRECTION ( 'NONE',  ( -0.0000000000000000000, 0.0000000000000000000, 1.000000000000000000 ) ) ;
#615 = DIRECTION ( 'NONE',  ( -0.1908089951912106100, 0.9816271834836892700, -0.0000000000000000000 ) ) ;
#616 = PRODUCT_DEFINITION_SHAPE ( 'NONE', 'NONE',  #7720 ) ;
#617 = ORIENTED_EDGE ( 'NONE', *, *, #1387, .F. ) ;
#618 = CARTESIAN_POINT ( 'NONE',  ( 6.550901125459059700, -0.3500000000000343900, -2.500000000000000000 ) ) ;
#619 = CARTESIAN_POINT ( 'NONE',  ( 5.000000000000000000, -1.150000000000000100, 4.553649124439118600E-015 ) ) ;
#620 = CIRCLE ( 'NONE', #5703, 0.7500000000000001100 ) ;
#621 = CARTESIAN_POINT ( 'NONE',  ( -4.456326024136400200, 1.601935141134500400, 2.213661436000001100 ) ) ;
#622 = CARTESIAN_POINT ( 'NONE',  ( 0.1000000000000003700, 0.0000000000000000000, -1.040949779275250300E-016 ) ) ;
#623 = CARTESIAN_POINT ( 'NONE',  ( 0.7000000000000000700, 1.040949779275250100E-016, 1.700000000000000000 ) ) ;
#624 = ADVANCED_FACE ( 'NONE', ( #5024 ), #2523, .F. ) ;
#625 = VERTEX_POINT ( 'NONE', #212 ) ;
#626 = ADVANCED_FACE ( 'NONE', ( #3183 ), #7257, .T. ) ;
#627 = STYLED_ITEM ( 'NONE', ( #3090 ), #1670 ) ;
#628 = CARTESIAN_POINT ( 'NONE',  ( -1.575000000000000000, 0.1500000000000000200, -2.299999999999999800 ) ) ;
#629 = ORIENTED_EDGE ( 'NONE', *, *, #4534, .F. ) ;
#630 = ORIENTED_EDGE ( 'NONE', *, *, #4100, .T. ) ;
#631 = CARTESIAN_POINT ( 'NONE',  ( 0.1157259949902911900, 2.325679183010411800, -1.891056179000000200 ) ) ;
#632 = CARTESIAN_POINT ( 'NONE',  ( 1.575000000000000000, 6.349999999999999600, -1.470000000000000000 ) ) ;
#633 = EDGE_CURVE ( 'NONE', #5364, #3680, #3829, .T. ) ;
#634 = CARTESIAN_POINT ( 'NONE',  ( 8.650000000000101600, -0.6499999999999889200, -2.500000000000000000 ) ) ;
#635 = ORIENTED_EDGE ( 'NONE', *, *, #5002, .T. ) ;
#636 = PLANE ( 'NONE',  #2250 ) ;
#637 = ORIENTED_EDGE ( 'NONE', *, *, #2832, .F. ) ;
#638 = CARTESIAN_POINT ( 'NONE',  ( 3.775039031272218600, 2.542858862052914200, 1.499999999997061200 ) ) ;
#639 = DIRECTION ( 'NONE',  ( 0.0000000000000000000, 0.0000000000000000000, 1.000000000000000000 ) ) ;
#640 = ORIENTED_EDGE ( 'NONE', *, *, #3506, .T. ) ;
#641 = CARTESIAN_POINT ( 'NONE',  ( -0.6367956832490857500, 2.766090098155093100, -1.877868070867952900 ) ) ;
#642 = CARTESIAN_POINT ( 'NONE',  ( -4.570333228308899500, 0.2437063185867001100, 2.367996417000001400 ) ) ;
#643 = VECTOR ( 'NONE', #7081, 1000.000000000000000 ) ;
#644 = B_SPLINE_CURVE_WITH_KNOTS ( 'NONE', 3,
 ( #2653, #7382, #4399, #824 ),
 .UNSPECIFIED., .F., .F.,
 ( 4, 4 ),
 ( 0.0000000000000000000, 1.000000000000000000 ),
 .UNSPECIFIED. ) ;
#645 = CARTESIAN_POINT ( 'NONE',  ( 0.0000000000000000000, 6.500000000000002700, -12.00000000000000000 ) ) ;
#646 = ORIENTED_EDGE ( 'NONE', *, *, #5332, .T. ) ;
#647 = VECTOR ( 'NONE', #2420, 1000.000000000000000 ) ;
#648 = EDGE_CURVE ( 'NONE', #1558, #2423, #5526, .T. ) ;
#649 = CARTESIAN_POINT ( 'NONE',  ( -4.141440796791520100, 10.64140288016495000, -5.400422769150636600E-016 ) ) ;
#650 = CARTESIAN_POINT ( 'NONE',  ( -3.849999999999999600, 6.349999999605175900, -1.399999999999999900 ) ) ;
#651 = VECTOR ( 'NONE', #3556, 1000.000000000000200 ) ;
#652 = LINE ( 'NONE', #1108, #643 ) ;
#653 = VERTEX_POINT ( 'NONE', #1974 ) ;
#654 = AXIS2_PLACEMENT_3D ( 'NONE', #3456, #4606, #1044 ) ;
#655 = CARTESIAN_POINT ( 'NONE',  ( 0.7000000000000004000, 1.040949779275250300E-016, 1.600000000000000100 ) ) ;
#656 = VECTOR ( 'NONE', #4674, 1000.000000000000000 ) ;
#657 = DIRECTION ( 'NONE',  ( 1.000000000000000000, 2.863930266942840100E-015, 0.0000000000000000000 ) ) ;
#658 = ADVANCED_FACE ( 'NONE', ( #5485 ), #4823, .T. ) ;
#659 = DIRECTION ( 'NONE',  ( -0.0000000000000000000, -0.0000000000000000000, -1.000000000000000000 ) ) ;
#660 = ADVANCED_FACE ( 'NONE', ( #1057 ), #6735, .F. ) ;
#661 = CARTESIAN_POINT ( 'NONE',  ( -4.598451354725917800, -0.04881033968174131000, -2.376119310260541800 ) ) ;
#662 = VERTEX_POINT ( 'NONE', #4129 ) ;
#663 = CARTESIAN_POINT ( 'NONE',  ( 3.799999999955616700, 1.084202172485504400E-016, 0.0000000000000000000 ) ) ;
#664 = ORIENTED_EDGE ( 'NONE', *, *, #6581, .T. ) ;
#665 = FACE_OUTER_BOUND ( 'NONE', #1625, .T. ) ;
#666 = VECTOR ( 'NONE', #1700, 1000.000000000000000 ) ;
#667 = CARTESIAN_POINT ( 'NONE',  ( -3.749999442914653300E-010, -3.794707603699265500E-016, -1.250000000187500500 ) ) ;
#668 = ORIENTED_EDGE ( 'NONE', *, *, #5312, .F. ) ;
#669 = AXIS2_PLACEMENT_3D ( 'NONE', #5431, #59, #4236 ) ;
#670 = DIRECTION ( 'NONE',  ( 0.0000000000000000000, 0.0000000000000000000, 1.000000000000000000 ) ) ;
#671 = CARTESIAN_POINT ( 'NONE',  ( 3.727336782571766300, 2.788265658143206600, -0.3500000000000000300 ) ) ;
#672 = FACE_OUTER_BOUND ( 'NONE', #7399, .T. ) ;
#673 = ORIENTED_EDGE ( 'NONE', *, *, #1470, .T. ) ;
#674 = LINE ( 'NONE', #1106, #656 ) ;
#675 = ORIENTED_EDGE ( 'NONE', *, *, #1261, .F. ) ;
#676 = EDGE_CURVE ( 'NONE', #351, #7531, #7435, .T. ) ;
#677 = VERTEX_POINT ( 'NONE', #2986 ) ;
#678 = EDGE_CURVE ( 'NONE', #2135, #2409, #4173, .T. ) ;
#679 = CARTESIAN_POINT ( 'NONE',  ( -4.000000000044867200, 10.70000000000673500, -2.525420543074166400E-016 ) ) ;
#680 = DIRECTION ( 'NONE',  ( 0.0000000000000000000, -0.6000000000000004200, -0.7999999999999997100 ) ) ;
#681 = CARTESIAN_POINT ( 'NONE',  ( 6.133787368051004700, 6.776263578034402700E-018, -2.500000000000000000 ) ) ;
#682 =( NAMED_UNIT ( * ) SI_UNIT ( $, .STERADIAN. ) SOLID_ANGLE_UNIT ( ) );
#683 = CARTESIAN_POINT ( 'NONE',  ( -4.000000000000000000, 0.5000000000000000000, -0.2999999999999999300 ) ) ;
#684 = ORIENTED_EDGE ( 'NONE', *, *, #7378, .T. ) ;
#685 = DIRECTION ( 'NONE',  ( 1.000000000000000000, -0.0000000000000000000, -0.0000000000000000000 ) ) ;
#686 = CARTESIAN_POINT ( 'NONE',  ( 2.326828918379970600E-018, -0.01900000000000000000, -0.5000000000000000000 ) ) ;
#687 = VERTEX_POINT ( 'NONE', #4746 ) ;
#688 = ORIENTED_EDGE ( 'NONE', *, *, #4515, .T. ) ;
#689 = CARTESIAN_POINT ( 'NONE',  ( -1.499999999999997800, -8.097554348928351700, 0.3881447524162094900 ) ) ;
#690 = FACE_OUTER_BOUND ( 'NONE', #7304, .T. ) ;
#691 = EDGE_LOOP ( 'NONE', ( #6543, #732 ) ) ;
#692 = DIRECTION ( 'NONE',  ( -0.8948067165292168400, 0.4464537378656401300, -0.0000000000000000000 ) ) ;
#693 = DIRECTION ( 'NONE',  ( -1.000000000000000000, 0.0000000000000000000, 0.0000000000000000000 ) ) ;
#694 = ORIENTED_EDGE ( 'NONE', *, *, #7153, .T. ) ;
#695 = ORIENTED_EDGE ( 'NONE', *, *, #4085, .T. ) ;
#696 = EDGE_CURVE ( 'NONE', #6151, #1354, #7517, .T. ) ;
#697 = CARTESIAN_POINT ( 'NONE',  ( 4.500000000000002700, 6.500000000000002700, -3.299999999999999800 ) ) ;
#698 = ADVANCED_FACE ( 'NONE', ( #4986 ), #780, .F. ) ;
#699 = ORIENTED_EDGE ( 'NONE', *, *, #355, .T. ) ;
#700 = ADVANCED_FACE ( 'NONE', ( #4801 ), #1353, .F. ) ;
#701 = LINE ( 'NONE', #6491, #836 ) ;
#702 = VECTOR ( 'NONE', #4219, 1000.000000000000100 ) ;
#703 = CARTESIAN_POINT ( 'NONE',  ( 1.499999999999999600, 0.0000000000000000000, -0.3000000000000000400 ) ) ;
#704 = ORIENTED_EDGE ( 'NONE', *, *, #6682, .T. ) ;
#705 = CARTESIAN_POINT ( 'NONE',  ( -0.6367956832205591300, 2.766090098133542800, 1.877868071012174500 ) ) ;
#706 = EDGE_CURVE ( 'NONE', #6348, #6156, #1973, .T. ) ;
#707 = CARTESIAN_POINT ( 'NONE',  ( 3.000000000000000000, 3.949999999999999700, -12.00000000000000000 ) ) ;
#708 = ORIENTED_EDGE ( 'NONE', *, *, #7626, .F. ) ;
#709 = LINE ( 'NONE', #3245, #361 ) ;
#710 = AXIS2_PLACEMENT_3D ( 'NONE', #5780, #2277, #6372 ) ;
#711 = DIRECTION ( 'NONE',  ( 0.0000000000000000000, -0.0000000000000000000, 1.000000000000000000 ) ) ;
#712 = FACE_OUTER_BOUND ( 'NONE', #5383, .T. ) ;
#713 = DIRECTION ( 'NONE',  ( -0.0000000000000000000, 1.000000000000000000, 0.0000000000000000000 ) ) ;
#714 = ORIENTED_EDGE ( 'NONE', *, *, #2360, .T. ) ;
#715 = DIRECTION ( 'NONE',  ( 1.000000000000000000, 0.0000000000000000000, 0.0000000000000000000 ) ) ;
#716 = AXIS2_PLACEMENT_3D ( 'NONE', #3901, #5085, #1532 ) ;
#717 = VERTEX_POINT ( 'NONE', #3051 ) ;
#718 = VECTOR ( 'NONE', #1682, 1000.000000000000000 ) ;
#719 = EDGE_CURVE ( 'NONE', #5649, #5372, #2363, .T. ) ;
#720 = PLANE ( 'NONE',  #7057 ) ;
#721 = ORIENTED_EDGE ( 'NONE', *, *, #7247, .F. ) ;
#722 = PRODUCT_DEFINITION_SHAPE ( 'NONE', 'NONE',  #7677 ) ;
#723 = ORIENTED_EDGE ( 'NONE', *, *, #6363, .T. ) ;
#724 = CIRCLE ( 'NONE', #2601, 0.1000000000655268300 ) ;
#725 = VERTEX_POINT ( 'NONE', #3093 ) ;
#726 = DIRECTION ( 'NONE',  ( -0.7660444431190364100, -0.6427876096864698600, 0.0000000000000000000 ) ) ;
#727 = CARTESIAN_POINT ( 'NONE',  ( 0.9262027371683478900, -3.332917394539887600, -1.250000000000000400 ) ) ;
#728 = PRODUCT_DEFINITION ( '未知', '', #6335, #2784 ) ;
#729 = CARTESIAN_POINT ( 'NONE',  ( 4.599999999999999600, -4.592425496802575500E-017, 0.0000000000000000000 ) ) ;
#730 = EDGE_LOOP ( 'NONE', ( #5277, #3239, #3408, #238 ) ) ;
#731 = ORIENTED_EDGE ( 'NONE', *, *, #6606, .F. ) ;
#732 = ORIENTED_EDGE ( 'NONE', *, *, #3006, .T. ) ;
#733 = CARTESIAN_POINT ( 'NONE',  ( 1.499999999999999600, 0.0000000000000000000, -7.099999998589516400 ) ) ;
#734 = EDGE_CURVE ( 'NONE', #4710, #5649, #5745, .T. ) ;
#735 = DIRECTION ( 'NONE',  ( -0.0000000000000000000, 0.0000000000000000000, -1.000000000000000000 ) ) ;
#736 = VECTOR ( 'NONE', #5960, 1000.000000000000100 ) ;
#737 = CARTESIAN_POINT ( 'NONE',  ( 3.849999999999999600, 6.349999999999999600, -1.470000000000000000 ) ) ;
#738 = LINE ( 'NONE', #541, #513 ) ;
#739 = ADVANCED_FACE ( 'NONE', ( #4183 ), #63, .F. ) ;
#740 = EDGE_CURVE ( 'NONE', #4334, #5059, #6734, .T. ) ;
#741 = ORIENTED_EDGE ( 'NONE', *, *, #3119, .F. ) ;
#742 = DIRECTION ( 'NONE',  ( 0.0000000000000000000, -0.0000000000000000000, -1.000000000000000000 ) ) ;
#743 = CARTESIAN_POINT ( 'NONE',  ( 3.999999999992306600, 10.69999999999999900, -0.3000000000000000400 ) ) ;
#744 = EDGE_CURVE ( 'NONE', #2603, #4579, #7129, .T. ) ;
#745 = VECTOR ( 'NONE', #4675, 1000.000000000000000 ) ;
#746 = PLANE ( 'NONE',  #4970 ) ;
#747 = ORIENTED_EDGE ( 'NONE', *, *, #5696, .T. ) ;
#748 = ORIENTED_EDGE ( 'NONE', *, *, #4925, .F. ) ;
#749 = VECTOR ( 'NONE', #6465, 1000.000000000000000 ) ;
#750 = B_SPLINE_CURVE_WITH_KNOTS ( 'NONE', 3,
 ( #2174, #2743, #3912, #312, #4485, #912 ),
 .UNSPECIFIED., .F., .F.,
 ( 4, 2, 4 ),
 ( 0.0000000000000000000, 0.5000000000000000000, 1.000000000000000000 ),
 .UNSPECIFIED. ) ;
#751 = DIRECTION ( 'NONE',  ( -1.000000000000000000, 0.0000000000000000000, -0.0000000000000000000 ) ) ;
#752 = LINE ( 'NONE', #6501, #1022 ) ;
#753 = EDGE_LOOP ( 'NONE', ( #3110, #5404, #3760, #7432, #6054, #11 ) ) ;
#754 = ORIENTED_EDGE ( 'NONE', *, *, #7227, .T. ) ;
#755 = EDGE_CURVE ( 'NONE', #4008, #203, #4979, .T. ) ;
#756 = CARTESIAN_POINT ( 'NONE',  ( 4.000000000000000000, 0.5000000000000000000, -12.00000000000000000 ) ) ;
#757 = CARTESIAN_POINT ( 'NONE',  ( -1.680000000000063700, -4.456579543088778900, 0.0000000000000000000 ) ) ;
#758 = DIRECTION ( 'NONE',  ( 0.9968356693211867200, 0.0000000000000000000, 0.07948992621069413100 ) ) ;
#759 = LINE ( 'NONE', #2953, #749 ) ;
#760 = DIRECTION ( 'NONE',  ( 0.0000000000000000000, 0.0000000000000000000, 1.000000000000000000 ) ) ;
#761 = CARTESIAN_POINT ( 'NONE',  ( 1.689820377376628000, 2.137533415687711300, -0.2112649774588939700 ) ) ;
#762 = ORIENTED_EDGE ( 'NONE', *, *, #4711, .F. ) ;
#763 = UNCERTAINTY_MEASURE_WITH_UNIT (LENGTH_MEASURE( 1.000000000000000100E-005 ), #378, 'distance_accuracy_value', 'NONE');
#764 = CARTESIAN_POINT ( 'NONE',  ( 5.000000000000000900, -0.7012974296010484600, -0.9248487111951414500 ) ) ;
#765 = ORIENTED_EDGE ( 'NONE', *, *, #113, .T. ) ;
#766 = CYLINDRICAL_SURFACE ( 'NONE', #5932, 1.700000000000000000 ) ;
#767 = LINE ( 'NONE', #5881, #666 ) ;
#768 = CARTESIAN_POINT ( 'NONE',  ( 0.0000000000000000000, -0.4999999999999996700, -0.5000000000000000000 ) ) ;
#769 = ORIENTED_EDGE ( 'NONE', *, *, #98, .T. ) ;
#770 = CARTESIAN_POINT ( 'NONE',  ( -3.000000000000000000, 0.2500000000000000000, -3.500000000000000000 ) ) ;
#771 = CARTESIAN_POINT ( 'NONE',  ( 1.500000000000000000, -4.456579543088778900, -0.5000000000000000000 ) ) ;
#772 = ORIENTED_EDGE ( 'NONE', *, *, #377, .F. ) ;
#773 = AXIS2_PLACEMENT_3D ( 'NONE', #3707, #1344, #5536 ) ;
#774 = ADVANCED_FACE ( 'NONE', ( #6582 ), #7253, .F. ) ;
#775 = CARTESIAN_POINT ( 'NONE',  ( 1.924378180477782900, 2.335934338271986800, 0.2249001250507505500 ) ) ;
#776 = EDGE_CURVE ( 'NONE', #1596, #3543, #4189, .T. ) ;
#777 = ORIENTED_EDGE ( 'NONE', *, *, #4712, .T. ) ;
#778 = CARTESIAN_POINT ( 'NONE',  ( 3.700000000000000200, 0.1500000000000000200, -2.299999999999999800 ) ) ;
#779 = VECTOR ( 'NONE', #6649, 1000.000000000000000 ) ;
#780 = PLANE ( 'NONE',  #4725 ) ;
#781 =( NAMED_UNIT ( * ) PLANE_ANGLE_UNIT ( ) SI_UNIT ( $, .RADIAN. ) );
#782 = VECTOR ( 'NONE', #5226, 1000.000000000000000 ) ;
#783 = CARTESIAN_POINT ( 'NONE',  ( 1.664414063476610900, 2.132594928540198200, 0.05361908298591370300 ) ) ;
#784 = EDGE_CURVE ( 'NONE', #7516, #1184, #401, .T. ) ;
#785 = ORIENTED_EDGE ( 'NONE', *, *, #6248, .F. ) ;
#786 = VERTEX_POINT ( 'NONE', #1394 ) ;
#787 = AXIS2_PLACEMENT_3D ( 'NONE', #1238, #1263, #1345 ) ;
#788 = CARTESIAN_POINT ( 'NONE',  ( 6.550901125459059700, -6.779999999999970900, -2.500000000000000000 ) ) ;
#789 = CARTESIAN_POINT ( 'NONE',  ( -4.000000000028851600, 0.3000000000115372600, 0.0000000000000000000 ) ) ;
#790 = DIRECTION ( 'NONE',  ( 0.0000000000000000000, 0.0000000000000000000, 1.000000000000000000 ) ) ;
#791 = ORIENTED_EDGE ( 'NONE', *, *, #1638, .T. ) ;
#792 = ORIENTED_EDGE ( 'NONE', *, *, #1310, .T. ) ;
#793 = CARTESIAN_POINT ( 'NONE',  ( -1.680000000000063700, -7.161999999999991000, -0.5000000000000000000 ) ) ;
#794 = ORIENTED_EDGE ( 'NONE', *, *, #7511, .F. ) ;
#795 = EDGE_CURVE ( 'NONE', #3622, #6171, #5786, .T. ) ;
#796 = B_SPLINE_CURVE_WITH_KNOTS ( 'NONE', 3,
 ( #4807, #5662, #3200, #3941 ),
 .UNSPECIFIED., .F., .F.,
 ( 4, 4 ),
 ( 0.0000000000000000000, 1.000000000000000000 ),
 .UNSPECIFIED. ) ;
#797 = DIRECTION ( 'NONE',  ( 0.0000000000000000000, -3.097720492815726700E-016, -1.000000000000000000 ) ) ;
#798 = ORIENTED_EDGE ( 'NONE', *, *, #3522, .T. ) ;
#799 = TOROIDAL_SURFACE ( 'NONE', #1727, 1.150000000000000800, 0.4000000000000005200 ) ;
#800 = CARTESIAN_POINT ( 'NONE',  ( 2.014061656226345100, 2.353367040020461600, -0.3272679875140107600 ) ) ;
#801 = DIRECTION ( 'NONE',  ( -0.0000000000000000000, -0.0000000000000000000, -1.000000000000000000 ) ) ;
#802 = CARTESIAN_POINT ( 'NONE',  ( 2.326828918379970600E-018, -0.01900000000000000000, -2.882022329970921300 ) ) ;
#803 = VERTEX_POINT ( 'NONE', #2433 ) ;
#804 = FACE_OUTER_BOUND ( 'NONE', #4733, .T. ) ;
#805 = DIRECTION ( 'NONE',  ( 0.0000000000000000000, -0.0000000000000000000, 1.000000000000000000 ) ) ;
#806 = CARTESIAN_POINT ( 'NONE',  ( 2.226274657998998500, 2.649296242069125300, 0.3500000000134286800 ) ) ;
#807 = ADVANCED_FACE ( 'NONE', ( #154, #1195 ), #7306, .T. ) ;
#808 = ORIENTED_EDGE ( 'NONE', *, *, #1422, .F. ) ;
#809 = DIRECTION ( 'NONE',  ( 1.000000000000000000, -0.0000000000000000000, -0.0000000000000000000 ) ) ;
#810 = ORIENTED_EDGE ( 'NONE', *, *, #39, .T. ) ;
#811 = AXIS2_PLACEMENT_3D ( 'NONE', #4529, #1595, #5759 ) ;
#812 = ORIENTED_EDGE ( 'NONE', *, *, #1408, .F. ) ;
#813 = CARTESIAN_POINT ( 'NONE',  ( -4.141402865420817900, 0.3585591887934067600, 4.765391345937434200E-017 ) ) ;
#814 = CARTESIAN_POINT ( 'NONE',  ( 0.2466655180000000300, 2.217218023999999700, -1.792702327000000000 ) ) ;
#815 = AXIS2_PLACEMENT_3D ( 'NONE', #4901, #1339, #5531 ) ;
#816 = ORIENTED_EDGE ( 'NONE', *, *, #5578, .F. ) ;
#817 = PLANE ( 'NONE',  #5756 ) ;
#818 = EDGE_CURVE ( 'NONE', #3210, #7398, #5416, .T. ) ;
#819 = LINE ( 'NONE', #2251, #718 ) ;
#820 = LINE ( 'NONE', #531, #651 ) ;
#821 = EDGE_CURVE ( 'NONE', #1171, #6558, #7714, .T. ) ;
#822 = DIRECTION ( 'NONE',  ( -0.0000000000000000000, -1.000000000000000000, 0.0000000000000000000 ) ) ;
#823 = ORIENTED_EDGE ( 'NONE', *, *, #3057, .T. ) ;
#824 = CARTESIAN_POINT ( 'NONE',  ( -3.017431149015777200, -0.0007610587080913516200, -2.497991430326798900 ) ) ;
#825 = CARTESIAN_POINT ( 'NONE',  ( 2.254896007000000100, 2.502052164999999800, -0.5000000000000000000 ) ) ;
#826 = DIRECTION ( 'NONE',  ( 0.08065994279724975100, 0.007056830683291069600, 0.9967166973461676300 ) ) ;
#827 = CARTESIAN_POINT ( 'NONE',  ( 3.727336782188764200, 2.788265657824894600, 1.499999999999459500 ) ) ;
#828 = LINE ( 'NONE', #5930, #558 ) ;
#829 = LINE ( 'NONE', #7049, #745 ) ;
#830 = CARTESIAN_POINT ( 'NONE',  ( -1.499999999999998700, -7.161999999999989300, 0.2999999999999999300 ) ) ;
#831 = CARTESIAN_POINT ( 'NONE',  ( 1.480000000000019700, -3.500000000000000000, 0.0000000000000000000 ) ) ;
#832 = ORIENTED_EDGE ( 'NONE', *, *, #3091, .T. ) ;
#833 = CARTESIAN_POINT ( 'NONE',  ( -3.700000000000000200, 0.1499999997992249000, -1.470000000000000000 ) ) ;
#834 = CIRCLE ( 'NONE', #6266, 0.7299999999999998700 ) ;
#835 = CARTESIAN_POINT ( 'NONE',  ( 1.575000000000000000, 0.1500000000000000200, -1.399999999999999900 ) ) ;
#836 = VECTOR ( 'NONE', #3539, 1000.000000000000000 ) ;
#837 = CARTESIAN_POINT ( 'NONE',  ( 4.163062618158996900, 0.3830573504784175500, -5.111405223562025500E-007 ) ) ;
#838 = CARTESIAN_POINT ( 'NONE',  ( -4.200000000010776400, 0.4999999999871821400, 9.911923319166198100E-018 ) ) ;
#839 = ORIENTED_EDGE ( 'NONE', *, *, #1949, .T. ) ;
#840 = DIRECTION ( 'NONE',  ( -0.8948067165292168400, 0.4464537378656401900, 0.0000000000000000000 ) ) ;
#841 = CIRCLE ( 'NONE', #5491, 0.1499999995444208100 ) ;
#842 = EDGE_CURVE ( 'NONE', #1368, #653, #219, .T. ) ;
#843 = VECTOR ( 'NONE', #2385, 1000.000000000000000 ) ;
#844 = ORIENTED_EDGE ( 'NONE', *, *, #4474, .T. ) ;
#845 = CIRCLE ( 'NONE', #4268, 3.150000000000000400 ) ;
#846 = AXIS2_PLACEMENT_3D ( 'NONE', #655, #6607, #6955 ) ;
#847 = ADVANCED_FACE ( 'NONE', ( #7690, #7453 ), #3577, .T. ) ;
#848 = ORIENTED_EDGE ( 'NONE', *, *, #5220, .T. ) ;
#849 = ORIENTED_EDGE ( 'NONE', *, *, #3898, .T. ) ;
#850 = EDGE_CURVE ( 'NONE', #3056, #6681, #7443, .T. ) ;
#851 = DIRECTION ( 'NONE',  ( -0.0000000000000000000, -0.0000000000000000000, 1.000000000000000000 ) ) ;
#852 = CARTESIAN_POINT ( 'NONE',  ( 7.150000000000093600, -0.4999999999999997800, -0.5000000000000000000 ) ) ;
#853 = ADVANCED_BREP_SHAPE_REPRESENTATION ( '', ( #5223, #4775 ), #6237 ) ;
#854 = VERTEX_POINT ( 'NONE', #7704 ) ;
#855 = PLANE ( 'NONE',  #4374 ) ;
#856 = AXIS2_PLACEMENT_3D ( 'NONE', #4194, #607, #4776 ) ;
#857 = CARTESIAN_POINT ( 'NONE',  ( -2.433618704727591500, 4.500000000000002700, -0.5999999999999998700 ) ) ;
#858 = ORIENTED_EDGE ( 'NONE', *, *, #3951, .F. ) ;
#859 = VERTEX_POINT ( 'NONE', #1460 ) ;
#860 = CARTESIAN_POINT ( 'NONE',  ( -1.575000000000000000, 3.149999999999999900, -2.299999999999999800 ) ) ;
#861 = DIRECTION ( 'NONE',  ( 0.7660444431190222000, -0.6427876096864867400, 0.0000000000000000000 ) ) ;
#862 = AXIS2_PLACEMENT_3D ( 'NONE', #1029, #1606, #5228 ) ;
#863 = DIRECTION ( 'NONE',  ( 0.0000000000000000000, -0.0000000000000000000, 1.000000000000000000 ) ) ;
#864 = CARTESIAN_POINT ( 'NONE',  ( 4.112516257075363900, 0.3341868354175925300, -2.361249731755791200E-007 ) ) ;
#865 = CARTESIAN_POINT ( 'NONE',  ( 1.211609546929734800, -3.431153007962036500, -1.250000000000001300 ) ) ;
#866 = EDGE_CURVE ( 'NONE', #7162, #1011, #7347, .T. ) ;
#867 = CIRCLE ( 'NONE', #1256, 1.399999999999999900 ) ;
#868 = ORIENTED_EDGE ( 'NONE', *, *, #1603, .T. ) ;
#869 = SURFACE_STYLE_USAGE ( .BOTH. , #4437 ) ;
#870 = VECTOR ( 'NONE', #3476, 1000.000000000000000 ) ;
#871 = STYLED_ITEM ( 'NONE', ( #5389 ), #4180 ) ;
#872 = CARTESIAN_POINT ( 'NONE',  ( 4.000000000000000000, 6.500000000000002700, -3.299999999999999800 ) ) ;
#873 = DIRECTION ( 'NONE',  ( 1.000000000000000000, 0.0000000000000000000, 0.0000000000000000000 ) ) ;
#874 = EDGE_CURVE ( 'NONE', #3178, #2745, #7364, .T. ) ;
#875 = DIRECTION ( 'NONE',  ( -0.0000000000000000000, 0.0000000000000000000, -1.000000000000000000 ) ) ;
#876 = AXIS2_PLACEMENT_3D ( 'NONE', #5154, #5183, #5087 ) ;
#877 = EDGE_CURVE ( 'NONE', #7592, #5168, #7170, .T. ) ;
#878 = DIRECTION ( 'NONE',  ( -0.0000000000000000000, 1.000000000000000000, 0.0000000000000000000 ) ) ;
#879 = VERTEX_POINT ( 'NONE', #7158 ) ;
#880 = CARTESIAN_POINT ( 'NONE',  ( -1.280000000000073100, -3.500000000000000000, -0.5000000000000000000 ) ) ;
#881 = EDGE_CURVE ( 'NONE', #6332, #4757, #6957, .T. ) ;
#882 = CARTESIAN_POINT ( 'NONE',  ( 0.0000000000000000000, 0.0000000000000000000, -2.500000000000000000 ) ) ;
#883 = VECTOR ( 'NONE', #1762, 1000.000000000000000 ) ;
#884 = DIRECTION ( 'NONE',  ( 0.0000000000000000000, -0.0000000000000000000, 1.000000000000000000 ) ) ;
#885 = DIRECTION ( 'NONE',  ( 0.0000000000000000000, 1.000000000000000000, -6.195440985631453300E-016 ) ) ;
#886 = VERTEX_POINT ( 'NONE', #6742 ) ;
#887 = CARTESIAN_POINT ( 'NONE',  ( 6.550901125459059700, -0.3500000000000343900, -0.4999999999999991700 ) ) ;
#888 = ORIENTED_EDGE ( 'NONE', *, *, #7489, .T. ) ;
#889 = DIRECTION ( 'NONE',  ( 0.0000000000000000000, -1.000000000000000000, 0.0000000000000000000 ) ) ;
#890 = CARTESIAN_POINT ( 'NONE',  ( 1.575000000000000000, 0.1500000000000000200, -2.299999999999999800 ) ) ;
#891 = ORIENTED_EDGE ( 'NONE', *, *, #1047, .F. ) ;
#892 = FACE_OUTER_BOUND ( 'NONE', #4789, .T. ) ;
#893 =( LENGTH_UNIT ( ) NAMED_UNIT ( * ) SI_UNIT ( .MILLI., .METRE. ) );
#894 = EDGE_CURVE ( 'NONE', #4, #5373, #7074, .T. ) ;
#895 = DIRECTION ( 'NONE',  ( 0.0000000000000000000, 0.0000000000000000000, -1.000000000000000000 ) ) ;
#896 = ORIENTED_EDGE ( 'NONE', *, *, #6849, .F. ) ;
#897 = EDGE_LOOP ( 'NONE', ( #2933, #7060, #7173, #6106, #5415, #2733, #2916, #4012, #3852 ) ) ;
#898 = PLANE ( 'NONE',  #716 ) ;
#899 = AXIS2_PLACEMENT_3D ( 'NONE', #3104, #7241, #3692 ) ;
#900 = CARTESIAN_POINT ( 'NONE',  ( 0.9262027371683481100, -3.332917394539888000, -1.249375141688955800 ) ) ;
#901 = DIRECTION ( 'NONE',  ( 0.0000000000000000000, -1.000000000000000000, 0.0000000000000000000 ) ) ;
#902 = CARTESIAN_POINT ( 'NONE',  ( -1.107023542999999900, 2.823668602999999300, 1.924045491000000200 ) ) ;
#903 = ORIENTED_EDGE ( 'NONE', *, *, #5384, .T. ) ;
#904 = CARTESIAN_POINT ( 'NONE',  ( 4.999999999999998200, 1.110554372049134900, -0.3027855184219572200 ) ) ;
#905 = ORIENTED_EDGE ( 'NONE', *, *, #5274, .T. ) ;
#906 = CARTESIAN_POINT ( 'NONE',  ( 1.500000000140276200, -8.448230509904092900, -0.01432704593347331100 ) ) ;
#907 = CARTESIAN_POINT ( 'NONE',  ( 4.500000000000002700, 6.500000000000002700, -12.00000000000000200 ) ) ;
#908 = CARTESIAN_POINT ( 'NONE',  ( -0.3874981920000002400, 2.865321056000000400, 1.868632587000000000 ) ) ;
#909 = VECTOR ( 'NONE', #5788, 1000.000000000000000 ) ;
#910 = ORIENTED_EDGE ( 'NONE', *, *, #1249, .T. ) ;
#911 = DIRECTION ( 'NONE',  ( -1.000000000000000000, 0.0000000000000000000, 0.0000000000000000000 ) ) ;
#912 = CARTESIAN_POINT ( 'NONE',  ( -0.06711243305438797900, 2.155179590058323500, 1.808692119912290700 ) ) ;
#913 = ORIENTED_EDGE ( 'NONE', *, *, #7682, .T. ) ;
#914 = ORIENTED_EDGE ( 'NONE', *, *, #4599, .F. ) ;
#915 = VECTOR ( 'NONE', #4764, 1000.000000000000000 ) ;
#916 = FACE_OUTER_BOUND ( 'NONE', #1298, .T. ) ;
#917 = AXIS2_PLACEMENT_3D ( 'NONE', #452, #5826, #3457 ) ;
#918 = EDGE_LOOP ( 'NONE', ( #19, #7580, #3859, #2604 ) ) ;
#919 = EDGE_CURVE ( 'NONE', #3178, #1645, #6939, .T. ) ;
#920 = ORIENTED_EDGE ( 'NONE', *, *, #1993, .F. ) ;
#921 =( NAMED_UNIT ( * ) PLANE_ANGLE_UNIT ( ) SI_UNIT ( $, .RADIAN. ) );
#922 = DIRECTION ( 'NONE',  ( 1.000000000000000000, 0.0000000000000000000, 0.0000000000000000000 ) ) ;
#923 = FACE_OUTER_BOUND ( 'NONE', #4022, .T. ) ;
#924 = VECTOR ( 'NONE', #6466, 1000.000000000000000 ) ;
#925 = DIRECTION ( 'NONE',  ( 1.000000000000000000, -0.0000000000000000000, -0.0000000000000000000 ) ) ;
#926 = ORIENTED_EDGE ( 'NONE', *, *, #2030, .T. ) ;
#927 = DIRECTION ( 'NONE',  ( 1.000000000000000000, -0.0000000000000000000, -0.0000000000000000000 ) ) ;
#928 = FILL_AREA_STYLE_COLOUR ( '', #2600 ) ;
#929 = CARTESIAN_POINT ( 'NONE',  ( -1.015373251999999600, 2.857026581000001300, 1.914801985000000000 ) ) ;
#930 = CYLINDRICAL_SURFACE ( 'NONE', #2987, 0.4500000019999999000 ) ;
#931 = CARTESIAN_POINT ( 'NONE',  ( 4.999999999999999100, 0.1472710043516600200, -1.149738924802963700 ) ) ;
#932 = FILL_AREA_STYLE_COLOUR ( '', #6762 ) ;
#933 = CARTESIAN_POINT ( 'NONE',  ( 1.926841138662534100, 2.183605584515930300, -0.5253347520585102100 ) ) ;
#934 = EDGE_LOOP ( 'NONE', ( #4566, #3993, #356, #5751, #1964, #1512, #6597, #910 ) ) ;
#935 = PLANE ( 'NONE',  #6755 ) ;
#936 = PLANE ( 'NONE',  #2370 ) ;
#937 = ORIENTED_EDGE ( 'NONE', *, *, #7446, .T. ) ;
#938 = CARTESIAN_POINT ( 'NONE',  ( -3.999999999999994200, 10.50000000000000000, -0.3000000000000008800 ) ) ;
#939 = DIRECTION ( 'NONE',  ( -0.0000000000000000000, -0.0000000000000000000, -1.000000000000000000 ) ) ;
#940 = EDGE_LOOP ( 'NONE', ( #3532, #5829, #6193, #6060 ) ) ;
#941 = CARTESIAN_POINT ( 'NONE',  ( -1.500000000000000000, 0.0000000000000000000, -12.00000000000000000 ) ) ;
#942 = CARTESIAN_POINT ( 'NONE',  ( 0.1000000000000007400, 0.0000000000000000000, -1.040949779275250400E-016 ) ) ;
#943 = DIRECTION ( 'NONE',  ( -1.000000000000000000, 0.0000000000000000000, 0.0000000000000000000 ) ) ;
#944 = ORIENTED_EDGE ( 'NONE', *, *, #1399, .F. ) ;
#945 = EDGE_CURVE ( 'NONE', #5693, #1455, #6915, .T. ) ;
#946 = VERTEX_POINT ( 'NONE', #6634 ) ;
#947 = ORIENTED_EDGE ( 'NONE', *, *, #6328, .F. ) ;
#948 = DIRECTION ( 'NONE',  ( 1.000000000000000000, 0.0000000000000000000, 0.0000000000000000000 ) ) ;
#949 = ORIENTED_EDGE ( 'NONE', *, *, #2205, .F. ) ;
#950 = PRESENTATION_LAYER_ASSIGNMENT (  '', '', ( #1808 ) ) ;
#951 = CARTESIAN_POINT ( 'NONE',  ( -3.000000000000000000, 0.0000000000000000000, 2.499999999130000400 ) ) ;
#952 = CARTESIAN_POINT ( 'NONE',  ( 0.3500000000000000300, -0.3500000000179474000, -1.250000000000000200 ) ) ;
#953 = VERTEX_POINT ( 'NONE', #5963 ) ;
#954 = EDGE_CURVE ( 'NONE', #6284, #1795, #6847, .T. ) ;
#955 = CARTESIAN_POINT ( 'NONE',  ( -1.480000000000058800, -4.456579543088778900, 0.0000000000000000000 ) ) ;
#956 = CARTESIAN_POINT ( 'NONE',  ( -0.9140458530000001900, 2.862755931999999800, 1.905574523000000100 ) ) ;
#957 = CARTESIAN_POINT ( 'NONE',  ( 2.226274657781386300, 2.649296242561260100, -0.3500000000303775700 ) ) ;
#958 = FILL_AREA_STYLE ('',( #4525 ) ) ;
#959 = AXIS2_PLACEMENT_3D ( 'NONE', #4756, #1178, #5394 ) ;
#960 = ORIENTED_EDGE ( 'NONE', *, *, #5935, .F. ) ;
#961 = FACE_OUTER_BOUND ( 'NONE', #2366, .T. ) ;
#962 = VECTOR ( 'NONE', #5221, 1000.000000000000000 ) ;
#963 = ORIENTED_EDGE ( 'NONE', *, *, #2832, .T. ) ;
#964 = AXIS2_PLACEMENT_3D ( 'NONE', #1935, #6063, #2537 ) ;
#965 = CARTESIAN_POINT ( 'NONE',  ( 5.000000000000000000, -0.4959976350639490100, 1.037761492996797500 ) ) ;
#966 = EDGE_CURVE ( 'NONE', #4826, #4142, #7028, .T. ) ;
#967 = DIRECTION ( 'NONE',  ( -1.000000000000000000, 0.0000000000000000000, -0.0000000000000000000 ) ) ;
#968 = EDGE_CURVE ( 'NONE', #7488, #6424, #6818, .T. ) ;
#969 = DIRECTION ( 'NONE',  ( -0.1908089952948427100, 0.9816271834635452700, -0.0000000000000000000 ) ) ;
#970 = EDGE_CURVE ( 'NONE', #2742, #7167, #6866, .T. ) ;
#971 = ORIENTED_EDGE ( 'NONE', *, *, #7378, .F. ) ;
#972 = DIRECTION ( 'NONE',  ( -0.0000000000000000000, 0.0000000000000000000, 1.000000000000000000 ) ) ;
#973 =( NAMED_UNIT ( * ) SI_UNIT ( $, .STERADIAN. ) SOLID_ANGLE_UNIT ( ) );
#974 = CARTESIAN_POINT ( 'NONE',  ( -4.000000000072129900, 2.032879073410320800E-016, -0.2999999999980769700 ) ) ;
#975 = EDGE_LOOP ( 'NONE', ( #1576, #124, #5641, #5928 ) ) ;
#976 = ORIENTED_EDGE ( 'NONE', *, *, #39, .F. ) ;
#977 = CARTESIAN_POINT ( 'NONE',  ( -3.849999999999999600, 0.0000000000000000000, 4.349999999999999600 ) ) ;
#978 = CARTESIAN_POINT ( 'NONE',  ( 1.304226210999999600, 2.192524927000000000, 0.4961319479999998800 ) ) ;
#979 = DIRECTION ( 'NONE',  ( -1.000000000000000000, 1.156482317317871300E-015, -0.0000000000000000000 ) ) ;
#980 = EDGE_CURVE ( 'NONE', #5372, #3939, #6753, .T. ) ;
#981 = CARTESIAN_POINT ( 'NONE',  ( -0.7245357170000000800, 2.817258573999999300, 1.887103554999999900 ) ) ;
#982 = VERTEX_POINT ( 'NONE', #4963 ) ;
#983 = DIRECTION ( 'NONE',  ( 0.1908089953761494300, -0.9816271834477406900, -3.794707613768927500E-015 ) ) ;
#984 = DIRECTION ( 'NONE',  ( 1.000000000000000000, 0.0000000000000000000, 0.0000000000000000000 ) ) ;
#985 = SURFACE_SIDE_STYLE ('',( #6222 ) ) ;
#986 = DIRECTION ( 'NONE',  ( -1.000000000000000000, 0.0000000000000000000, 0.0000000000000000000 ) ) ;
#987 = FACE_OUTER_BOUND ( 'NONE', #2726, .T. ) ;
#988 = EDGE_CURVE ( 'NONE', #2971, #4142, #6687, .T. ) ;
#989 = CARTESIAN_POINT ( 'NONE',  ( -4.974513261420001200, 0.2509631383500000600, -2.343627736000000200 ) ) ;
#990 = PLANE ( 'NONE',  #1653 ) ;
#991 = ORIENTED_EDGE ( 'NONE', *, *, #6116, .F. ) ;
#992 = ADVANCED_FACE ( 'NONE', ( #6603, #6505, #6427 ), #4409, .T. ) ;
#993 = DIRECTION ( 'NONE',  ( 0.0000000000000000000, 1.000000000000000000, -0.0000000000000000000 ) ) ;
#994 = CARTESIAN_POINT ( 'NONE',  ( 0.3699833390000001900, 1.914284079000000200, 1.776712534000001000 ) ) ;
#995 = VERTEX_POINT ( 'NONE', #4368 ) ;
#996 = EDGE_LOOP ( 'NONE', ( #4773, #6278, #2831, #2811 ) ) ;
#997 = ORIENTED_EDGE ( 'NONE', *, *, #355, .F. ) ;
#998 = ORIENTED_EDGE ( 'NONE', *, *, #4000, .F. ) ;
#999 = CARTESIAN_POINT ( 'NONE',  ( 1.499959738403349800, -8.619337623938514900, 0.5005356623312255900 ) ) ;
#1000 = PRODUCT_CONTEXT ( 'NONE', #399, 'mechanical' ) ;
#1001 = EDGE_CURVE ( 'NONE', #4355, #342, #6389, .T. ) ;
#1002 = ORIENTED_EDGE ( 'NONE', *, *, #633, .F. ) ;
#1003 = CARTESIAN_POINT ( 'NONE',  ( 0.9262027371683481100, -3.332917394539888000, 1.249375141688955400 ) ) ;
#1004 = AXIS2_PLACEMENT_3D ( 'NONE', #3434, #7567, #4020 ) ;
#1005 = CARTESIAN_POINT ( 'NONE',  ( 1.747316416999999500, 2.492901251000000600, 0.2928932190000000400 ) ) ;
#1006 = VECTOR ( 'NONE', #2815, 1000.000000000000000 ) ;
#1007 = LINE ( 'NONE', #5900, #1319 ) ;
#1008 = CARTESIAN_POINT ( 'NONE',  ( -0.6368534140000005100, 2.766152008000001500, 1.877876093999999900 ) ) ;
#1009 = VECTOR ( 'NONE', #4647, 1000.000000000000000 ) ;
#1010 = DIRECTION ( 'NONE',  ( 0.0000000000000000000, 0.6000000001760005300, 0.7999999998679995200 ) ) ;
#1011 = VERTEX_POINT ( 'NONE', #3864 ) ;
#1012 = LINE ( 'NONE', #445, #1607 ) ;
#1013 = LINE ( 'NONE', #2954, #924 ) ;
#1014 = CARTESIAN_POINT ( 'NONE',  ( -4.233068726000000800, -0.1071155700000000200, -2.400486960999999900 ) ) ;
#1015 = SURFACE_SIDE_STYLE ('',( #3274 ) ) ;
#1016 = DIRECTION ( 'NONE',  ( 0.0000000000000000000, 0.0000000000000000000, 1.000000000000000000 ) ) ;
#1017 = ORIENTED_EDGE ( 'NONE', *, *, #4417, .T. ) ;
#1018 = CARTESIAN_POINT ( 'NONE',  ( -4.771647821872576900, 1.418079462598623500, 2.246153010819814000 ) ) ;
#1019 = CARTESIAN_POINT ( 'NONE',  ( 0.2478392046200000000, 2.219465325659999900, 1.792702327000000000 ) ) ;
#1020 = PRESENTATION_LAYER_ASSIGNMENT (  '', '', ( #627 ) ) ;
#1021 = DIRECTION ( 'NONE',  ( 1.000000000000000000, 0.0000000000000000000, 0.0000000000000000000 ) ) ;
#1022 = VECTOR ( 'NONE', #2990, 1000.000000000000000 ) ;
#1023 = CYLINDRICAL_SURFACE ( 'NONE', #4709, 1.000000000000000000 ) ;
#1024 = FACE_OUTER_BOUND ( 'NONE', #1589, .T. ) ;
#1025 = AXIS2_PLACEMENT_3D ( 'NONE', #515, #7611, #7245 ) ;
#1026 = CARTESIAN_POINT ( 'NONE',  ( -2.500000000000000000, 0.0000000000000000000, -3.500000000000000000 ) ) ;
#1027 = APPLICATION_CONTEXT ( 'automotive_design' ) ;
#1028 = VERTEX_POINT ( 'NONE', #4250 ) ;
#1029 = CARTESIAN_POINT ( 'NONE',  ( -4.200674516999999500, 0.8995383959999999600, -2.437514216000000300 ) ) ;
#1030 = EDGE_CURVE ( 'NONE', #5552, #1501, #6480, .T. ) ;
#1031 = ADVANCED_FACE ( 'NONE', ( #6295 ), #6206, .T. ) ;
#1032 = ORIENTED_EDGE ( 'NONE', *, *, #6821, .F. ) ;
#1033 = CARTESIAN_POINT ( 'NONE',  ( -1.483414613336321300, -8.626311989950869100, 0.0005356623312257119100 ) ) ;
#1034 = CARTESIAN_POINT ( 'NONE',  ( -0.5703366130000002700, 2.694821471000000000, 1.868632587000000000 ) ) ;
#1035 = ORIENTED_EDGE ( 'NONE', *, *, #4492, .F. ) ;
#1036 = VERTEX_POINT ( 'NONE', #3609 ) ;
#1037 = CARTESIAN_POINT ( 'NONE',  ( -4.500000000000002700, 4.500000000000002700, -9.950000000000001100 ) ) ;
#1038 = ORIENTED_EDGE ( 'NONE', *, *, #2019, .F. ) ;
#1039 = VERTEX_POINT ( 'NONE', #3687 ) ;
#1040 = CARTESIAN_POINT ( 'NONE',  ( -4.942851905000000400, 1.580398634000000000, -2.246153011000000100 ) ) ;
#1041 = VECTOR ( 'NONE', #5934, 1000.000000000000000 ) ;
#1042 = VERTEX_POINT ( 'NONE', #3733 ) ;
#1043 = ORIENTED_EDGE ( 'NONE', *, *, #821, .T. ) ;
#1044 = DIRECTION ( 'NONE',  ( 0.0000000000000000000, 0.0000000000000000000, -1.000000000000000000 ) ) ;
#1045 = DIRECTION ( 'NONE',  ( -0.0000000000000000000, 4.336808689942021700E-016, -1.000000000000000000 ) ) ;
#1046 = EDGE_LOOP ( 'NONE', ( #2876, #2955, #7298, #5732, #5247, #5269, #5419, #4868 ) ) ;
#1047 = EDGE_CURVE ( 'NONE', #123, #2717, #6162, .T. ) ;
#1048 = CARTESIAN_POINT ( 'NONE',  ( 2.226274657781386300, 2.649296242561260100, -0.3500000000303775700 ) ) ;
#1049 = CARTESIAN_POINT ( 'NONE',  ( 5.000000000000000000, 1.149999999999999700, -2.602085213965210600E-015 ) ) ;
#1050 = APPLICATION_PROTOCOL_DEFINITION ( 'draft international standard', 'automotive_design', 1998, #4612 ) ;
#1051 = AXIS2_PLACEMENT_3D ( 'NONE', #4080, #478, #4631 ) ;
#1052 = DIRECTION ( 'NONE',  ( 0.0000000000000000000, 1.000000000000000000, -0.0000000000000000000 ) ) ;
#1053 = DIRECTION ( 'NONE',  ( -0.1908089953761447600, 0.9816271834477418000, 0.0000000000000000000 ) ) ;
#1054 = DIRECTION ( 'NONE',  ( -0.0000000000000000000, -0.0000000000000000000, -1.000000000000000000 ) ) ;
#1055 = DIRECTION ( 'NONE',  ( 0.0000000000000000000, 0.0000000000000000000, 1.000000000000000000 ) ) ;
#1056 = CARTESIAN_POINT ( 'NONE',  ( -1.480000000000245600, -3.153589838486141200, -0.5000000000000000000 ) ) ;
#1057 = FACE_OUTER_BOUND ( 'NONE', #1487, .T. ) ;
#1058 = EDGE_LOOP ( 'NONE', ( #3980, #4059, #3363, #289 ) ) ;
#1059 = AXIS2_PLACEMENT_3D ( 'NONE', #1943, #6071, #2541 ) ;
#1060 = CARTESIAN_POINT ( 'NONE',  ( 4.599999999999999600, 0.0000000000000000000, 0.0000000000000000000 ) ) ;
#1061 = ORIENTED_EDGE ( 'NONE', *, *, #3288, .F. ) ;
#1062 = AXIS2_PLACEMENT_3D ( 'NONE', #6967, #4039, #433 ) ;
#1063 = CARTESIAN_POINT ( 'NONE',  ( -4.952374692000000200, 0.8250690190000004000, -2.303013267000000300 ) ) ;
#1064 = ORIENTED_EDGE ( 'NONE', *, *, #5036, .F. ) ;
#1065 = LINE ( 'NONE', #4091, #1009 ) ;
#1066 = ADVANCED_FACE ( 'NONE', ( #5986 ), #6251, .T. ) ;
#1067 = EDGE_CURVE ( 'NONE', #5193, #1011, #3184, .T. ) ;
#1068 = DIRECTION ( 'NONE',  ( -1.000000000000000000, 0.0000000000000000000, -0.0000000000000000000 ) ) ;
#1069 = EDGE_CURVE ( 'NONE', #2915, #3962, #5954, .T. ) ;
#1070 = CARTESIAN_POINT ( 'NONE',  ( 0.0000000000000000000, -6.529999999999971800, -1.250000000000000000 ) ) ;
#1071 = ORIENTED_EDGE ( 'NONE', *, *, #7682, .F. ) ;
#1072 = PLANE ( 'NONE',  #6319 ) ;
#1073 = CARTESIAN_POINT ( 'NONE',  ( -3.005817764353136300, 1.999701787258926900E-009, 2.499330476231147000 ) ) ;
#1074 = VECTOR ( 'NONE', #4638, 1000.000000000000100 ) ;
#1075 = ORIENTED_EDGE ( 'NONE', *, *, #2566, .F. ) ;
#1076 = DIRECTION ( 'NONE',  ( 0.0000000000000000000, 0.0000000000000000000, -1.000000000000000000 ) ) ;
#1077 = CARTESIAN_POINT ( 'NONE',  ( -1.192528576000000600, 3.058591752000000800, -2.240225374000000000 ) ) ;
#1078 = AXIS2_PLACEMENT_3D ( 'NONE', #1481, #1265, #885 ) ;
#1079 = CARTESIAN_POINT ( 'NONE',  ( -2.499999999999999600, 0.0000000000000000000, 3.500000000000000000 ) ) ;
#1080 = PLANE ( 'NONE',  #3893 ) ;
#1081 = EDGE_LOOP ( 'NONE', ( #4110, #3727, #3635, #3627, #3861, #3554 ) ) ;
#1082 = EDGE_LOOP ( 'NONE', ( #2706, #2150, #5999, #5135 ) ) ;
#1083 = PLANE ( 'NONE',  #7575 ) ;
#1084 = LINE ( 'NONE', #5191, #1189 ) ;
#1085 = ORIENTED_EDGE ( 'NONE', *, *, #4000, .T. ) ;
#1086 = EDGE_CURVE ( 'NONE', #4063, #4710, #6324, .T. ) ;
#1087 = EDGE_CURVE ( 'NONE', #1881, #1455, #6073, .T. ) ;
#1088 = CARTESIAN_POINT ( 'NONE',  ( -4.570333228308899500, 0.2437063185867001100, -2.367996417000001400 ) ) ;
#1089 = VECTOR ( 'NONE', #5365, 1000.000000000000000 ) ;
#1090 = ORIENTED_EDGE ( 'NONE', *, *, #2258, .F. ) ;
#1091 = ORIENTED_EDGE ( 'NONE', *, *, #1069, .T. ) ;
#1092 = CARTESIAN_POINT ( 'NONE',  ( 1.464760562105300400, -8.995843706914735400, 0.4590367044118441900 ) ) ;
#1093 = CARTESIAN_POINT ( 'NONE',  ( -0.9030620449999998700, 3.117222752000001800, -1.905574523000000100 ) ) ;
#1094 = LINE ( 'NONE', #4527, #870 ) ;
#1095 = EDGE_LOOP ( 'NONE', ( #5709, #1902 ) ) ;
#1096 = CARTESIAN_POINT ( 'NONE',  ( -3.000000000000000000, -0.2000000000000000100, -2.529999999999999800 ) ) ;
#1097 = AXIS2_PLACEMENT_3D ( 'NONE', #2304, #4097, #5865 ) ;
#1098 = CARTESIAN_POINT ( 'NONE',  ( 5.099999999999999600, 0.2500000000000000000, 3.500000000000000000 ) ) ;
#1099 = UNCERTAINTY_MEASURE_WITH_UNIT (LENGTH_MEASURE( 1.000000000000000100E-005 ), #6913, 'distance_accuracy_value', 'NONE');
#1100 = ORIENTED_EDGE ( 'NONE', *, *, #6594, .F. ) ;
#1101 = CARTESIAN_POINT ( 'NONE',  ( 0.0000000000000000000, -0.3500000000000000300, 1.250000001500000300 ) ) ;
#1102 = EDGE_CURVE ( 'NONE', #2450, #581, #5876, .T. ) ;
#1103 = EDGE_LOOP ( 'NONE', ( #4825, #6046, #5184, #3966 ) ) ;
#1104 = FACE_OUTER_BOUND ( 'NONE', #2481, .T. ) ;
#1105 = FACE_OUTER_BOUND ( 'NONE', #507, .T. ) ;
#1106 = CARTESIAN_POINT ( 'NONE',  ( 4.999999999999999100, 1.399999999999999900, 1.714505518806294400E-016 ) ) ;
#1107 = ADVANCED_FACE ( 'NONE', ( #5774 ), #1208, .T. ) ;
#1108 = CARTESIAN_POINT ( 'NONE',  ( 3.109248960358342600, -8.626311989950869100, 0.5005356623312253700 ) ) ;
#1109 = ORIENTED_EDGE ( 'NONE', *, *, #113, .F. ) ;
#1110 = ORIENTED_EDGE ( 'NONE', *, *, #1683, .T. ) ;
#1111 = AXIS2_PLACEMENT_3D ( 'NONE', #3423, #7558, #4009 ) ;
#1112 = CARTESIAN_POINT ( 'NONE',  ( 1.438997725559157500, -8.852465505236095200, -0.02444534840784981900 ) ) ;
#1113 = CARTESIAN_POINT ( 'NONE',  ( -5.021734296619999100, 1.487192296059999900, 2.254275905000001000 ) ) ;
#1114 = ORIENTED_EDGE ( 'NONE', *, *, #3857, .F. ) ;
#1115 = DIRECTION ( 'NONE',  ( 0.0000000000000000000, 0.0000000000000000000, -1.000000000000000000 ) ) ;
#1116 = LINE ( 'NONE', #3514, #883 ) ;
#1117 = AXIS2_PLACEMENT_3D ( 'NONE', #1611, #5773, #2269 ) ;
#1118 = ORIENTED_EDGE ( 'NONE', *, *, #4132, .T. ) ;
#1119 = EDGE_CURVE ( 'NONE', #4909, #4275, #5869, .T. ) ;
#1120 = PRESENTATION_STYLE_ASSIGNMENT (( #3466 ) ) ;
#1121 = EDGE_CURVE ( 'NONE', #6686, #2686, #5503, .T. ) ;
#1122 = CARTESIAN_POINT ( 'NONE',  ( -4.456326024136400200, 1.601935141134500400, -2.213661436000001100 ) ) ;
#1123 = ORIENTED_EDGE ( 'NONE', *, *, #5118, .T. ) ;
#1124 = LINE ( 'NONE', #425, #782 ) ;
#1125 = DIRECTION ( 'NONE',  ( -1.000000000000000000, 0.0000000000000000000, 0.0000000000000000000 ) ) ;
#1126 = EDGE_LOOP ( 'NONE', ( #5985, #4766, #6936, #3192 ) ) ;
#1127 = PRODUCT_DEFINITION ( '未知', '', #7130, #6121 ) ;
#1128 = SURFACE_STYLE_FILL_AREA ( #2891 ) ;
#1129 = AXIS2_PLACEMENT_3D ( 'NONE', #3647, #5295, #5355 ) ;
#1130 = DIRECTION ( 'NONE',  ( 0.0000000000000000000, 1.000000000000000000, -0.0000000000000000000 ) ) ;
#1131 = ORIENTED_EDGE ( 'NONE', *, *, #1567, .T. ) ;
#1132 = EDGE_CURVE ( 'NONE', #6445, #5984, #5588, .T. ) ;
#1133 = CARTESIAN_POINT ( 'NONE',  ( 0.1157259918938523300, 2.325679180113829200, 1.808692120000615600 ) ) ;
#1134 = CARTESIAN_POINT ( 'NONE',  ( 3.799999999999999400, 0.0000000000000000000, 0.0000000000000000000 ) ) ;
#1135 = ORIENTED_EDGE ( 'NONE', *, *, #6951, .F. ) ;
#1136 = LINE ( 'NONE', #4404, #1222 ) ;
#1137 = EDGE_CURVE ( 'NONE', #4195, #2958, #5436, .T. ) ;
#1138 = FACE_OUTER_BOUND ( 'NONE', #4201, .T. ) ;
#1139 = CARTESIAN_POINT ( 'NONE',  ( -1.490202345813435500, -8.813014112788161800, 0.4902861126980265200 ) ) ;
#1140 = DIRECTION ( 'NONE',  ( 0.7313537027577219400, 0.6819983588415515800, -0.0000000000000000000 ) ) ;
#1141 = ORIENTED_EDGE ( 'NONE', *, *, #5484, .T. ) ;
#1142 = CARTESIAN_POINT ( 'NONE',  ( -4.113300884639999200, -0.09914679175000003200, 2.408610884999999900 ) ) ;
#1143 = EDGE_LOOP ( 'NONE', ( #2303, #963, #3655, #5368 ) ) ;
#1144 = EDGE_CURVE ( 'NONE', #1271, #6872, #5612, .T. ) ;
#1145 = B_SPLINE_CURVE_WITH_KNOTS ( 'NONE', 3,
 ( #6845, #4471, #2210, #6309, #2792, #6881, #3357, #7497, #3959, #357 ),
 .UNSPECIFIED., .F., .F.,
 ( 4, 2, 2, 2, 4 ),
 ( 0.0000000000000000000, 0.2500000000000000000, 0.5000000000000000000, 0.7500000000000000000, 1.000000000000000000 ),
 .UNSPECIFIED. ) ;
#1146 = ORIENTED_EDGE ( 'NONE', *, *, #3057, .F. ) ;
#1147 = VERTEX_POINT ( 'NONE', #5779 ) ;
#1148 = ORIENTED_EDGE ( 'NONE', *, *, #3260, .T. ) ;
#1149 = ORIENTED_EDGE ( 'NONE', *, *, #3419, .T. ) ;
#1150 = DIRECTION ( 'NONE',  ( 0.9967415159504079400, 0.0000000000000000000, -0.08066195125883533800 ) ) ;
#1151 = DIRECTION ( 'NONE',  ( 1.000000000000000000, 0.0000000000000000000, 0.0000000000000000000 ) ) ;
#1152 = ADVANCED_FACE ( 'NONE', ( #5192 ), #7408, .T. ) ;
#1153 = DIRECTION ( 'NONE',  ( 1.000000000000000000, 0.0000000000000000000, 0.0000000000000000000 ) ) ;
#1154 = CARTESIAN_POINT ( 'NONE',  ( 0.7000000000000000700, 0.0000000000000000000, 0.0000000000000000000 ) ) ;
#1155 = EDGE_CURVE ( 'NONE', #2506, #4344, #5116, .T. ) ;
#1156 = DIRECTION ( 'NONE',  ( -0.6427876096864867400, -0.7660444431190222000, 0.0000000000000000000 ) ) ;
#1157 = CARTESIAN_POINT ( 'NONE',  ( 3.698715432999999400, 2.935509734999999700, -1.499999999998830900 ) ) ;
#1158 = CARTESIAN_POINT ( 'NONE',  ( -3.849999999999999600, 6.349999999999999600, -1.470000000000000000 ) ) ;
#1159 = CIRCLE ( 'NONE', #846, 0.09999999999999982500 ) ;
#1160 = CARTESIAN_POINT ( 'NONE',  ( 1.500000000000000200, -4.456579543088778900, 0.0000000000000000000 ) ) ;
#1161 = DIRECTION ( 'NONE',  ( 0.0000000000000000000, 0.0000000000000000000, 1.000000000000000000 ) ) ;
#1162 = CARTESIAN_POINT ( 'NONE',  ( -4.888750572999999400, 0.1640458540000001300, 2.351750628999999200 ) ) ;
#1163 = CYLINDRICAL_SURFACE ( 'NONE', #7505, 0.3000000000000000400 ) ;
#1164 = ORIENTED_EDGE ( 'NONE', *, *, #7678, .F. ) ;
#1165 = PLANE ( 'NONE',  #3146 ) ;
#1166 = ADVANCED_FACE ( 'NONE', ( #5388 ), #4917, .T. ) ;
#1167 = ORIENTED_EDGE ( 'NONE', *, *, #821, .F. ) ;
#1168 = ADVANCED_FACE ( 'NONE', ( #5138, #5008 ), #2354, .F. ) ;
#1169 = AXIS2_PLACEMENT_3D ( 'NONE', #830, #5010, #1454 ) ;
#1170 = CARTESIAN_POINT ( 'NONE',  ( 5.000000000000000000, 1.037761565733516900, 0.4959975624569647500 ) ) ;
#1171 = VERTEX_POINT ( 'NONE', #3392 ) ;
#1172 = EDGE_CURVE ( 'NONE', #7176, #6451, #2561, .T. ) ;
#1173 = DIRECTION ( 'NONE',  ( -9.962174560774483700E-017, 0.4067366430758052600, -0.9135454576425987600 ) ) ;
#1174 = FACE_OUTER_BOUND ( 'NONE', #1212, .T. ) ;
#1175 = ORIENTED_EDGE ( 'NONE', *, *, #5249, .F. ) ;
#1176 = VERTEX_POINT ( 'NONE', #7557 ) ;
#1177 = LINE ( 'NONE', #5241, #909 ) ;
#1178 = DIRECTION ( 'NONE',  ( 1.000000000000000000, 0.0000000000000000000, 0.0000000000000000000 ) ) ;
#1179 = EDGE_LOOP ( 'NONE', ( #5509, #3569, #3380, #4632 ) ) ;
#1180 = EDGE_CURVE ( 'NONE', #7147, #7132, #4837, .T. ) ;
#1181 = DIRECTION ( 'NONE',  ( 1.000000000000000000, -0.0000000000000000000, 0.0000000000000000000 ) ) ;
#1182 = CARTESIAN_POINT ( 'NONE',  ( 4.599999999999999600, 9.184850993605150900E-017, -0.7500000000000001100 ) ) ;
#1183 = CARTESIAN_POINT ( 'NONE',  ( 4.150658100275407500, 10.63177264929125000, -2.527832114900583000E-008 ) ) ;
#1184 = VERTEX_POINT ( 'NONE', #7457 ) ;
#1185 = AXIS2_PLACEMENT_3D ( 'NONE', #1872, #2009, #2342 ) ;
#1186 = ORIENTED_EDGE ( 'NONE', *, *, #2419, .F. ) ;
#1187 = DIRECTION ( 'NONE',  ( 1.000000000000000000, 0.0000000000000000000, 0.0000000000000000000 ) ) ;
#1188 = CARTESIAN_POINT ( 'NONE',  ( -4.955865156999999900, 0.9164481030000000100, 2.294890372999999900 ) ) ;
#1189 = VECTOR ( 'NONE', #4656, 1000.000000000000000 ) ;
#1190 = EDGE_LOOP ( 'NONE', ( #1958, #2833, #1061, #1598 ) ) ;
#1191 = UNCERTAINTY_MEASURE_WITH_UNIT (LENGTH_MEASURE( 1.000000000000000100E-005 ), #91, 'distance_accuracy_value', 'NONE');
#1192 = DIRECTION ( 'NONE',  ( 1.000000000000000000, -0.0000000000000000000, -0.0000000000000000000 ) ) ;
#1193 = PRODUCT ( 'DCJ235-05-01', 'DCJ235-05-01', '', ( #456 ) ) ;
#1194 = VERTEX_POINT ( 'NONE', #7431 ) ;
#1195 = FACE_BOUND ( 'NONE', #2936, .T. ) ;
#1196 = ORIENTED_EDGE ( 'NONE', *, *, #6526, .T. ) ;
#1197 = EDGE_CURVE ( 'NONE', #5114, #7147, #4744, .T. ) ;
#1198 = DIRECTION ( 'NONE',  ( 1.000000000000000000, 0.0000000000000000000, 0.0000000000000000000 ) ) ;
#1199 = EDGE_LOOP ( 'NONE', ( #5354, #5203, #6113, #6551, #6689, #7640, #2311, #777, #1146, #3386, #1506, #209, #4584, #4062, #7031 ) ) ;
#1200 = DIRECTION ( 'NONE',  ( -0.1908089953759582200, 0.9816271834477778800, 1.807003627809872600E-015 ) ) ;
#1201 = AXIS2_PLACEMENT_3D ( 'NONE', #3890, #288, #4460 ) ;
#1202 = DIRECTION ( 'NONE',  ( 1.000000000000000000, 3.097720492815727200E-016, 0.0000000000000000000 ) ) ;
#1203 = LINE ( 'NONE', #2879, #385 ) ;
#1204 = FACE_OUTER_BOUND ( 'NONE', #2226, .T. ) ;
#1205 = ORIENTED_EDGE ( 'NONE', *, *, #6726, .T. ) ;
#1206 = VECTOR ( 'NONE', #6449, 1000.000000000000000 ) ;
#1207 = ADVANCED_FACE ( 'NONE', ( #4936 ), #7661, .T. ) ;
#1208 = PLANE ( 'NONE',  #6198 ) ;
#1209 = VECTOR ( 'NONE', #1130, 1000.000000000000000 ) ;
#1210 = ADVANCED_FACE ( 'NONE', ( #4693 ), #5915, .F. ) ;
#1211 = CARTESIAN_POINT ( 'NONE',  ( 3.999999999963935100, -4.201283418381329700E-016, -12.00000000000000000 ) ) ;
#1212 = EDGE_LOOP ( 'NONE', ( #1309, #998, #2447, #2401 ) ) ;
#1213 = FACE_OUTER_BOUND ( 'NONE', #2478, .T. ) ;
#1214 = DIRECTION ( 'NONE',  ( 0.0000000000000000000, -0.0000000000000000000, -1.000000000000000000 ) ) ;
#1215 = DIRECTION ( 'NONE',  ( -0.0000000000000000000, 0.0000000000000000000, 1.000000000000000000 ) ) ;
#1216 = VECTOR ( 'NONE', #4066, 1000.000000000000000 ) ;
#1217 = DIRECTION ( 'NONE',  ( -0.0000000000000000000, -0.0000000000000000000, -1.000000000000000000 ) ) ;
#1218 = ORIENTED_EDGE ( 'NONE', *, *, #6104, .F. ) ;
#1219 = STYLED_ITEM ( 'NONE', ( #7454 ), #5223 ) ;
#1220 = CARTESIAN_POINT ( 'NONE',  ( -4.619285569372099300, 1.525260430331900000, 2.229907224000000200 ) ) ;
#1221 = ORIENTED_EDGE ( 'NONE', *, *, #1310, .F. ) ;
#1222 = VECTOR ( 'NONE', #6414, 1000.000000000000000 ) ;
#1223 = AXIS2_PLACEMENT_3D ( 'NONE', #756, #4929, #1365 ) ;
#1224 = DIRECTION ( 'NONE',  ( -1.000000000000000000, 0.0000000000000000000, -0.0000000000000000000 ) ) ;
#1225 = VECTOR ( 'NONE', #1068, 1000.000000000000000 ) ;
#1226 = FACE_OUTER_BOUND ( 'NONE', #1095, .T. ) ;
#1227 = EDGE_CURVE ( 'NONE', #4655, #6493, #4627, .T. ) ;
#1228 = EDGE_CURVE ( 'NONE', #4743, #6518, #4818, .T. ) ;
#1229 = ORIENTED_EDGE ( 'NONE', *, *, #1799, .F. ) ;
#1230 = CYLINDRICAL_SURFACE ( 'NONE', #1474, 0.5000000000000004400 ) ;
#1231 = PLANE ( 'NONE',  #7374 ) ;
#1232 = DIRECTION ( 'NONE',  ( -0.0000000000000000000, 0.0000000000000000000, -1.000000000000000000 ) ) ;
#1233 = DIRECTION ( 'NONE',  ( 0.0000000000000000000, -1.000000000000000000, -0.0000000000000000000 ) ) ;
#1234 = CIRCLE ( 'NONE', #4639, 0.5000000000000004400 ) ;
#1235 = ORIENTED_EDGE ( 'NONE', *, *, #877, .F. ) ;
#1236 = DIRECTION ( 'NONE',  ( 1.000000000000000000, -0.0000000000000000000, -0.0000000000000000000 ) ) ;
#1237 = VERTEX_POINT ( 'NONE', #5658 ) ;
#1238 = CARTESIAN_POINT ( 'NONE',  ( 1.180000000000000400, -1.457986928011507200, -1.250000000000000200 ) ) ;
#1239 = CARTESIAN_POINT ( 'NONE',  ( -2.500000000000000000, 0.0000000000000000000, -3.500000000000000000 ) ) ;
#1240 = ORIENTED_EDGE ( 'NONE', *, *, #2058, .F. ) ;
#1241 = COLOUR_RGB ( '',1.000000000000000000, 0.8078431372549019800, 0.4980392156862745200 ) ;
#1242 = AXIS2_PLACEMENT_3D ( 'NONE', #5237, #4042, #4651 ) ;
#1243 = DIRECTION ( 'NONE',  ( 0.0000000000000000000, -1.000000000000000000, 0.0000000000000000000 ) ) ;
#1244 = CARTESIAN_POINT ( 'NONE',  ( 1.105820922567449900E-015, -8.451231175885352400, 0.1541956800316616200 ) ) ;
#1245 = FACE_OUTER_BOUND ( 'NONE', #3215, .T. ) ;
#1246 = CARTESIAN_POINT ( 'NONE',  ( 0.0000000000000000000, 6.500000000000002700, -9.850000000000001400 ) ) ;
#1247 = CARTESIAN_POINT ( 'NONE',  ( -4.315623415086599300, 0.1555289691506000200, 2.392365097999999500 ) ) ;
#1248 = ORIENTED_EDGE ( 'NONE', *, *, #4878, .T. ) ;
#1249 = EDGE_CURVE ( 'NONE', #1368, #2848, #4910, .T. ) ;
#1250 = DIRECTION ( 'NONE',  ( 0.0000000000000000000, 0.0000000000000000000, 1.000000000000000000 ) ) ;
#1251 = B_SPLINE_CURVE_WITH_KNOTS ( 'NONE', 3,
 ( #3495, #1112, #4145, #4543 ),
 .UNSPECIFIED., .F., .F.,
 ( 4, 4 ),
 ( 3.046947842776217700E-013, 0.0003453343999866944100 ),
 .UNSPECIFIED. ) ;
#1252 = DIRECTION ( 'NONE',  ( -0.0000000000000000000, 0.0000000000000000000, -1.000000000000000000 ) ) ;
#1253 = ADVANCED_FACE ( 'NONE', ( #4452 ), #5944, .F. ) ;
#1254 = FACE_OUTER_BOUND ( 'NONE', #1967, .T. ) ;
#1255 = ADVANCED_FACE ( 'NONE', ( #4461 ), #5186, .F. ) ;
#1256 = AXIS2_PLACEMENT_3D ( 'NONE', #1669, #1202, #7630 ) ;
#1257 = CARTESIAN_POINT ( 'NONE',  ( -4.139049728030827600, 10.64394531069541300, 5.829670288353266200E-009 ) ) ;
#1258 = CIRCLE ( 'NONE', #7400, 3.150000000000000400 ) ;
#1259 = LINE ( 'NONE', #1026, #7628 ) ;
#1260 = CARTESIAN_POINT ( 'NONE',  ( 0.2729938341020199900, -3.007006165897969700, -1.250000000000000400 ) ) ;
#1261 = EDGE_CURVE ( 'NONE', #1784, #3452, #4544, .T. ) ;
#1262 = VERTEX_POINT ( 'NONE', #3362 ) ;
#1263 = DIRECTION ( 'NONE',  ( -0.0000000000000000000, -0.0000000000000000000, 1.000000000000000000 ) ) ;
#1264 = ORIENTED_EDGE ( 'NONE', *, *, #329, .T. ) ;
#1265 = DIRECTION ( 'NONE',  ( -0.0000000000000000000, 3.097720492815726700E-016, 1.000000000000000000 ) ) ;
#1266 = CARTESIAN_POINT ( 'NONE',  ( 3.746417681669028000, 2.690102939791564100, 1.500000000000000000 ) ) ;
#1267 = VECTOR ( 'NONE', #1054, 1000.000000000000000 ) ;
#1268 = CARTESIAN_POINT ( 'NONE',  ( -4.113518773824008400, -0.09665630348460255200, -2.408610885063026800 ) ) ;
#1269 = AXIS2_PLACEMENT_3D ( 'NONE', #1568, #2407, #6499 ) ;
#1270 = CARTESIAN_POINT ( 'NONE',  ( 3.775039031290293100, 2.542858862056427000, 1.500000000003573400 ) ) ;
#1271 = VERTEX_POINT ( 'NONE', #3473 ) ;
#1272 = CARTESIAN_POINT ( 'NONE',  ( -1.500000000005094800, -8.605356459711842400, 0.5003667535712955600 ) ) ;
#1273 = AXIS2_PLACEMENT_3D ( 'NONE', #6487, #2974, #7075 ) ;
#1274 = CARTESIAN_POINT ( 'NONE',  ( 0.3500000000000000300, -0.3500000000000000300, 1.250000000187499800 ) ) ;
#1275 = DIRECTION ( 'NONE',  ( 0.1908089953769231400, -0.9816271834475903700, 0.0000000000000000000 ) ) ;
#1276 = CARTESIAN_POINT ( 'NONE',  ( 3.000000000000000000, 1.399999999888888800, -3.799999997066666200 ) ) ;
#1277 = PLANE ( 'NONE',  #4280 ) ;
#1278 = ORIENTED_EDGE ( 'NONE', *, *, #377, .T. ) ;
#1279 = FACE_OUTER_BOUND ( 'NONE', #175, .T. ) ;
#1280 = ORIENTED_EDGE ( 'NONE', *, *, #2721, .F. ) ;
#1281 = FACE_OUTER_BOUND ( 'NONE', #1658, .T. ) ;
#1282 = CARTESIAN_POINT ( 'NONE',  ( -1.107023539999999900, 2.823668596000001000, -2.240225374000000000 ) ) ;
#1283 = DIRECTION ( 'NONE',  ( -0.9366073253797018200, -0.3408971881548889000, -0.08096805019988816100 ) ) ;
#1284 = PRESENTATION_LAYER_ASSIGNMENT (  '', '', ( #871 ) ) ;
#1285 = CARTESIAN_POINT ( 'NONE',  ( -1.500000000000000000, 3.949999999999999700, -12.00000000000000000 ) ) ;
#1286 = ORIENTED_EDGE ( 'NONE', *, *, #1132, .T. ) ;
#1287 = ORIENTED_EDGE ( 'NONE', *, *, #3163, .T. ) ;
#1288 = FACE_OUTER_BOUND ( 'NONE', #3696, .T. ) ;
#1289 = EDGE_CURVE ( 'NONE', #1237, #2070, #4370, .T. ) ;
#1290 = CARTESIAN_POINT ( 'NONE',  ( 1.764082414961358100, 2.406647667198792200, 0.2928932190000000400 ) ) ;
#1291 = CYLINDRICAL_SURFACE ( 'NONE', #2920, 0.1499999994188695700 ) ;
#1292 = ADVANCED_FACE ( 'NONE', ( #4618 ), #1977, .F. ) ;
#1293 = EDGE_CURVE ( 'NONE', #4255, #5947, #4281, .T. ) ;
#1294 = ORIENTED_EDGE ( 'NONE', *, *, #1776, .T. ) ;
#1295 = ADVANCED_FACE ( 'NONE', ( #4296 ), #4165, .F. ) ;
#1296 = LINE ( 'NONE', #1182, #608 ) ;
#1297 = DIRECTION ( 'NONE',  ( 1.000000000000000000, 0.0000000000000000000, 0.0000000000000000000 ) ) ;
#1298 = EDGE_LOOP ( 'NONE', ( #1043, #2983, #2147, #1647 ) ) ;
#1299 = DIRECTION ( 'NONE',  ( 0.0000000000000000000, 0.05233595627013538200, -0.9986295347531487500 ) ) ;
#1300 = CARTESIAN_POINT ( 'NONE',  ( -4.500000000000002700, 3.950000000037035900, -9.950000001362962400 ) ) ;
#1301 = EDGE_LOOP ( 'NONE', ( #3449, #7249, #6978, #4287 ) ) ;
#1302 = CARTESIAN_POINT ( 'NONE',  ( 1.480000000000020000, -8.529999999999972700, -0.5000000000000000000 ) ) ;
#1303 = LINE ( 'NONE', #1056, #135 ) ;
#1304 = ORIENTED_EDGE ( 'NONE', *, *, #2390, .F. ) ;
#1305 = LINE ( 'NONE', #463, #1267 ) ;
#1306 = PRODUCT ( 'DCJ235-05-center pin', 'DCJ235-05-center pin', '', ( #4588 ) ) ;
#1307 = CIRCLE ( 'NONE', #5129, 0.6000000000000000900 ) ;
#1308 = ORIENTED_EDGE ( 'NONE', *, *, #7296, .F. ) ;
#1309 = ORIENTED_EDGE ( 'NONE', *, *, #3919, .F. ) ;
#1310 = EDGE_CURVE ( 'NONE', #2771, #528, #4203, .T. ) ;
#1311 = CARTESIAN_POINT ( 'NONE',  ( 1.500000000000000000, -8.626311989950869100, -0.7994643434423173200 ) ) ;
#1312 = CYLINDRICAL_SURFACE ( 'NONE', #1334, 1.030000000000000000 ) ;
#1313 = CYLINDRICAL_SURFACE ( 'NONE', #4331, 0.5000000000000004400 ) ;
#1314 = DIRECTION ( 'NONE',  ( 0.6797591533161530000, -0.7289524459114894400, 0.08096804976386475000 ) ) ;
#1315 = EDGE_LOOP ( 'NONE', ( #1332, #6157, #3417, #2432 ) ) ;
#1316 = AXIS2_PLACEMENT_3D ( 'NONE', #3083, #3660, #74 ) ;
#1317 = FACE_OUTER_BOUND ( 'NONE', #3236, .T. ) ;
#1318 = DIRECTION ( 'NONE',  ( -0.0000000000000000000, -1.000000000000000000, -0.0000000000000000000 ) ) ;
#1319 = VECTOR ( 'NONE', #1755, 1000.000000000000000 ) ;
#1320 = DIRECTION ( 'NONE',  ( 0.0000000000000000000, 0.0000000000000000000, 1.000000000000000000 ) ) ;
#1321 = ORIENTED_EDGE ( 'NONE', *, *, #3801, .T. ) ;
#1322 = DIRECTION ( 'NONE',  ( 1.000000000000000000, 0.0000000000000000000, 0.0000000000000000000 ) ) ;
#1323 = ORIENTED_EDGE ( 'NONE', *, *, #966, .T. ) ;
#1324 = CIRCLE ( 'NONE', #1986, 1.700000000000000200 ) ;
#1325 = DIRECTION ( 'NONE',  ( -1.000000000000000000, 0.0000000000000000000, 0.0000000000000000000 ) ) ;
#1326 = ORIENTED_EDGE ( 'NONE', *, *, #4821, .T. ) ;
#1327 = FACE_OUTER_BOUND ( 'NONE', #2422, .T. ) ;
#1328 = VECTOR ( 'NONE', #4555, 1000.000000000000000 ) ;
#1329 = DIRECTION ( 'NONE',  ( 0.0000000000000000000, -1.000000000000000000, 0.0000000000000000000 ) ) ;
#1330 = ORIENTED_EDGE ( 'NONE', *, *, #7396, .F. ) ;
#1331 = VERTEX_POINT ( 'NONE', #707 ) ;
#1332 = ORIENTED_EDGE ( 'NONE', *, *, #421, .F. ) ;
#1333 = CIRCLE ( 'NONE', #7211, 0.6000000000000000900 ) ;
#1334 = AXIS2_PLACEMENT_3D ( 'NONE', #1689, #2338, #6405 ) ;
#1335 = ADVANCED_FACE ( 'NONE', ( #4196 ), #4082, .T. ) ;
#1336 = CIRCLE ( 'NONE', #6030, 2.149999999999947500 ) ;
#1337 = EDGE_CURVE ( 'NONE', #5435, #2280, #796, .T. ) ;
#1338 = EDGE_LOOP ( 'NONE', ( #5679, #75, #1560 ) ) ;
#1339 = DIRECTION ( 'NONE',  ( 1.000000000000000000, -1.923451512612964400E-010, -0.0000000000000000000 ) ) ;
#1340 = CARTESIAN_POINT ( 'NONE',  ( -1.500000000135416600, 0.0000000000000000000, 6.753760359609925300E-012 ) ) ;
#1341 = DIRECTION ( 'NONE',  ( 0.0000000000000000000, 0.0000000000000000000, -1.000000000000000000 ) ) ;
#1342 = LINE ( 'NONE', #3439, #1763 ) ;
#1343 = ORIENTED_EDGE ( 'NONE', *, *, #5710, .F. ) ;
#1344 = DIRECTION ( 'NONE',  ( -1.353137538078077700E-014, 1.000000000000000000, 0.0000000000000000000 ) ) ;
#1345 = DIRECTION ( 'NONE',  ( -1.000000000000000000, 0.0000000000000000000, 0.0000000000000000000 ) ) ;
#1346 = DIRECTION ( 'NONE',  ( -0.7313537027577219400, -0.6819983588415515800, 0.0000000000000000000 ) ) ;
#1347 = CARTESIAN_POINT ( 'NONE',  ( 6.229507320615768500, -0.7330222215593946700, -2.500000000000000000 ) ) ;
#1348 = AXIS2_PLACEMENT_3D ( 'NONE', #938, #5211, #7562 ) ;
#1349 = CARTESIAN_POINT ( 'NONE',  ( -4.500000000000002700, 6.500000000000002700, -12.00000000000000200 ) ) ;
#1350 = ORIENTED_EDGE ( 'NONE', *, *, #5429, .T. ) ;
#1351 = ORIENTED_EDGE ( 'NONE', *, *, #3139, .T. ) ;
#1352 = CARTESIAN_POINT ( 'NONE',  ( 8.791421356237403700, -0.5999999999999998700, 0.0000000000000000000 ) ) ;
#1353 = CYLINDRICAL_SURFACE ( 'NONE', #5561, 1.750000000000000000 ) ;
#1354 = VERTEX_POINT ( 'NONE', #737 ) ;
#1355 = DIRECTION ( 'NONE',  ( 0.0000000000000000000, 0.0000000000000000000, -1.000000000000000000 ) ) ;
#1356 = CARTESIAN_POINT ( 'NONE',  ( -1.500000000000000000, 0.0000000000000000000, -7.099999999999999600 ) ) ;
#1357 = LINE ( 'NONE', #1604, #1699 ) ;
#1358 = ORIENTED_EDGE ( 'NONE', *, *, #6104, .T. ) ;
#1359 = VERTEX_POINT ( 'NONE', #303 ) ;
#1360 = EDGE_CURVE ( 'NONE', #7180, #1980, #4127, .T. ) ;
#1361 = B_SPLINE_CURVE_WITH_KNOTS ( 'NONE', 3,
 ( #7635, #2914, #489, #4643 ),
 .UNSPECIFIED., .F., .F.,
 ( 4, 4 ),
 ( 8.360009919655303100E-014, 3.953848402429825500E-005 ),
 .UNSPECIFIED. ) ;
#1362 = CARTESIAN_POINT ( 'NONE',  ( 0.0000000000000000000, -3.500000000000000000, -0.5000000000000000000 ) ) ;
#1363 = ORIENTED_EDGE ( 'NONE', *, *, #6707, .T. ) ;
#1364 = AXIS2_PLACEMENT_3D ( 'NONE', #1976, #1616, #1562 ) ;
#1365 = DIRECTION ( 'NONE',  ( 1.000000000000000000, 0.0000000000000000000, 0.0000000000000000000 ) ) ;
#1366 = CARTESIAN_POINT ( 'NONE',  ( 0.0000000000000000000, 6.500000000000002700, -9.850000000000001400 ) ) ;
#1367 = CARTESIAN_POINT ( 'NONE',  ( -1.575000000000000000, 0.1500000000000000200, -2.299999999999999800 ) ) ;
#1368 = VERTEX_POINT ( 'NONE', #3833 ) ;
#1369 = DIRECTION ( 'NONE',  ( -1.000000000000000000, 0.0000000000000000000, -0.0000000000000000000 ) ) ;
#1370 = PLANE ( 'NONE',  #1601 ) ;
#1371 = CARTESIAN_POINT ( 'NONE',  ( 1.673702372152208200, 2.134400392851041800, 0.1320686893354296700 ) ) ;
#1372 = EDGE_CURVE ( 'NONE', #4315, #6878, #4418, .T. ) ;
#1373 = VECTOR ( 'NONE', #5755, 1000.000000000000000 ) ;
#1374 = ADVANCED_FACE ( 'NONE', ( #3984 ), #3273, .F. ) ;
#1375 = EDGE_LOOP ( 'NONE', ( #5735, #6101, #6459, #7214 ) ) ;
#1376 = DIRECTION ( 'NONE',  ( 0.0000000000000000000, 1.000000000000000000, -0.0000000000000000000 ) ) ;
#1377 = AXIS2_PLACEMENT_3D ( 'NONE', #5992, #6564, #3 ) ;
#1378 = DIRECTION ( 'NONE',  ( -0.9816271834475900300, -0.1908089953769253300, -1.419043095888858200E-015 ) ) ;
#1379 = EDGE_LOOP ( 'NONE', ( #6515, #7004, #2510, #1468 ) ) ;
#1380 = AXIS2_PLACEMENT_3D ( 'NONE', #1907, #3662, #639 ) ;
#1381 = ORIENTED_EDGE ( 'NONE', *, *, #5504, .T. ) ;
#1382 = FACE_OUTER_BOUND ( 'NONE', #292, .T. ) ;
#1383 = EDGE_LOOP ( 'NONE', ( #2535, #4228, #6297, #6792 ) ) ;
#1384 = ORIENTED_EDGE ( 'NONE', *, *, #744, .T. ) ;
#1385 = EDGE_CURVE ( 'NONE', #4158, #2565, #4346, .T. ) ;
#1386 = VECTOR ( 'NONE', #304, 1000.000000000000000 ) ;
#1387 = EDGE_CURVE ( 'NONE', #6929, #384, #2025, .T. ) ;
#1388 = DIRECTION ( 'NONE',  ( 0.0000000000000000000, -0.4067366430758010400, 0.9135454576426005300 ) ) ;
#1389 = ORIENTED_EDGE ( 'NONE', *, *, #6486, .F. ) ;
#1390 = ORIENTED_EDGE ( 'NONE', *, *, #5650, .T. ) ;
#1391 = CARTESIAN_POINT ( 'NONE',  ( 1.876952968518220200, 2.326715810906174700, 0.1358196615512528000 ) ) ;
#1392 = ORIENTED_EDGE ( 'NONE', *, *, #1563, .F. ) ;
#1393 = DIRECTION ( 'NONE',  ( -1.000000000000000000, 0.0000000000000000000, 0.0000000000000000000 ) ) ;
#1394 = CARTESIAN_POINT ( 'NONE',  ( -4.500000000000001800, 0.4999999999871810300, -0.3000000000054096600 ) ) ;
#1395 = CARTESIAN_POINT ( 'NONE',  ( -2.500000000000000000, 0.2500000000000000000, 3.000000000000000000 ) ) ;
#1396 = EDGE_LOOP ( 'NONE', ( #2012, #2153, #2315, #2830 ) ) ;
#1397 = AXIS2_PLACEMENT_3D ( 'NONE', #1748, #3551, #3676 ) ;
#1398 = CARTESIAN_POINT ( 'NONE',  ( 1.924454745673007700, 2.183141716709129800, -0.5235708010084689800 ) ) ;
#1399 = EDGE_CURVE ( 'NONE', #6872, #1566, #3821, .T. ) ;
#1400 = CIRCLE ( 'NONE', #6291, 0.7500000000000000000 ) ;
#1401 = CYLINDRICAL_SURFACE ( 'NONE', #917, 0.7500000000000000000 ) ;
#1402 = VECTOR ( 'NONE', #2894, 1000.000000000000000 ) ;
#1403 = DIRECTION ( 'NONE',  ( -1.000000000000000000, 0.0000000000000000000, 0.0000000000000000000 ) ) ;
#1404 = DIRECTION ( 'NONE',  ( -1.000000000000000000, 0.0000000000000000000, 0.0000000000000000000 ) ) ;
#1405 = EDGE_LOOP ( 'NONE', ( #4318, #1847, #7261, #101, #6301, #1901, #1110, #5329, #7393, #2288, #4481, #3205, #5327, #3775, #586 ) ) ;
#1406 = DIRECTION ( 'NONE',  ( -0.0000000000000000000, 0.0000000000000000000, -1.000000000000000000 ) ) ;
#1407 = ORIENTED_EDGE ( 'NONE', *, *, #2549, .F. ) ;
#1408 = EDGE_CURVE ( 'NONE', #4018, #6425, #4847, .T. ) ;
#1409 = FACE_OUTER_BOUND ( 'NONE', #5467, .T. ) ;
#1410 = CARTESIAN_POINT ( 'NONE',  ( 0.3696082266665001200, 1.911751018270800200, -1.776712534000001000 ) ) ;
#1411 = LINE ( 'NONE', #408, #7343 ) ;
#1412 = VERTEX_POINT ( 'NONE', #2576 ) ;
#1413 = VECTOR ( 'NONE', #7541, 1000.000000000000000 ) ;
#1414 = VECTOR ( 'NONE', #565, 1000.000000000000000 ) ;
#1415 = B_SPLINE_CURVE_WITH_KNOTS ( 'NONE', 3,
 ( #596, #5994, #2029, #6142, #2607, #6713, #3186, #7329, #3773, #180, #4360, #775, #4952, #1391, #5577, #2057, #6167, #2629, #6731, #3216, #7354, #3794, #208, #4377, #800, #4978, #1420, #5601, #2076 ),
 .UNSPECIFIED., .F., .F.,
 ( 4, 1, 1, 1, 2, 2, 1, 2, 2, 2, 1, 2, 2, 1, 1, 2, 2, 4 ),
 ( 0.0000000000000000000, 0.1249999999999947300, 0.1874999999999922000, 0.2187499999999909200, 0.2343749999999907000, 0.2499999999999904500, 0.3124999999999893400, 0.3437499999999892300, 0.3749999999999890600, 0.4999999999999883400, 0.5624999999999880100, 0.5937499999999879000, 0.6249999999999877900, 0.6874999999999873400, 0.7187499999999870100, 0.7343749999999872300, 0.7499999999999874500, 1.000000000000000000 ),
 .UNSPECIFIED. ) ;
#1416 = CARTESIAN_POINT ( 'NONE',  ( -3.000000000025958800, 0.2500000004999999900, 2.499999999270626100 ) ) ;
#1417 = ADVANCED_FACE ( 'NONE', ( #4111 ), #3643, .F. ) ;
#1418 = CIRCLE ( 'NONE', #132, 0.7500000000000000000 ) ;
#1419 = LINE ( 'NONE', #5837, #1402 ) ;
#1420 = CARTESIAN_POINT ( 'NONE',  ( 2.099413140638724900, 2.369957687953443900, -0.3925754663320549200 ) ) ;
#1421 = ORIENTED_EDGE ( 'NONE', *, *, #4076, .T. ) ;
#1422 = EDGE_CURVE ( 'NONE', #6871, #2781, #3720, .T. ) ;
#1423 = CARTESIAN_POINT ( 'NONE',  ( 2.226274658000000400, 2.649296242000000600, -0.3500000000000000300 ) ) ;
#1424 = CARTESIAN_POINT ( 'NONE',  ( -6.325000000000000200, 0.0000000000000000000, -1.175000000000000000 ) ) ;
#1425 = LINE ( 'NONE', #3404, #1413 ) ;
#1426 = FACE_OUTER_BOUND ( 'NONE', #1143, .T. ) ;
#1427 = CLOSED_SHELL ( 'NONE', ( #4078, #2458, #3847, #3623, #6120, #3060, #4239, #6045, #7566, #7140, #7118, #7156, #48, #3996, #1374, #3088, #6741, #1811, #5245, #227, #7649, #2408, #5909 ) ) ;
#1428 = ORIENTED_EDGE ( 'NONE', *, *, #1734, .F. ) ;
#1429 = AXIS2_PLACEMENT_3D ( 'NONE', #3916, #6300, #2777 ) ;
#1430 = CARTESIAN_POINT ( 'NONE',  ( 4.999999999999999100, -0.4049249167940012800, -1.076517347235578500 ) ) ;
#1431 = ORIENTED_EDGE ( 'NONE', *, *, #3162, .F. ) ;
#1432 = TOROIDAL_SURFACE ( 'NONE', #6778, 0.2000000000000011200, 0.3000000000000000400 ) ;
#1433 = CIRCLE ( 'NONE', #1051, 1.750000000000000000 ) ;
#1434 = DIRECTION ( 'NONE',  ( 0.0000000000000000000, 0.0000000000000000000, 1.000000000000000000 ) ) ;
#1435 = ORIENTED_EDGE ( 'NONE', *, *, #4492, .T. ) ;
#1436 = CARTESIAN_POINT ( 'NONE',  ( -4.143945397806498400, 0.3609503603465610300, 5.829550954289421100E-009 ) ) ;
#1437 = DIRECTION ( 'NONE',  ( 0.9816271834651892900, 0.1908089952863844000, 0.0000000000000000000 ) ) ;
#1438 = ORIENTED_EDGE ( 'NONE', *, *, #2281, .T. ) ;
#1439 = CARTESIAN_POINT ( 'NONE',  ( 0.4939590530000000900, 2.159760686999999900, -1.768721556999999700 ) ) ;
#1440 = VECTOR ( 'NONE', #5208, 1000.000000000000000 ) ;
#1441 = ORIENTED_EDGE ( 'NONE', *, *, #317, .T. ) ;
#1442 = DIRECTION ( 'NONE',  ( -1.000000000000000000, 0.0000000000000000000, 0.0000000000000000000 ) ) ;
#1443 = ORIENTED_EDGE ( 'NONE', *, *, #3550, .T. ) ;
#1444 = MECHANICAL_DESIGN_GEOMETRIC_PRESENTATION_REPRESENTATION (  '', ( #627 ), #1890 ) ;
#1445 = ORIENTED_EDGE ( 'NONE', *, *, #4635, .F. ) ;
#1446 = CARTESIAN_POINT ( 'NONE',  ( 1.764082414999999400, 2.406647666999999200, -0.2928932189999999800 ) ) ;
#1447 = CARTESIAN_POINT ( 'NONE',  ( 8.650000000000094500, -0.5000000000000000000, -0.5000000000000000000 ) ) ;
#1448 = CARTESIAN_POINT ( 'NONE',  ( 4.500000000000002700, 4.500000000000002700, -12.00000000000000000 ) ) ;
#1449 = TOROIDAL_SURFACE ( 'NONE', #453, 1.150000000000000800, 0.4000000000000005200 ) ;
#1450 = UNCERTAINTY_MEASURE_WITH_UNIT (LENGTH_MEASURE( 1.000000000000000100E-005 ), #5051, 'distance_accuracy_value', 'NONE');
#1451 = ORIENTED_EDGE ( 'NONE', *, *, #2760, .F. ) ;
#1452 = EDGE_CURVE ( 'NONE', #6081, #3272, #3786, .T. ) ;
#1453 = FACE_OUTER_BOUND ( 'NONE', #310, .T. ) ;
#1454 = DIRECTION ( 'NONE',  ( 0.0000000000000000000, 0.0000000000000000000, 1.000000000000000000 ) ) ;
#1455 = VERTEX_POINT ( 'NONE', #3710 ) ;
#1456 = EDGE_LOOP ( 'NONE', ( #5666, #3868, #3537, #281 ) ) ;
#1457 = CARTESIAN_POINT ( 'NONE',  ( 1.764082414850428600, 2.406647667384624400, 0.0000000000000000000 ) ) ;
#1458 = ORIENTED_EDGE ( 'NONE', *, *, #4249, .F. ) ;
#1459 = ADVANCED_FACE ( 'NONE', ( #3540 ), #936, .F. ) ;
#1461 = ORIENTED_EDGE ( 'NONE', *, *, #5563, .F. ) ;
#1460 = CARTESIAN_POINT ( 'NONE',  ( -4.000000000044867200, 10.70000000000673500, -2.525420543074166400E-016 ) ) ;
#1462 = CARTESIAN_POINT ( 'NONE',  ( 4.149493568383968900, 0.3666788057713079600, -9.995489929903540200E-008 ) ) ;
#1463 = VECTOR ( 'NONE', #972, 1000.000000000000000 ) ;
#1464 = CARTESIAN_POINT ( 'NONE',  ( 0.9051923788646620800, -2.642006165897973900, -1.250000000000000400 ) ) ;
#1465 = DIRECTION ( 'NONE',  ( 0.0000000000000000000, 1.000000000000000000, -0.0000000000000000000 ) ) ;
#1466 = ORIENTED_EDGE ( 'NONE', *, *, #210, .T. ) ;
#1467 = VERTEX_POINT ( 'NONE', #2141 ) ;
#1468 = ORIENTED_EDGE ( 'NONE', *, *, #3037, .F. ) ;
#1469 = VECTOR ( 'NONE', #2297, 1000.000000000000000 ) ;
#1470 = EDGE_CURVE ( 'NONE', #1036, #3082, #3737, .T. ) ;
#1471 = CARTESIAN_POINT ( 'NONE',  ( 0.2466655180972851500, 2.217218023110877100, -1.792702326941346700 ) ) ;
#1472 = EDGE_LOOP ( 'NONE', ( #4586, #4893, #4504, #4073 ) ) ;
#1473 = PLANE ( 'NONE',  #7667 ) ;
#1474 = AXIS2_PLACEMENT_3D ( 'NONE', #5248, #2882, #6404 ) ;
#1475 = CIRCLE ( 'NONE', #1111, 1.250000000000000400 ) ;
#1476 = CARTESIAN_POINT ( 'NONE',  ( -1.192528579000000200, 3.058591758000000800, 1.924045491000000200 ) ) ;
#1477 = ORIENTED_EDGE ( 'NONE', *, *, #7659, .T. ) ;
#1478 = VECTOR ( 'NONE', #1954, 1000.000000000000000 ) ;
#1479 = ORIENTED_EDGE ( 'NONE', *, *, #7125, .T. ) ;
#1480 = CARTESIAN_POINT ( 'NONE',  ( 0.1157259950000000300, 2.325679183000000500, -1.891056179000000200 ) ) ;
#1481 = CARTESIAN_POINT ( 'NONE',  ( 0.0000000000000000000, -0.3500000000000008100, -1.250000000000000400 ) ) ;
#1482 = FACE_OUTER_BOUND ( 'NONE', #5760, .T. ) ;
#1483 = CARTESIAN_POINT ( 'NONE',  ( 0.8000000000000000400, 1.040949779275250300E-016, 0.0000000000000000000 ) ) ;
#1484 = VERTEX_POINT ( 'NONE', #2010 ) ;
#1485 = DIRECTION ( 'NONE',  ( -0.9816271834475900300, -0.1908089953769253300, -1.419043095888858200E-015 ) ) ;
#1486 = CARTESIAN_POINT ( 'NONE',  ( 4.089622122385040200, 0.3200515997939069000, -5.858109008716522900E-007 ) ) ;
#1487 = EDGE_LOOP ( 'NONE', ( #2865, #5888, #1906, #4923 ) ) ;
#1488 = AXIS2_PLACEMENT_3D ( 'NONE', #645, #3071, #6595 ) ;
#1489 = VECTOR ( 'NONE', #2248, 1000.000000000000000 ) ;
#1490 = ORIENTED_EDGE ( 'NONE', *, *, #6143, .T. ) ;
#1491 = CARTESIAN_POINT ( 'NONE',  ( 3.757866221502699700, 2.631205308473243000, -0.5125227287488204300 ) ) ;
#1492 = DIRECTION ( 'NONE',  ( 0.0000000000000000000, 0.0000000000000000000, -1.000000000000000000 ) ) ;
#1493 = AXIS2_PLACEMENT_3D ( 'NONE', #5861, #2353, #6453 ) ;
#1494 = FACE_OUTER_BOUND ( 'NONE', #4684, .T. ) ;
#1495 = ORIENTED_EDGE ( 'NONE', *, *, #3484, .F. ) ;
#1496 = EDGE_CURVE ( 'NONE', #4623, #2793, #437, .T. ) ;
#1497 = CYLINDRICAL_SURFACE ( 'NONE', #143, 0.5000000000000000000 ) ;
#1498 =( NAMED_UNIT ( * ) PLANE_ANGLE_UNIT ( ) SI_UNIT ( $, .RADIAN. ) );
#1499 = EDGE_CURVE ( 'NONE', #7132, #2135, #3471, .T. ) ;
#1500 = DIRECTION ( 'NONE',  ( -0.0000000000000000000, -0.0000000000000000000, -1.000000000000000000 ) ) ;
#1501 = VERTEX_POINT ( 'NONE', #2798 ) ;
#1502 = DIRECTION ( 'NONE',  ( -1.000000000000000000, 0.0000000000000000000, 0.0000000000000000000 ) ) ;
#1503 = DIRECTION ( 'NONE',  ( -1.000000000000000000, 0.0000000000000000000, 0.0000000000000000000 ) ) ;
#1504 = LINE ( 'NONE', #2769, #1592 ) ;
#1505 = LINE ( 'NONE', #1721, #1225 ) ;
#1506 = ORIENTED_EDGE ( 'NONE', *, *, #6494, .T. ) ;
#1507 = CARTESIAN_POINT ( 'NONE',  ( 0.01918516210543314000, 2.062636743070653400, -1.800697223395460300 ) ) ;
#1508 = LINE ( 'NONE', #2918, #1206 ) ;
#1509 = PLANE ( 'NONE',  #7268 ) ;
#1510 = AXIS2_PLACEMENT_3D ( 'NONE', #3803, #2086, #4226 ) ;
#1511 = CARTESIAN_POINT ( 'NONE',  ( 1.495502080330590700, -8.538075528194609000, 0.0005356623312256313500 ) ) ;
#1512 = ORIENTED_EDGE ( 'NONE', *, *, #4117, .T. ) ;
#1513 = DIRECTION ( 'NONE',  ( 0.0000000000000000000, 0.9982398042004383400, 0.05930677288363016300 ) ) ;
#1514 = ORIENTED_EDGE ( 'NONE', *, *, #2809, .F. ) ;
#1515 = FACE_OUTER_BOUND ( 'NONE', #1375, .T. ) ;
#1516 = DIRECTION ( 'NONE',  ( 1.000000000000000000, 0.0000000000000000000, -0.0000000000000000000 ) ) ;
#1517 = ORIENTED_EDGE ( 'NONE', *, *, #6027, .T. ) ;
#1518 = LINE ( 'NONE', #2839, #1469 ) ;
#1519 = CARTESIAN_POINT ( 'NONE',  ( 3.727336782161152900, 2.788265657849810600, -1.499999999989477300 ) ) ;
#1520 = VECTOR ( 'NONE', #1010, 1000.000000000000100 ) ;
#1521 = ORIENTED_EDGE ( 'NONE', *, *, #551, .F. ) ;
#1522 = CARTESIAN_POINT ( 'NONE',  ( 1.679999999999972000, -3.499999999999915200, 0.0000000000000000000 ) ) ;
#1523 = FACE_OUTER_BOUND ( 'NONE', #3904, .T. ) ;
#1524 = EDGE_CURVE ( 'NONE', #1354, #2603, #3111, .T. ) ;
#1525 = FACE_OUTER_BOUND ( 'NONE', #366, .T. ) ;
#1526 =( NAMED_UNIT ( * ) SI_UNIT ( $, .STERADIAN. ) SOLID_ANGLE_UNIT ( ) );
#1527 = VERTEX_POINT ( 'NONE', #4298 ) ;
#1528 = CIRCLE ( 'NONE', #4401, 1.250000000000002000 ) ;
#1529 = AXIS2_PLACEMENT_3D ( 'NONE', #3544, #3424, #3520 ) ;
#1530 = FACE_OUTER_BOUND ( 'NONE', #298, .T. ) ;
#1531 = VERTEX_POINT ( 'NONE', #6632 ) ;
#1532 = DIRECTION ( 'NONE',  ( 0.0000000000000000000, 0.0000000000000000000, 1.000000000000000000 ) ) ;
#1533 = ORIENTED_EDGE ( 'NONE', *, *, #3407, .F. ) ;
#1534 = FACE_OUTER_BOUND ( 'NONE', #2638, .T. ) ;
#1535 = EDGE_CURVE ( 'NONE', #3210, #4195, #3011, .T. ) ;
#1536 = DIRECTION ( 'NONE',  ( 0.0000000000000000000, 0.0000000000000000000, 1.000000000000000000 ) ) ;
#1537 = CARTESIAN_POINT ( 'NONE',  ( -1.107023541629918800, 2.823668599452713800, 1.924045491045014900 ) ) ;
#1538 = EDGE_LOOP ( 'NONE', ( #4554, #5089, #5291, #3315 ) ) ;
#1539 = FACE_BOUND ( 'NONE', #5608, .T. ) ;
#1540 = CARTESIAN_POINT ( 'NONE',  ( 5.000000000000000900, 1.082323614444513000, -0.3890837811838627800 ) ) ;
#1541 = CARTESIAN_POINT ( 'NONE',  ( 1.500000000000000000, 0.0000000000000000000, -12.00000000000000000 ) ) ;
#1542 = DIRECTION ( 'NONE',  ( -0.05522007710951413300, 0.05921628305559067200, -0.9967166974146162200 ) ) ;
#1543 = DIRECTION ( 'NONE',  ( 0.0000000000000000000, 0.0000000000000000000, 1.000000000000000000 ) ) ;
#1544 = AXIS2_PLACEMENT_3D ( 'NONE', #2183, #6287, #5702 ) ;
#1545 = ORIENTED_EDGE ( 'NONE', *, *, #3482, .T. ) ;
#1546 = ORIENTED_EDGE ( 'NONE', *, *, #6707, .F. ) ;
#1547 = CARTESIAN_POINT ( 'NONE',  ( -4.200000000000000200, 10.50000000000000000, -0.3000000000000000400 ) ) ;
#1548 = CARTESIAN_POINT ( 'NONE',  ( 1.967384061951061000, 2.446165504251770700, -0.4999999999999998900 ) ) ;
#1549 = EDGE_CURVE ( 'NONE', #854, #6424, #3197, .T. ) ;
#1550 = EDGE_LOOP ( 'NONE', ( #178, #6857, #4434, #2767 ) ) ;
#1551 = CIRCLE ( 'NONE', #2973, 1.050000000000000000 ) ;
#1552 = ORIENTED_EDGE ( 'NONE', *, *, #4880, .F. ) ;
#1553 = EDGE_CURVE ( 'NONE', #3741, #625, #7198, .T. ) ;
#1554 = VECTOR ( 'NONE', #6668, 1000.000000000000000 ) ;
#1555 = LINE ( 'NONE', #365, #1489 ) ;
#1556 = CARTESIAN_POINT ( 'NONE',  ( -4.113518773999999200, -0.09665630200000002700, -2.527967327000000300 ) ) ;
#1557 = LINE ( 'NONE', #67, #962 ) ;
#1558 = VERTEX_POINT ( 'NONE', #190 ) ;
#1559 = AXIS2_PLACEMENT_3D ( 'NONE', #5458, #5324, #2611 ) ;
#1560 = ORIENTED_EDGE ( 'NONE', *, *, #2362, .F. ) ;
#1561 = VERTEX_POINT ( 'NONE', #7311 ) ;
#1562 = DIRECTION ( 'NONE',  ( 2.431951964360947700E-016, -1.000000000000000000, 0.0000000000000000000 ) ) ;
#1563 = EDGE_CURVE ( 'NONE', #4785, #550, #2820, .T. ) ;
#1564 = DIRECTION ( 'NONE',  ( -1.000000000000000000, -0.0000000000000000000, 0.0000000000000000000 ) ) ;
#1565 = SURFACE_SIDE_STYLE ('',( #6754 ) ) ;
#1566 = VERTEX_POINT ( 'NONE', #3971 ) ;
#1567 = EDGE_CURVE ( 'NONE', #3028, #3913, #2826, .T. ) ;
#1568 = CARTESIAN_POINT ( 'NONE',  ( -1.480000000000245600, -3.153589838486141200, -0.5000000000000000000 ) ) ;
#1569 = CARTESIAN_POINT ( 'NONE',  ( 0.3500000000000000300, -1.680384757729336500, -1.250000000000000400 ) ) ;
#1570 = ORIENTED_EDGE ( 'NONE', *, *, #7659, .F. ) ;
#1571 = DIRECTION ( 'NONE',  ( -1.000000000000000000, 0.0000000000000000000, -0.0000000000000000000 ) ) ;
#1572 = DIRECTION ( 'NONE',  ( -3.701697762930919200E-016, -3.701697762218935800E-016, -1.000000000000000000 ) ) ;
#1573 = VECTOR ( 'NONE', #3990, 1000.000000000000000 ) ;
#1574 = CARTESIAN_POINT ( 'NONE',  ( -1.499999999999998200, -3.963408842603166600, -1.999813558652137100 ) ) ;
#1575 = VERTEX_POINT ( 'NONE', #907 ) ;
#1576 = ORIENTED_EDGE ( 'NONE', *, *, #2293, .T. ) ;
#1577 = CARTESIAN_POINT ( 'NONE',  ( 0.0000000000000000000, 6.500000000000002700, -9.050000000000000700 ) ) ;
#1578 = EDGE_CURVE ( 'NONE', #6123, #140, #2919, .T. ) ;
#1579 = ORIENTED_EDGE ( 'NONE', *, *, #563, .F. ) ;
#1580 = ORIENTED_EDGE ( 'NONE', *, *, #5206, .F. ) ;
#1581 = DIRECTION ( 'NONE',  ( 0.0000000000000000000, 0.0000000000000000000, 1.000000000000000000 ) ) ;
#1582 = FACE_OUTER_BOUND ( 'NONE', #3841, .T. ) ;
#1583 = ORIENTED_EDGE ( 'NONE', *, *, #65, .F. ) ;
#1584 = AXIS2_PLACEMENT_3D ( 'NONE', #7190, #6036, #2509 ) ;
#1585 = DIRECTION ( 'NONE',  ( 0.0000000000000000000, 0.0000000000000000000, 1.000000000000000000 ) ) ;
#1586 = CARTESIAN_POINT ( 'NONE',  ( 5.099999999999999600, 0.0000000000000000000, -2.474999999999999600 ) ) ;
#1587 = VECTOR ( 'NONE', #5716, 1000.000000000000000 ) ;
#1588 = ORIENTED_EDGE ( 'NONE', *, *, #5220, .F. ) ;
#1589 = EDGE_LOOP ( 'NONE', ( #3303, #197, #5743, #3923 ) ) ;
#1590 = SURFACE_STYLE_USAGE ( .BOTH. , #5160 ) ;
#1591 = CARTESIAN_POINT ( 'NONE',  ( 1.575000000000000000, 3.149999999999999900, -2.299999999999999800 ) ) ;
#1592 = VECTOR ( 'NONE', #4573, 1000.000000000000000 ) ;
#1593 = ORIENTED_EDGE ( 'NONE', *, *, #4445, .F. ) ;
#1594 = CARTESIAN_POINT ( 'NONE',  ( 4.999999999999999100, -0.4401757834518587000, 1.062560559473242100 ) ) ;
#1595 = DIRECTION ( 'NONE',  ( 1.734163393375838500E-018, -1.000000000000000000, 0.0000000000000000000 ) ) ;
#1596 = VERTEX_POINT ( 'NONE', #806 ) ;
#1597 = CIRCLE ( 'NONE', #3705, 0.4999999999999145700 ) ;
#1598 = ORIENTED_EDGE ( 'NONE', *, *, #7547, .F. ) ;
#1599 = DIRECTION ( 'NONE',  ( 0.0000000000000000000, 0.0000000000000000000, -1.000000000000000000 ) ) ;
#1600 = LINE ( 'NONE', #2322, #1216 ) ;
#1601 = AXIS2_PLACEMENT_3D ( 'NONE', #4934, #5562, #2039 ) ;
#1602 = ORIENTED_EDGE ( 'NONE', *, *, #6843, .F. ) ;
#1603 = EDGE_CURVE ( 'NONE', #2935, #5007, #2628, .T. ) ;
#1604 = CARTESIAN_POINT ( 'NONE',  ( -1.480000000000245600, -3.500000000000000000, 0.0000000000000000000 ) ) ;
#1605 = DIRECTION ( 'NONE',  ( 0.0000000000000000000, 0.0000000000000000000, 1.000000000000000000 ) ) ;
#1606 = DIRECTION ( 'NONE',  ( 0.0000000000000000000, 0.0000000000000000000, 1.000000000000000000 ) ) ;
#1607 = VECTOR ( 'NONE', #3433, 1000.000000000000000 ) ;
#1608 = LINE ( 'NONE', #6479, #843 ) ;
#1609 = VECTOR ( 'NONE', #6367, 1000.000000000000000 ) ;
#1610 = ADVANCED_FACE ( 'NONE', ( #2466 ), #335, .F. ) ;
#1611 = CARTESIAN_POINT ( 'NONE',  ( 0.0000000000000000000, 0.0000000000000000000, 0.0000000000000000000 ) ) ;
#1612 = ORIENTED_EDGE ( 'NONE', *, *, #2460, .F. ) ;
#1613 = ORIENTED_EDGE ( 'NONE', *, *, #6210, .F. ) ;
#1614 = CARTESIAN_POINT ( 'NONE',  ( 2.278259423999999800, 2.381857804000000900, -0.4961319480000000400 ) ) ;
#1615 = EDGE_CURVE ( 'NONE', #2506, #3575, #3022, .T. ) ;
#1616 = DIRECTION ( 'NONE',  ( -1.000000000000000000, -2.431951964360947700E-016, -1.943176853288052200E-036 ) ) ;
#1617 = TOROIDAL_SURFACE ( 'NONE', #5629, 1.600000000000000100, 0.1000000000000002600 ) ;
#1618 = CARTESIAN_POINT ( 'NONE',  ( 5.099999999999998800, 0.0000000000000000000, 2.474999999999999600 ) ) ;
#1619 = CIRCLE ( 'NONE', #6662, 0.5000000000000004400 ) ;
#1620 = DIRECTION ( 'NONE',  ( 0.0000000000000000000, 0.0000000000000000000, -1.000000000000000000 ) ) ;
#1621 = CIRCLE ( 'NONE', #2773, 0.7500000000000000000 ) ;
#1622 =( GEOMETRIC_REPRESENTATION_CONTEXT ( 3 ) GLOBAL_UNCERTAINTY_ASSIGNED_CONTEXT ( ( #7464 ) ) GLOBAL_UNIT_ASSIGNED_CONTEXT ( ( #2651, #6750, #3243 ) ) REPRESENTATION_CONTEXT ( 'NONE', 'WORKASPACE' ) );
#1623 =( LENGTH_UNIT ( ) NAMED_UNIT ( * ) SI_UNIT ( .MILLI., .METRE. ) );
#1624 = CARTESIAN_POINT ( 'NONE',  ( 4.500000000000001800, 10.50000000000000000, -0.2999999999999999300 ) ) ;
#1625 = EDGE_LOOP ( 'NONE', ( #146, #1546, #997, #1221, #3831, #388, #2331, #1064, #3936, #5238, #4261, #1838, #5864 ) ) ;
#1626 = FACE_OUTER_BOUND ( 'NONE', #2231, .T. ) ;
#1627 = ORIENTED_EDGE ( 'NONE', *, *, #6285, .F. ) ;
#1628 = DIRECTION ( 'NONE',  ( 0.0000000000000000000, -3.097720492815726700E-016, -1.000000000000000000 ) ) ;
#1629 = VECTOR ( 'NONE', #5073, 1000.000000000000000 ) ;
#1630 = CARTESIAN_POINT ( 'NONE',  ( -5.153375450799998700, 0.5651177031900001000, -2.319259054999999400 ) ) ;
#1631 = DIRECTION ( 'NONE',  ( 1.000000000000000000, 0.0000000000000000000, -0.0000000000000000000 ) ) ;
#1632 = EDGE_LOOP ( 'NONE', ( #4783, #5846, #4327 ) ) ;
#1633 = ORIENTED_EDGE ( 'NONE', *, *, #4191, .F. ) ;
#1634 = CARTESIAN_POINT ( 'NONE',  ( -4.135307709972227700, 0.1523923714586853700, 2.408610884900779700 ) ) ;
#1635 = CARTESIAN_POINT ( 'NONE',  ( 0.01922768000000000000, 2.062591149000000200, 1.800693284999999700 ) ) ;
#1636 = ORIENTED_EDGE ( 'NONE', *, *, #4415, .F. ) ;
#1637 = FACE_OUTER_BOUND ( 'NONE', #2351, .T. ) ;
#1638 = EDGE_CURVE ( 'NONE', #3630, #3714, #2206, .T. ) ;
#1639 = CIRCLE ( 'NONE', #2077, 0.4000000000000682500 ) ;
#1640 = CARTESIAN_POINT ( 'NONE',  ( 0.3500000000000000300, -0.3500000000000000300, -1.250000000000000000 ) ) ;
#1641 = APPLICATION_PROTOCOL_DEFINITION ( 'draft international standard', 'automotive_design', 1998, #5202 ) ;
#1642 = EDGE_LOOP ( 'NONE', ( #2881, #5376, #5736, #6111 ) ) ;
#1643 = AXIS2_PLACEMENT_3D ( 'NONE', #6232, #1492, #5671 ) ;
#1644 = CARTESIAN_POINT ( 'NONE',  ( 0.1000000000000003700, 0.0000000000000000000, -1.040949779275250300E-016 ) ) ;
#1645 = VERTEX_POINT ( 'NONE', #6374 ) ;
#1646 = CIRCLE ( 'NONE', #710, 0.5000000000000000000 ) ;
#1647 = ORIENTED_EDGE ( 'NONE', *, *, #3722, .F. ) ;
#1648 = VERTEX_POINT ( 'NONE', #277 ) ;
#1649 = CARTESIAN_POINT ( 'NONE',  ( -4.000000000000000000, 0.0000000000000000000, -0.2999999999923081400 ) ) ;
#1650 = DIRECTION ( 'NONE',  ( 0.9929238893196620200, 0.08686958458625991500, 0.08096805105797011400 ) ) ;
#1651 = CARTESIAN_POINT ( 'NONE',  ( -2.149999999999947500, 2.632990618166745100E-016, 0.0000000000000000000 ) ) ;
#1652 = CARTESIAN_POINT ( 'NONE',  ( -1.050000000000000000, 6.349999999999999600, 0.0000000000000000000 ) ) ;
#1653 = AXIS2_PLACEMENT_3D ( 'NONE', #5166, #5195, #1631 ) ;
#1654 = VERTEX_POINT ( 'NONE', #1624 ) ;
#1655 = ORIENTED_EDGE ( 'NONE', *, *, #3379, .T. ) ;
#1656 = DIRECTION ( 'NONE',  ( 0.0000000000000000000, 0.0000000000000000000, 1.000000000000000000 ) ) ;
#1657 = CYLINDRICAL_SURFACE ( 'NONE', #7082, 0.7500000068809806700 ) ;
#1658 = EDGE_LOOP ( 'NONE', ( #5334, #3511, #6233, #6065 ) ) ;
#1659 = AXIS2_PLACEMENT_3D ( 'NONE', #7360, #3795, #211 ) ;
#1660 = CARTESIAN_POINT ( 'NONE',  ( -4.585571693000000300, -0.03118825700000001100, -2.376119310999999600 ) ) ;
#1661 =( LENGTH_UNIT ( ) NAMED_UNIT ( * ) SI_UNIT ( .MILLI., .METRE. ) );
#1662 = ADVANCED_FACE ( 'NONE', ( #2094 ), #2104, .T. ) ;
#1663 = LINE ( 'NONE', #4611, #4815 ) ;
#1664 = CARTESIAN_POINT ( 'NONE',  ( 0.0000000000000000000, 1.438959988998139900E-016, 1.175000000000000000 ) ) ;
#1665 = CARTESIAN_POINT ( 'NONE',  ( -4.457189624755586400, 1.604307862941896500, 2.213661436034135600 ) ) ;
#1666 = EDGE_CURVE ( 'NONE', #3295, #4095, #2022, .T. ) ;
#1667 = CARTESIAN_POINT ( 'NONE',  ( 0.1175543732500000700, 2.327384173900000100, 1.808692120000000100 ) ) ;
#1668 = EDGE_CURVE ( 'NONE', #5984, #6445, #2289, .T. ) ;
#1669 = CARTESIAN_POINT ( 'NONE',  ( 4.749999999999999100, -7.744301232039364800E-017, 0.0000000000000000000 ) ) ;
#1670 = ADVANCED_BREP_SHAPE_REPRESENTATION ( '', ( #7449, #4775 ), #225 ) ;
#1671 = ORIENTED_EDGE ( 'NONE', *, *, #1227, .T. ) ;
#1672 = APPLICATION_PROTOCOL_DEFINITION ( 'draft international standard', 'automotive_design', 1998, #6927 ) ;
#1673 = CARTESIAN_POINT ( 'NONE',  ( 2.254896006994138200, 2.502052164998855900, -0.3500000000000000300 ) ) ;
#1674 = ORIENTED_EDGE ( 'NONE', *, *, #1337, .T. ) ;
#1675 = CARTESIAN_POINT ( 'NONE',  ( 1.480000000000019700, -4.456579543088778900, 0.0000000000000000000 ) ) ;
#1676 = AXIS2_PLACEMENT_3D ( 'NONE', #3518, #6803, #2275 ) ;
#1677 = LINE ( 'NONE', #3968, #1386 ) ;
#1678 = CARTESIAN_POINT ( 'NONE',  ( -1.055052551000000800, 3.108628940000000000, 1.914801945000000000 ) ) ;
#1679 = ORIENTED_EDGE ( 'NONE', *, *, #176, .F. ) ;
#1680 = CARTESIAN_POINT ( 'NONE',  ( 1.716432405035616100, 2.142706269848310400, 0.2571283561294310200 ) ) ;
#1681 = CARTESIAN_POINT ( 'NONE',  ( -1.192528576000000600, 3.058591752000000800, -1.924045491000000200 ) ) ;
#1682 = DIRECTION ( 'NONE',  ( 0.0000000000000000000, 1.000000000000000000, 0.0000000000000000000 ) ) ;
#1683 = EDGE_CURVE ( 'NONE', #6156, #7545, #2171, .T. ) ;
#1684 = CARTESIAN_POINT ( 'NONE',  ( -4.655463990000000300, 1.798186341000000100, -2.221785361000000200 ) ) ;
#1685 = ORIENTED_EDGE ( 'NONE', *, *, #5104, .F. ) ;
#1686 = VECTOR ( 'NONE', #2279, 1000.000000000000200 ) ;
#1687 = ORIENTED_EDGE ( 'NONE', *, *, #5646, .F. ) ;
#1688 = DIRECTION ( 'NONE',  ( -0.0000000000000000000, -0.0000000000000000000, -1.000000000000000000 ) ) ;
#1689 = CARTESIAN_POINT ( 'NONE',  ( 0.2729938341020197700, -3.007006165897969700, -1.250000000000000400 ) ) ;
#1690 = LINE ( 'NONE', #6937, #1573 ) ;
#1691 = AXIS2_PLACEMENT_3D ( 'NONE', #6548, #1192, #1250 ) ;
#1692 = ORIENTED_EDGE ( 'NONE', *, *, #2515, .T. ) ;
#1693 = EDGE_LOOP ( 'NONE', ( #2685, #3229, #153, #2518 ) ) ;
#1694 = VERTEX_POINT ( 'NONE', #3426 ) ;
#1695 = ORIENTED_EDGE ( 'NONE', *, *, #3683, .T. ) ;
#1696 = CARTESIAN_POINT ( 'NONE',  ( 1.480000000000020000, -8.529999999999972700, -0.5000000000000000000 ) ) ;
#1697 = EDGE_CURVE ( 'NONE', #3009, #7582, #1880, .T. ) ;
#1698 = DIRECTION ( 'NONE',  ( 0.0000000000000000000, 0.0000000000000000000, 1.000000000000000000 ) ) ;
#1699 = VECTOR ( 'NONE', #2264, 1000.000000000000000 ) ;
#1700 = DIRECTION ( 'NONE',  ( -0.0000000000000000000, 0.0000000000000000000, 1.000000000000000000 ) ) ;
#1701 = ORIENTED_EDGE ( 'NONE', *, *, #818, .T. ) ;
#1702 = ADVANCED_FACE ( 'NONE', ( #1814 ), #1657, .T. ) ;
#1703 = AXIS2_PLACEMENT_3D ( 'NONE', #6053, #2524, #6626 ) ;
#1704 = CARTESIAN_POINT ( 'NONE',  ( 1.575000000000000000, 0.1500000000000000200, -2.299999999999999800 ) ) ;
#1705 = CARTESIAN_POINT ( 'NONE',  ( -3.000000001500000100, 1.000000000004687400, -3.799999999656249500 ) ) ;
#1706 = CIRCLE ( 'NONE', #6672, 1.399999999999999900 ) ;
#1707 = CARTESIAN_POINT ( 'NONE',  ( -0.9030620449999998700, 3.117222752000001800, 1.905574523000000100 ) ) ;
#1708 = AXIS2_PLACEMENT_3D ( 'NONE', #7043, #511, #4673 ) ;
#1709 = CARTESIAN_POINT ( 'NONE',  ( 3.999999999999998200, 10.50000000000000000, -0.3000000000000058700 ) ) ;
#1710 = ORIENTED_EDGE ( 'NONE', *, *, #2096, .T. ) ;
#1711 = ORIENTED_EDGE ( 'NONE', *, *, #5855, .F. ) ;
#1712 = EDGE_CURVE ( 'NONE', #3817, #6272, #1706, .T. ) ;
#1713 = ORIENTED_EDGE ( 'NONE', *, *, #3748, .F. ) ;
#1714 = UNCERTAINTY_MEASURE_WITH_UNIT (LENGTH_MEASURE( 1.000000000000000100E-005 ), #893, 'distance_accuracy_value', 'NONE');
#1715 = VECTOR ( 'NONE', #4541, 1000.000000000000000 ) ;
#1716 = CARTESIAN_POINT ( 'NONE',  ( -4.930427008000003200, 1.094628486999999800, -2.278644586000000000 ) ) ;
#1717 = DIRECTION ( 'NONE',  ( 0.0000000000000000000, 1.000000000000000000, -0.0000000000000000000 ) ) ;
#1718 = VERTEX_POINT ( 'NONE', #5816 ) ;
#1719 = DIRECTION ( 'NONE',  ( 0.0000000000000000000, -1.000000000000000000, 0.0000000000000000000 ) ) ;
#1720 = CIRCLE ( 'NONE', #1201, 0.7299999999999998700 ) ;
#1721 = CARTESIAN_POINT ( 'NONE',  ( 5.099999999999999600, 0.0000000000000000000, 3.500000000000000000 ) ) ;
#1722 = MECHANICAL_DESIGN_GEOMETRIC_PRESENTATION_REPRESENTATION (  '', ( #871 ), #2159 ) ;
#1723 = FACE_OUTER_BOUND ( 'NONE', #5068, .T. ) ;
#1724 = ORIENTED_EDGE ( 'NONE', *, *, #6648, .F. ) ;
#1725 = CYLINDRICAL_SURFACE ( 'NONE', #2400, 0.5000000000000000000 ) ;
#1726 = VECTOR ( 'NONE', #1564, 1000.000000000000000 ) ;
#1727 = AXIS2_PLACEMENT_3D ( 'NONE', #4094, #7613, #4421 ) ;
#1728 = DIRECTION ( 'NONE',  ( -0.0000000000000000000, -0.0000000000000000000, -1.000000000000000000 ) ) ;
#1729 = EDGE_CURVE ( 'NONE', #4359, #2221, #4396, .T. ) ;
#1730 = ORIENTED_EDGE ( 'NONE', *, *, #4172, .T. ) ;
#1731 = CARTESIAN_POINT ( 'NONE',  ( 4.500000000000002700, 6.500000000000002700, -3.299999999999999400 ) ) ;
#1732 = LINE ( 'NONE', #890, #1629 ) ;
#1733 = DIRECTION ( 'NONE',  ( 0.0000000000000000000, 0.0000000000000000000, 1.000000000000000000 ) ) ;
#1734 = EDGE_CURVE ( 'NONE', #1176, #1171, #1767, .T. ) ;
#1735 = DIRECTION ( 'NONE',  ( 0.3420201434682917400, -0.9396926207339979500, 0.0000000000000000000 ) ) ;
#1736 = ORIENTED_EDGE ( 'NONE', *, *, #4993, .F. ) ;
#1737 = CARTESIAN_POINT ( 'NONE',  ( -4.656600964060000800, 1.800432960720000000, 2.221785361040000200 ) ) ;
#1738 = CARTESIAN_POINT ( 'NONE',  ( 1.967384062000000300, 2.446165503999999700, 0.4999999999999999400 ) ) ;
#1739 = VERTEX_POINT ( 'NONE', #2737 ) ;
#1740 = LINE ( 'NONE', #5762, #1328 ) ;
#1741 = CIRCLE ( 'NONE', #24, 0.09999999973463931400 ) ;
#1742 = DIRECTION ( 'NONE',  ( -1.000000000000000000, 0.0000000000000000000, -0.0000000000000000000 ) ) ;
#1743 = CARTESIAN_POINT ( 'NONE',  ( 4.500000000000001800, 0.5000000000000001100, -0.2999999999961540700 ) ) ;
#1744 = ORIENTED_EDGE ( 'NONE', *, *, #3317, .F. ) ;
#1745 = DIRECTION ( 'NONE',  ( 0.0000000000000000000, 1.000000000000000000, -6.195440985631453300E-016 ) ) ;
#1746 = ORIENTED_EDGE ( 'NONE', *, *, #850, .T. ) ;
#1747 = FACE_OUTER_BOUND ( 'NONE', #691, .T. ) ;
#1748 = CARTESIAN_POINT ( 'NONE',  ( 8.800000000000089500, -8.029999999999970900, -2.500000000000000000 ) ) ;
#1749 = CARTESIAN_POINT ( 'NONE',  ( -4.777657176855799800, 0.4159535665965000700, -2.343627736000000200 ) ) ;
#1750 = VECTOR ( 'NONE', #1465, 1000.000000000000000 ) ;
#1751 = ADVANCED_FACE ( 'NONE', ( #1582 ), #1497, .T. ) ;
#1752 = EDGE_LOOP ( 'NONE', ( #2575, #6556, #2101, #521 ) ) ;
#1753 = VERTEX_POINT ( 'NONE', #4626 ) ;
#1754 = CARTESIAN_POINT ( 'NONE',  ( -0.4872738200000000200, 2.972317326999999800, -1.877876134000000800 ) ) ;
#1755 = DIRECTION ( 'NONE',  ( -1.000000000000000000, -1.353137538078077700E-014, 0.0000000000000000000 ) ) ;
#1756 = ORIENTED_EDGE ( 'NONE', *, *, #6580, .T. ) ;
#1757 = EDGE_CURVE ( 'NONE', #4158, #4894, #1555, .T. ) ;
#1758 = CARTESIAN_POINT ( 'NONE',  ( 1.575000000000000000, 0.1500000000000000200, -1.470000000000000000 ) ) ;
#1759 = DIRECTION ( 'NONE',  ( 0.0000000000000000000, 1.000000000000000000, -3.614007241618347800E-016 ) ) ;
#1760 = AXIS2_PLACEMENT_3D ( 'NONE', #6091, #2556, #6658 ) ;
#1761 = DIRECTION ( 'NONE',  ( 1.000000000000000000, -0.0000000000000000000, -0.0000000000000000000 ) ) ;
#1762 = DIRECTION ( 'NONE',  ( -0.0000000000000000000, -0.0000000000000000000, 1.000000000000000000 ) ) ;
#1763 = VECTOR ( 'NONE', #6959, 1000.000000000000100 ) ;
#1764 = CARTESIAN_POINT ( 'NONE',  ( 5.951802250918037300, -0.4999999999999997800, -2.500000000000000000 ) ) ;
#1765 = CARTESIAN_POINT ( 'NONE',  ( -5.176110345289998800, 1.160308817299999800, 2.278644586000000000 ) ) ;
#1766 = CARTESIAN_POINT ( 'NONE',  ( -0.6187968430000001500, 3.048976715000000200, 1.887103554999999900 ) ) ;
#1767 = LINE ( 'NONE', #7616, #1686 ) ;
#1768 = ORIENTED_EDGE ( 'NONE', *, *, #7291, .T. ) ;
#1769 = ORIENTED_EDGE ( 'NONE', *, *, #5274, .F. ) ;
#1770 = AXIS2_PLACEMENT_3D ( 'NONE', #609, #4780, #1200 ) ;
#1771 = PLANE ( 'NONE',  #1269 ) ;
#1772 = EDGE_LOOP ( 'NONE', ( #2944, #3474, #4019, #4302 ) ) ;
#1773 = LINE ( 'NONE', #6931, #1609 ) ;
#1774 = PRODUCT_DEFINITION_SHAPE ( 'NONE', 'NONE',  #7716 ) ;
#1775 = CIRCLE ( 'NONE', #3729, 1.175000000000000000 ) ;
#1776 = EDGE_CURVE ( 'NONE', #3086, #717, #1504, .T. ) ;
#1777 = VECTOR ( 'NONE', #2819, 1000.000000000000000 ) ;
#1778 = DIRECTION ( 'NONE',  ( -0.0000000000000000000, -0.0000000000000000000, 1.000000000000000000 ) ) ;
#1779 = DIRECTION ( 'NONE',  ( 0.3420201452212101000, -0.9396926200959876400, 2.016910936943945800E-010 ) ) ;
#1780 = ORIENTED_EDGE ( 'NONE', *, *, #2566, .T. ) ;
#1781 = DIRECTION ( 'NONE',  ( 0.0000000000000000000, 0.9135454576425986500, 0.4067366430758052600 ) ) ;
#1782 = CARTESIAN_POINT ( 'NONE',  ( -1.575000000000000000, 0.1500000000000000200, -2.299999999999999800 ) ) ;
#1783 = DIRECTION ( 'NONE',  ( 0.0000000000000000000, 0.0000000000000000000, 1.000000000000000000 ) ) ;
#1784 = VERTEX_POINT ( 'NONE', #1652 ) ;
#1785 = CARTESIAN_POINT ( 'NONE',  ( -1.499878708363746100, -8.626311989950869100, 0.5005356623312252600 ) ) ;
#1786 = ADVANCED_FACE ( 'NONE', ( #1288 ), #4628, .F. ) ;
#1787 = CARTESIAN_POINT ( 'NONE',  ( 1.500000000000000000, 1.000000000043945100, -6.299999999941406700 ) ) ;
#1788 = ORIENTED_EDGE ( 'NONE', *, *, #5410, .T. ) ;
#1789 = DIRECTION ( 'NONE',  ( 0.0000000000000000000, 0.0000000000000000000, 1.000000000000000000 ) ) ;
#1790 = CARTESIAN_POINT ( 'NONE',  ( -4.655463990000000300, 1.798186341000000100, 2.221785361000000200 ) ) ;
#1791 = CARTESIAN_POINT ( 'NONE',  ( -3.000000000017305700, 0.2500000000000000000, 3.000000000000000000 ) ) ;
#1792 = LINE ( 'NONE', #3327, #6203 ) ;
#1793 = ORIENTED_EDGE ( 'NONE', *, *, #7428, .F. ) ;
#1794 = CARTESIAN_POINT ( 'NONE',  ( 3.999999999927870100, -4.336808689942017700E-016, -12.00000000000000000 ) ) ;
#1795 = VERTEX_POINT ( 'NONE', #2220 ) ;
#1796 = VECTOR ( 'NONE', #7053, 1000.000000000000000 ) ;
#1797 = EDGE_LOOP ( 'NONE', ( #4046, #548, #4081, #3874 ) ) ;
#1798 = EDGE_LOOP ( 'NONE', ( #1218, #4029 ) ) ;
#1799 = EDGE_CURVE ( 'NONE', #2172, #3685, #1400, .T. ) ;
#1800 = DIRECTION ( 'NONE',  ( 0.0000000000000000000, 0.0000000000000000000, 1.000000000000000000 ) ) ;
#1801 = DIRECTION ( 'NONE',  ( -0.1908089953759582200, 0.9816271834477778800, 0.0000000000000000000 ) ) ;
#1802 = LINE ( 'NONE', #5158, #1373 ) ;
#1803 = ORIENTED_EDGE ( 'NONE', *, *, #5179, .F. ) ;
#1804 = ORIENTED_EDGE ( 'NONE', *, *, #4027, .F. ) ;
#1805 = FACE_OUTER_BOUND ( 'NONE', #5438, .T. ) ;
#1806 = VECTOR ( 'NONE', #1835, 1000.000000000000000 ) ;
#1807 = DIRECTION ( 'NONE',  ( 0.0000000000000000000, 0.0000000000000000000, 1.000000000000000000 ) ) ;
#1808 = STYLED_ITEM ( 'NONE', ( #2592 ), #2687 ) ;
#1809 = ADVANCED_FACE ( 'NONE', ( #1382 ), #1911, .T. ) ;
#1810 = ORIENTED_EDGE ( 'NONE', *, *, #5200, .F. ) ;
#1811 = ADVANCED_FACE ( 'NONE', ( #1279 ), #6914, .F. ) ;
#1812 = DIRECTION ( 'NONE',  ( 0.0000000000000000000, 0.0000000000000000000, 1.000000000000000000 ) ) ;
#1813 = EDGE_CURVE ( 'NONE', #3736, #5425, #1084, .T. ) ;
#1814 = FACE_OUTER_BOUND ( 'NONE', #975, .T. ) ;
#1815 = DIRECTION ( 'NONE',  ( 0.1908089951912106100, -0.9816271834836892700, 0.0000000000000000000 ) ) ;
#1816 = FACE_OUTER_BOUND ( 'NONE', #4738, .T. ) ;
#1817 = EDGE_LOOP ( 'NONE', ( #5694, #2238, #4167, #481 ) ) ;
#1818 = CYLINDRICAL_SURFACE ( 'NONE', #1991, 1.399999999999999900 ) ;
#1819 = CARTESIAN_POINT ( 'NONE',  ( 4.052505740564766900, 10.69465155173920900, 3.029890911057113800E-007 ) ) ;
#1820 = CARTESIAN_POINT ( 'NONE',  ( 1.050000000000000000, 6.500000000000002700, -9.850000000000001400 ) ) ;
#1821 = ORIENTED_EDGE ( 'NONE', *, *, #7626, .T. ) ;
#1822 = AXIS2_PLACEMENT_3D ( 'NONE', #3062, #7189, #2482 ) ;
#1823 = DIRECTION ( 'NONE',  ( -0.0000000000000000000, 1.000000000000000000, 0.0000000000000000000 ) ) ;
#1824 = CARTESIAN_POINT ( 'NONE',  ( -4.585571693000000300, -0.03118825700000001100, 2.376119310999999600 ) ) ;
#1825 = EDGE_LOOP ( 'NONE', ( #5361, #5229, #5207, #5320 ) ) ;
#1826 = ORIENTED_EDGE ( 'NONE', *, *, #6406, .T. ) ;
#1827 = CARTESIAN_POINT ( 'NONE',  ( 6.550901125459059700, -0.3500000000000343900, -0.4999999999999987200 ) ) ;
#1828 = FACE_OUTER_BOUND ( 'NONE', #934, .T. ) ;
#1829 = AXIS2_PLACEMENT_3D ( 'NONE', #4892, #1329, #5522 ) ;
#1830 = CARTESIAN_POINT ( 'NONE',  ( 4.500000000000002700, 0.0000000000000000000, -12.00000000000000000 ) ) ;
#1831 = ORIENTED_EDGE ( 'NONE', *, *, #3379, .F. ) ;
#1832 = EDGE_CURVE ( 'NONE', #1997, #4315, #1177, .T. ) ;
#1833 = VECTOR ( 'NONE', #2091, 1000.000000000000000 ) ;
#1834 = EDGE_CURVE ( 'NONE', #2632, #7473, #1094, .T. ) ;
#1835 = DIRECTION ( 'NONE',  ( -1.000000000000000000, -0.0000000000000000000, 0.0000000000000000000 ) ) ;
#1836 = CARTESIAN_POINT ( 'NONE',  ( 5.000000000000000000, 1.062544270549278900, 0.4402168443718502700 ) ) ;
#1837 = ADVANCED_FACE ( 'NONE', ( #961 ), #3371, .F. ) ;
#1838 = ORIENTED_EDGE ( 'NONE', *, *, #2229, .F. ) ;
#1839 = LINE ( 'NONE', #2245, #1777 ) ;
#1840 = CARTESIAN_POINT ( 'NONE',  ( 4.500000000000002700, 0.5000000000000001100, -0.3000000000000000400 ) ) ;
#1841 = ORIENTED_EDGE ( 'NONE', *, *, #5683, .T. ) ;
#1842 = CARTESIAN_POINT ( 'NONE',  ( -3.040333619758519100, 0.2506997438329607300, 2.497945705173052500 ) ) ;
#1843 = FACE_OUTER_BOUND ( 'NONE', #2142, .T. ) ;
#1844 = VECTOR ( 'NONE', #347, 1000.000000000000100 ) ;
#1845 = DIRECTION ( 'NONE',  ( 0.0000000000000000000, -0.0000000000000000000, -1.000000000000000000 ) ) ;
#1846 = AXIS2_PLACEMENT_3D ( 'NONE', #6134, #6176, #6033 ) ;
#1847 = ORIENTED_EDGE ( 'NONE', *, *, #7513, .T. ) ;
#1848 = EDGE_LOOP ( 'NONE', ( #7561, #4337, #3461, #905 ) ) ;
#1849 = DIRECTION ( 'NONE',  ( -1.000000000000000000, 0.0000000000000000000, 0.0000000000000000000 ) ) ;
#1850 = VERTEX_POINT ( 'NONE', #3427 ) ;
#1851 = LINE ( 'NONE', #4392, #1833 ) ;
#1852 = VECTOR ( 'NONE', #5619, 1000.000000000000000 ) ;
#1853 = CARTESIAN_POINT ( 'NONE',  ( 4.158058871099941100, 10.62296788333059200, -9.814512393151605900E-008 ) ) ;
#1854 = CARTESIAN_POINT ( 'NONE',  ( 0.6500000000000001300, -1.457986928011507600, 1.250000000000001100 ) ) ;
#1855 = ORIENTED_EDGE ( 'NONE', *, *, #1978, .T. ) ;
#1856 = CARTESIAN_POINT ( 'NONE',  ( -0.7245357177560299800, 2.817258573937857900, -1.887103554856157000 ) ) ;
#1857 = CARTESIAN_POINT ( 'NONE',  ( -4.913418357999999500, 0.6493483510000001000, 2.319259054999999400 ) ) ;
#1858 = EDGE_CURVE ( 'NONE', #7574, #5496, #819, .T. ) ;
#1859 = CARTESIAN_POINT ( 'NONE',  ( -3.500000000000000000, 1.000000000000000000, -3.799999998899999300 ) ) ;
#1860 = B_SPLINE_CURVE_WITH_KNOTS ( 'NONE', 3,
 ( #5402, #5478, #5860, #4441 ),
 .UNSPECIFIED., .F., .F.,
 ( 4, 4 ),
 ( 1.084202172485504400E-019, 3.953848406594536800E-005 ),
 .UNSPECIFIED. ) ;
#1861 = CARTESIAN_POINT ( 'NONE',  ( 2.293057806459547700, 2.305726728057261500, 0.4208712150000000800 ) ) ;
#1862 = VECTOR ( 'NONE', #5692, 1000.000000000000000 ) ;
#1863 = ADVANCED_FACE ( 'NONE', ( #804 ), #601, .F. ) ;
#1864 = ADVANCED_FACE ( 'NONE', ( #892 ), #527, .F. ) ;
#1865 = VERTEX_POINT ( 'NONE', #7681 ) ;
#1866 = ORIENTED_EDGE ( 'NONE', *, *, #1499, .T. ) ;
#1867 = VERTEX_POINT ( 'NONE', #6985 ) ;
#1868 = CARTESIAN_POINT ( 'NONE',  ( 0.4938962749900001100, 2.162295275930000000, -1.768721556809999900 ) ) ;
#1869 = DIRECTION ( 'NONE',  ( 0.0000000000000000000, 0.0000000000000000000, 1.000000000000000000 ) ) ;
#1870 = EDGE_CURVE ( 'NONE', #2095, #1908, #724, .T. ) ;
#1871 = VECTOR ( 'NONE', #2711, 1000.000000000000000 ) ;
#1872 = CARTESIAN_POINT ( 'NONE',  ( 8.650000000000101600, -0.6499999999999889200, 0.0000000000000000000 ) ) ;
#1873 = VECTOR ( 'NONE', #6407, 1000.000000000000000 ) ;
#1874 = CARTESIAN_POINT ( 'NONE',  ( -5.192830293938946800, 1.170127847804157000, 2.278644585865218900 ) ) ;
#1875 = CYLINDRICAL_SURFACE ( 'NONE', #3690, 3.849999999999999600 ) ;
#1876 = DIRECTION ( 'NONE',  ( -0.0000000000000000000, -0.0000000000000000000, 1.000000000000000000 ) ) ;
#1877 = AXIS2_PLACEMENT_3D ( 'NONE', #6357, #2827, #6921 ) ;
#1878 = ORIENTED_EDGE ( 'NONE', *, *, #6922, .T. ) ;
#1879 = DIRECTION ( 'NONE',  ( 0.1908089952863843700, -0.9816271834651894000, 0.0000000000000000000 ) ) ;
#1880 = CIRCLE ( 'NONE', #5911, 1.050000000000000000 ) ;
#1881 = VERTEX_POINT ( 'NONE', #561 ) ;
#1882 = AXIS2_PLACEMENT_3D ( 'NONE', #6216, #2682, #6775 ) ;
#1883 = PLANE ( 'NONE',  #5032 ) ;
#1884 = CARTESIAN_POINT ( 'NONE',  ( -4.812865698073801800, 1.337699593229400000, 2.254275905000001000 ) ) ;
#1885 = ORIENTED_EDGE ( 'NONE', *, *, #4615, .F. ) ;
#1886 = CARTESIAN_POINT ( 'NONE',  ( -1.575000000000000000, 0.1499999998996124400, -1.470000000000000000 ) ) ;
#1887 = VERTEX_POINT ( 'NONE', #6305 ) ;
#1888 = LINE ( 'NONE', #3906, #1726 ) ;
#1889 = CARTESIAN_POINT ( 'NONE',  ( -0.7500000000000000000, -3.500000000000000000, 0.0000000000000000000 ) ) ;
#1890 =( GEOMETRIC_REPRESENTATION_CONTEXT ( 3 ) GLOBAL_UNCERTAINTY_ASSIGNED_CONTEXT ( ( #2930 ) ) GLOBAL_UNIT_ASSIGNED_CONTEXT ( ( #5757, #2247, #6347 ) ) REPRESENTATION_CONTEXT ( 'NONE', 'WORKASPACE' ) );
#1891 = CARTESIAN_POINT ( 'NONE',  ( 3.008290412578037200, -7.161999999999989300, 0.2999999999999999300 ) ) ;
#1892 = ORIENTED_EDGE ( 'NONE', *, *, #7305, .T. ) ;
#1893 = EDGE_CURVE ( 'NONE', #3726, #1271, #449, .T. ) ;
#1894 = AXIS2_PLACEMENT_3D ( 'NONE', #5232, #5056, #6066 ) ;
#1895 = DIRECTION ( 'NONE',  ( -0.0000000000000000000, 1.000000000000000000, 0.0000000000000000000 ) ) ;
#1896 = DIRECTION ( 'NONE',  ( 0.0000000000000000000, 0.0000000000000000000, 1.000000000000000000 ) ) ;
#1897 = ADVANCED_FACE ( 'NONE', ( #535 ), #7380, .F. ) ;
#1898 = ORIENTED_EDGE ( 'NONE', *, *, #4378, .T. ) ;
#1899 = EDGE_CURVE ( 'NONE', #1412, #6451, #709, .T. ) ;
#1900 = ADVANCED_FACE ( 'NONE', ( #690 ), #817, .F. ) ;
#1901 = ORIENTED_EDGE ( 'NONE', *, *, #706, .T. ) ;
#1902 = ORIENTED_EDGE ( 'NONE', *, *, #6455, .T. ) ;
#1903 = LINE ( 'NONE', #3325, #1948 ) ;
#1904 = DIRECTION ( 'NONE',  ( 0.0000000000000000000, 0.9135454576425986500, 0.4067366430758052600 ) ) ;
#1905 = CYLINDRICAL_SURFACE ( 'NONE', #7110, 1.500000000010193200 ) ;
#1906 = ORIENTED_EDGE ( 'NONE', *, *, #7646, .F. ) ;
#1907 = CARTESIAN_POINT ( 'NONE',  ( 4.750000000000000000, 0.0000000000000000000, 0.0000000000000000000 ) ) ;
#1908 = VERTEX_POINT ( 'NONE', #4394 ) ;
#1909 = DIRECTION ( 'NONE',  ( 0.0000000000000000000, -1.000000000000000000, 1.224646799147353200E-016 ) ) ;
#1910 = CARTESIAN_POINT ( 'NONE',  ( -4.135527778253600000, 0.1549077616175000600, 2.408610884999999900 ) ) ;
#1911 = TOROIDAL_SURFACE ( 'NONE', #1348, 0.2000000000000074500, 0.3000000000000003800 ) ;
#1912 = ORIENTED_EDGE ( 'NONE', *, *, #6502, .T. ) ;
#1913 = DIRECTION ( 'NONE',  ( 0.0000000000000000000, -1.000000000000000000, 0.0000000000000000000 ) ) ;
#1914 = B_SPLINE_CURVE_WITH_KNOTS ( 'NONE', 3,
 ( #245, #226, #1471, #5651, #2124, #6238 ),
 .UNSPECIFIED., .F., .F.,
 ( 4, 2, 4 ),
 ( 0.0000000000000000000, 0.5000000000000000000, 1.000000000000000000 ),
 .UNSPECIFIED. ) ;
#1915 = FILL_AREA_STYLE_COLOUR ( '', #6983 ) ;
#1916 = ORIENTED_EDGE ( 'NONE', *, *, #1119, .F. ) ;
#1917 = VERTEX_POINT ( 'NONE', #6838 ) ;
#1918 = EDGE_CURVE ( 'NONE', #2857, #6351, #309, .T. ) ;
#1919 = CARTESIAN_POINT ( 'NONE',  ( -4.128696980499140200, 10.65339150231031700, -4.338978887346440400E-008 ) ) ;
#1920 = PLANE ( 'NONE',  #4451 ) ;
#1921 = DIRECTION ( 'NONE',  ( 1.000000000000000000, -0.0000000000000000000, 0.0000000000000000000 ) ) ;
#1922 = ORIENTED_EDGE ( 'NONE', *, *, #3261, .T. ) ;
#1923 = DIRECTION ( 'NONE',  ( 1.000000000000000000, 0.0000000000000000000, 0.0000000000000000000 ) ) ;
#1924 = STYLED_ITEM ( 'NONE', ( #1120 ), #3103 ) ;
#1925 = CARTESIAN_POINT ( 'NONE',  ( 1.750000000000000000, 6.500000000000002700, -9.850000000000001400 ) ) ;
#1926 = VECTOR ( 'NONE', #3348, 1000.000000000000000 ) ;
#1927 = EDGE_LOOP ( 'NONE', ( #3819, #3581, #3899, #3767 ) ) ;
#1928 = LINE ( 'NONE', #5180, #1715 ) ;
#1929 = DIRECTION ( 'NONE',  ( -1.000000000000000000, 0.0000000000000000000, -0.0000000000000000000 ) ) ;
#1930 = CARTESIAN_POINT ( 'NONE',  ( 1.479999999999791300, -3.153589838486153200, -0.5000000000000000000 ) ) ;
#1931 = ORIENTED_EDGE ( 'NONE', *, *, #1834, .F. ) ;
#1932 = LINE ( 'NONE', #5642, #1750 ) ;
#1933 = DIRECTION ( 'NONE',  ( -0.9784042043669677300, -0.1901825116132347900, 0.08096805020205519200 ) ) ;
#1934 = VECTOR ( 'NONE', #1581, 1000.000000000000000 ) ;
#1935 = CARTESIAN_POINT ( 'NONE',  ( 0.8000000000000003800, 0.0000000000000000000, 0.0000000000000000000 ) ) ;
#1936 = STYLED_ITEM ( 'NONE', ( #6785 ), #5396 ) ;
#1937 = DIRECTION ( 'NONE',  ( -0.9967415159479492400, 0.0000000000000000000, -0.08066195128921724300 ) ) ;
#1938 = FILL_AREA_STYLE ('',( #4013 ) ) ;
#1939 = VERTEX_POINT ( 'NONE', #5353 ) ;
#1940 = LINE ( 'NONE', #2675, #1957 ) ;
#1941 = DIRECTION ( 'NONE',  ( -1.000000000000000000, -0.0000000000000000000, -0.0000000000000000000 ) ) ;
#1942 = AXIS2_PLACEMENT_3D ( 'NONE', #7612, #4594, #4068 ) ;
#1943 = CARTESIAN_POINT ( 'NONE',  ( 4.749999999999999100, -7.744301232039364800E-017, 0.0000000000000000000 ) ) ;
#1944 = ADVANCED_FACE ( 'NONE', ( #7603, #7496 ), #549, .T. ) ;
#1945 = LINE ( 'NONE', #6042, #1926 ) ;
#1946 = ADVANCED_FACE ( 'NONE', ( #7407 ), #554, .F. ) ;
#1947 = ORIENTED_EDGE ( 'NONE', *, *, #4361, .T. ) ;
#1948 = VECTOR ( 'NONE', #7459, 1000.000000000000200 ) ;
#1949 = EDGE_CURVE ( 'NONE', #207, #4109, #7220, .T. ) ;
#1950 = EDGE_CURVE ( 'NONE', #1484, #4407, #6656, .T. ) ;
#1951 = ORIENTED_EDGE ( 'NONE', *, *, #6164, .T. ) ;
#1952 = FACE_OUTER_BOUND ( 'NONE', #5943, .T. ) ;
#1953 = DIRECTION ( 'NONE',  ( 0.3420201432206112500, -0.9396926208241461700, 0.0000000000000000000 ) ) ;
#1954 = DIRECTION ( 'NONE',  ( -0.0000000000000000000, -0.0000000000000000000, -1.000000000000000000 ) ) ;
#1955 = DIRECTION ( 'NONE',  ( 1.000000000000000000, 0.0000000000000000000, -0.0000000000000000000 ) ) ;
#1956 = DIRECTION ( 'NONE',  ( 0.0000000000000000000, 1.000000000000000000, 0.0000000000000000000 ) ) ;
#1957 = VECTOR ( 'NONE', #1437, 1000.000000000000100 ) ;
#1958 = ORIENTED_EDGE ( 'NONE', *, *, #3929, .F. ) ;
#1959 = CARTESIAN_POINT ( 'NONE',  ( 1.750000000000000000, 6.500000000000002700, -9.500000000000000000 ) ) ;
#1960 = ORIENTED_EDGE ( 'NONE', *, *, #696, .T. ) ;
#1961 = ORIENTED_EDGE ( 'NONE', *, *, #5484, .F. ) ;
#1962 = CIRCLE ( 'NONE', #5770, 3.849999999999999600 ) ;
#1963 = AXIS2_PLACEMENT_3D ( 'NONE', #3153, #3058, #3100 ) ;
#1964 = ORIENTED_EDGE ( 'NONE', *, *, #2795, .T. ) ;
#1965 = CARTESIAN_POINT ( 'NONE',  ( -3.028325616499999700, 0.1237632790000000000, -2.497991429999999900 ) ) ;
#1966 = CARTESIAN_POINT ( 'NONE',  ( 0.8000000000000003800, 1.224646799147353200E-016, -1.000000000000000000 ) ) ;
#1967 = EDGE_LOOP ( 'NONE', ( #3106, #372, #4357, #769 ) ) ;
#1968 = B_SPLINE_SURFACE_WITH_KNOTS ( 'NONE', 1, 3, ( 
 ( #2968, #1842, #3152, #3558, #3583, #3608, #3629 ),
 ( #3730, #4028, #4083, #4133, #4197, #4224, #4248 ),
 ( #4636, #4694, #4719, #4832, #4860, #5303, #4906 ) ),
 .UNSPECIFIED., .F., .F., .F.,
 ( 2, 1, 2 ),
 ( 4, 3, 4 ),
 ( -0.01000000000000000000, 0.0000000000000000000, 1.000000000000000000 ),
 ( -0.03415205992236365600, 0.0000000000000000000, 1.000000000000000000 ),
 .UNSPECIFIED. ) ;
#1969 = EDGE_CURVE ( 'NONE', #3636, #3336, #7321, .T. ) ;
#1970 = ORIENTED_EDGE ( 'NONE', *, *, #6795, .T. ) ;
#1971 = EDGE_CURVE ( 'NONE', #4672, #5660, #6483, .T. ) ;
#1972 = DIRECTION ( 'NONE',  ( -0.0000000000000000000, -0.0000000000000000000, -1.000000000000000000 ) ) ;
#1973 = LINE ( 'NONE', #757, #7601 ) ;
#1974 = CARTESIAN_POINT ( 'NONE',  ( 1.500000000093751200, 1.072026160044137000, 4.349999999996279100 ) ) ;
#1975 = PLANE ( 'NONE',  #5689 ) ;
#1976 = CARTESIAN_POINT ( 'NONE',  ( -1.499999999999998200, -7.161999999999992800, 0.0000000000000000000 ) ) ;
#1977 = B_SPLINE_SURFACE_WITH_KNOTS ( 'NONE', 1, 3, ( 
 ( #2399, #2764, #2373, #2241, #2216, #2187 ),
 ( #2166, #2106, #1766, #1707, #1678, #1476 ),
 ( #1034, #1008, #981, #956, #929, #902 ) ),
 .UNSPECIFIED., .F., .F., .F.,
 ( 2, 1, 2 ),
 ( 4, 2, 4 ),
 ( -0.01000000000000000000, 0.0000000000000000000, 1.000000000000000000 ),
 ( 0.0000000000000000000, 0.5000000000000000000, 1.000000000000000000 ),
 .UNSPECIFIED. ) ;
#1978 = EDGE_CURVE ( 'NONE', #3734, #3649, #6819, .T. ) ;
#1979 = ORIENTED_EDGE ( 'NONE', *, *, #5384, .F. ) ;
#1980 = VERTEX_POINT ( 'NONE', #1758 ) ;
#1981 = DIRECTION ( 'NONE',  ( -0.0000000000000000000, 0.0000000000000000000, 1.000000000000000000 ) ) ;
#1982 = ADVANCED_FACE ( 'NONE', ( #5290 ), #7702, .F. ) ;
#1983 = LINE ( 'NONE', #5115, #1934 ) ;
#1984 = DIRECTION ( 'NONE',  ( -1.000000000000000000, 0.0000000000000000000, 0.0000000000000000000 ) ) ;
#1985 = CIRCLE ( 'NONE', #5728, 0.7500000000000001100 ) ;
#1986 = AXIS2_PLACEMENT_3D ( 'NONE', #6361, #2834, #6926 ) ;
#1987 = CARTESIAN_POINT ( 'NONE',  ( 3.799999999999999400, 2.002687271779876200E-016, 0.7499999999459900900 ) ) ;
#1988 = ORIENTED_EDGE ( 'NONE', *, *, #1666, .T. ) ;
#1989 = CARTESIAN_POINT ( 'NONE',  ( 0.0000000000000000000, -0.3500000000358928200, 1.250000000000000000 ) ) ;
#1990 = CARTESIAN_POINT ( 'NONE',  ( 0.0000000000000000000, 6.500000000000002700, 9.616652222436709300 ) ) ;
#1991 = AXIS2_PLACEMENT_3D ( 'NONE', #5150, #2237, #5748 ) ;
#1992 = EDGE_LOOP ( 'NONE', ( #1438, #6613, #7675, #2323, #1038, #3921, #5174, #4244 ) ) ;
#1993 = EDGE_CURVE ( 'NONE', #581, #2095, #5084, .T. ) ;
#1994 = EDGE_CURVE ( 'NONE', #5693, #786, #4889, .T. ) ;
#1995 = EDGE_LOOP ( 'NONE', ( #6525, #5725, #4806, #3374, #2349, #4406 ) ) ;
#1996 = ORIENTED_EDGE ( 'NONE', *, *, #4950, .T. ) ;
#1997 = VERTEX_POINT ( 'NONE', #611 ) ;
#1998 = DIRECTION ( 'NONE',  ( -1.000000000000000000, -0.0000000000000000000, -0.0000000000000000000 ) ) ;
#1999 = PRODUCT_DEFINITION ( '未知', '', #2410, #5108 ) ;
#2000 = DIRECTION ( 'NONE',  ( 0.0000000000000000000, 0.0000000000000000000, 1.000000000000000000 ) ) ;
#2001 = ORIENTED_EDGE ( 'NONE', *, *, #676, .F. ) ;
#2002 = EDGE_CURVE ( 'NONE', #3632, #5441, #4695, .T. ) ;
#2003 = VERTEX_POINT ( 'NONE', #591 ) ;
#2004 = AXIS2_PLACEMENT_3D ( 'NONE', #5413, #7669, #7361 ) ;
#2005 = FACE_OUTER_BOUND ( 'NONE', #4508, .T. ) ;
#2006 = ORIENTED_EDGE ( 'NONE', *, *, #1978, .F. ) ;
#2007 = CARTESIAN_POINT ( 'NONE',  ( 1.500000000187502500, 1.072026160000000100, 4.349999999999999600 ) ) ;
#2008 = CARTESIAN_POINT ( 'NONE',  ( 1.910277041351734700, 2.180385850161649800, 0.5126081143114531400 ) ) ;
#2009 = DIRECTION ( 'NONE',  ( -0.0000000000000000000, -0.0000000000000000000, -1.000000000000000000 ) ) ;
#2010 = CARTESIAN_POINT ( 'NONE',  ( 3.999999999968031800, 11.00000000000000000, -0.3000000000036063300 ) ) ;
#2011 = EDGE_CURVE ( 'NONE', #5364, #5215, #5845, .T. ) ;
#2012 = ORIENTED_EDGE ( 'NONE', *, *, #6352, .F. ) ;
#2013 = CARTESIAN_POINT ( 'NONE',  ( 1.500000000333333600, 0.0000000000000000000, 1.013064053941488900E-011 ) ) ;
#2014 = VERTEX_POINT ( 'NONE', #1098 ) ;
#2015 = VECTOR ( 'NONE', #4014, 1000.000000000000000 ) ;
#2016 = ORIENTED_EDGE ( 'NONE', *, *, #6069, .F. ) ;
#2017 = ORIENTED_EDGE ( 'NONE', *, *, #3162, .T. ) ;
#2018 = CARTESIAN_POINT ( 'NONE',  ( -3.000000000375000000, 1.399999999999999700, -12.00000000000000000 ) ) ;
#2019 = EDGE_CURVE ( 'NONE', #5059, #4579, #4413, .T. ) ;
#2020 = DIRECTION ( 'NONE',  ( 1.000000000000000000, 0.0000000000000000000, -0.0000000000000000000 ) ) ;
#2021 = ORIENTED_EDGE ( 'NONE', *, *, #2011, .F. ) ;
#2022 = LINE ( 'NONE', #1037, #2015 ) ;
#2023 = VERTEX_POINT ( 'NONE', #2940 ) ;
#2024 = FACE_OUTER_BOUND ( 'NONE', #4949, .T. ) ;
#2025 = B_SPLINE_CURVE_WITH_KNOTS ( 'NONE', 3,
 ( #6202, #6225, #7366, #4833 ),
 .UNSPECIFIED., .F., .F.,
 ( 4, 4 ),
 ( 0.0000000000000000000, 3.953126569821933100E-005 ),
 .UNSPECIFIED. ) ;
#2026 = CARTESIAN_POINT ( 'NONE',  ( 4.000000000000000000, 6.500000000000002700, -3.299999999999999400 ) ) ;
#2027 = ADVANCED_FACE ( 'NONE', ( #4074 ), #1968, .T. ) ;
#2028 = CLOSED_SHELL ( 'NONE', ( #5392, #6534, #700, #6710, #2443, #3654, #5432, #1210, #1295, #4119, #1837, #7351, #4035, #1944, #6152, #6366, #6088, #626, #2296, #847, #2563, #6645, #2932, #5468, #2459, #1610, #5326, #4881, #4724, #3061, #4769, #4808, #1809, #6510, #3026, #658, #7236, #5370, #6610, #660, #739, #2599, #526, #1662, #402, #6010, #6577, #494, #7278, #2335, #4270 ) ) ;
#2029 = CARTESIAN_POINT ( 'NONE',  ( 2.162225390469721700, 2.382167152498779700, 0.4101406427805063300 ) ) ;
#2030 = EDGE_CURVE ( 'NONE', #6871, #438, #3253, .T. ) ;
#2031 = CARTESIAN_POINT ( 'NONE',  ( -1.480000000000060600, -3.846410161513768200, 0.0000000000000000000 ) ) ;
#2032 = DIRECTION ( 'NONE',  ( 0.0000000000000000000, 1.000000000000000000, 0.0000000000000000000 ) ) ;
#2033 = CARTESIAN_POINT ( 'NONE',  ( 3.849999999999999600, 0.0000000000000000000, 0.0000000000000000000 ) ) ;
#2034 = PLANE ( 'NONE',  #1364 ) ;
#2035 = LINE ( 'NONE', #1574, #1844 ) ;
#2036 = ORIENTED_EDGE ( 'NONE', *, *, #3320, .T. ) ;
#2037 = VECTOR ( 'NONE', #925, 1000.000000000000000 ) ;
#2038 = ORIENTED_EDGE ( 'NONE', *, *, #6774, .F. ) ;
#2039 = DIRECTION ( 'NONE',  ( -1.000000000000000000, 0.0000000000000000000, -0.0000000000000000000 ) ) ;
#2040 = CARTESIAN_POINT ( 'NONE',  ( 2.130308918564594000, 2.223155714453464200, -0.6331868454053610800 ) ) ;
#2041 = EDGE_LOOP ( 'NONE', ( #7479, #7699, #68, #118, #612, #646, #765, #832, #903, #991 ) ) ;
#2042 = AXIS2_PLACEMENT_3D ( 'NONE', #663, #6639, #3102 ) ;
#2043 = LINE ( 'NONE', #220, #1852 ) ;
#2044 = CIRCLE ( 'NONE', #5500, 0.5125227289999999500 ) ;
#2045 = PLANE ( 'NONE',  #5784 ) ;
#2046 = ORIENTED_EDGE ( 'NONE', *, *, #423, .T. ) ;
#2047 = DIRECTION ( 'NONE',  ( 0.1908089953769243600, -0.9816271834475901500, 0.0000000000000000000 ) ) ;
#2048 = ORIENTED_EDGE ( 'NONE', *, *, #580, .F. ) ;
#2049 = VECTOR ( 'NONE', #790, 1000.000000000000000 ) ;
#2050 = CARTESIAN_POINT ( 'NONE',  ( 0.8000000000000000400, 1.040949779275250300E-016, 1.600000000000000100 ) ) ;
#2051 = CARTESIAN_POINT ( 'NONE',  ( 0.0000000000000000000, 0.0000000000000000000, -2.500000000000000000 ) ) ;
#2052 = LINE ( 'NONE', #3085, #2418 ) ;
#2053 = VERTEX_POINT ( 'NONE', #1048 ) ;
#2054 = FACE_OUTER_BOUND ( 'NONE', #1817, .T. ) ;
#2055 = VECTOR ( 'NONE', #3266, 1000.000000000000000 ) ;
#2056 = ORIENTED_EDGE ( 'NONE', *, *, #3974, .T. ) ;
#2057 = CARTESIAN_POINT ( 'NONE',  ( 1.860882122948972300, 2.323591954974899600, -0.03524476790325905400 ) ) ;
#2058 = EDGE_CURVE ( 'NONE', #5015, #123, #3158, .T. ) ;
#2059 = ORIENTED_EDGE ( 'NONE', *, *, #2723, .T. ) ;
#2060 = EDGE_LOOP ( 'NONE', ( #3598, #3286, #258, #6132, #380, #1390, #5018, #4792, #2485, #1451 ) ) ;
#2061 = CARTESIAN_POINT ( 'NONE',  ( 8.650000000000087400, -0.5000000000000002200, -2.500000000000000000 ) ) ;
#2062 = DIRECTION ( 'NONE',  ( 1.000000000000000000, 0.0000000000000000000, 0.0000000000000000000 ) ) ;
#2063 = CARTESIAN_POINT ( 'NONE',  ( 1.944684555526511500, 2.187073993400322300, -0.5382338959899426500 ) ) ;
#2064 = EDGE_CURVE ( 'NONE', #5623, #1718, #3429, .T. ) ;
#2065 = CARTESIAN_POINT ( 'NONE',  ( 1.967384061961359200, 2.446165504198793100, 0.4999999999999998900 ) ) ;
#2066 = ADVANCED_FACE ( 'NONE', ( #2899 ), #2528, .F. ) ;
#2067 = CARTESIAN_POINT ( 'NONE',  ( -4.542694661540148000, 1.839231019074030200, 2.213661436155403000 ) ) ;
#2068 = EDGE_LOOP ( 'NONE', ( #747, #6552 ) ) ;
#2069 = CARTESIAN_POINT ( 'NONE',  ( 0.3500000000000000300, -1.680384757729336500, -1.250000000000000400 ) ) ;
#2070 = VERTEX_POINT ( 'NONE', #7233 ) ;
#2071 = CARTESIAN_POINT ( 'NONE',  ( 0.6249913867149000700, 1.927979359360400400, -1.760722740999999900 ) ) ;
#2072 = EDGE_CURVE ( 'NONE', #5435, #455, #2613, .T. ) ;
#2073 = VECTOR ( 'NONE', #1232, 1000.000000000000000 ) ;
#2074 = SURFACE_SIDE_STYLE ('',( #5715 ) ) ;
#2075 = CARTESIAN_POINT ( 'NONE',  ( -3.000000000025958800, 0.2500000004999999900, 2.499999999270626100 ) ) ;
#2076 = CARTESIAN_POINT ( 'NONE',  ( 2.273976906746785000, 2.403889446177697400, -0.4208712150029537100 ) ) ;
#2077 = AXIS2_PLACEMENT_3D ( 'NONE', #1522, #5697, #2176 ) ;
#2078 = CARTESIAN_POINT ( 'NONE',  ( 1.882705144000000200, 2.582513093999999800, 0.0000000000000000000 ) ) ;
#2079 = DIRECTION ( 'NONE',  ( 0.0000000000000000000, -0.0000000000000000000, -1.000000000000000000 ) ) ;
#2080 = VERTEX_POINT ( 'NONE', #7013 ) ;
#2081 = ORIENTED_EDGE ( 'NONE', *, *, #784, .F. ) ;
#2082 = DIRECTION ( 'NONE',  ( 2.710505411652235200E-016, -1.000000000000000000, 0.0000000000000000000 ) ) ;
#2083 = FACE_OUTER_BOUND ( 'NONE', #918, .T. ) ;
#2084 = CARTESIAN_POINT ( 'NONE',  ( -1.575000000000000000, 0.1500000000000000200, -2.299999999999999800 ) ) ;
#2085 = CARTESIAN_POINT ( 'NONE',  ( -1.499999999999998200, -7.161999999999992800, -0.5000000000000000000 ) ) ;
#2086 = DIRECTION ( 'NONE',  ( 0.0000000000000000000, 0.0000000000000000000, 1.000000000000000000 ) ) ;
#2087 = ORIENTED_EDGE ( 'NONE', *, *, #3645, .F. ) ;
#2088 = DIRECTION ( 'NONE',  ( 0.0000000000000000000, 0.0000000000000000000, 1.000000000000000000 ) ) ;
#2089 = PRESENTATION_LAYER_ASSIGNMENT (  '', '', ( #1219 ) ) ;
#2090 = CARTESIAN_POINT ( 'NONE',  ( -4.153391575942751300, 0.3713031062696921000, -4.339046907924843600E-008 ) ) ;
#2091 = DIRECTION ( 'NONE',  ( 0.3420201437190207900, -0.9396926206427399500, 3.930623182651165000E-011 ) ) ;
#2092 = CARTESIAN_POINT ( 'NONE',  ( 0.1175543732500000700, 2.327384173900000100, -1.808692120000000100 ) ) ;
#2093 = EDGE_LOOP ( 'NONE', ( #5634, #6461, #6637, #6743 ) ) ;
#2094 = FACE_OUTER_BOUND ( 'NONE', #2415, .T. ) ;
#2095 = VERTEX_POINT ( 'NONE', #5333 ) ;
#2096 = EDGE_CURVE ( 'NONE', #4667, #6365, #4507, .T. ) ;
#2097 = VECTOR ( 'NONE', #1955, 1000.000000000000000 ) ;
#2098 = EDGE_CURVE ( 'NONE', #6686, #5565, #2800, .T. ) ;
#2099 = CARTESIAN_POINT ( 'NONE',  ( 1.575000000000000000, 0.1500000000000000200, -2.299999999999999800 ) ) ;
#2100 = ADVANCED_FACE ( 'NONE', ( #2701 ), #1449, .T. ) ;
#2101 = ORIENTED_EDGE ( 'NONE', *, *, #4474, .F. ) ;
#2102 = ORIENTED_EDGE ( 'NONE', *, *, #6862, .F. ) ;
#2103 = DIRECTION ( 'NONE',  ( -0.0000000000000000000, 0.0000000000000000000, 1.000000000000000000 ) ) ;
#2104 = TOROIDAL_SURFACE ( 'NONE', #5516, 0.1999999999999987900, 0.3000000000000038200 ) ;
#2105 = ORIENTED_EDGE ( 'NONE', *, *, #866, .F. ) ;
#2106 = CARTESIAN_POINT ( 'NONE',  ( -0.4872738200000000200, 2.972317326999999800, 1.877876134000000800 ) ) ;
#2107 = VERTEX_POINT ( 'NONE', #6981 ) ;
#2108 = CARTESIAN_POINT ( 'NONE',  ( -4.135307709952053700, 0.1523923730041948400, -2.527967327000000300 ) ) ;
#2109 = CARTESIAN_POINT ( 'NONE',  ( 1.856487123247236400, 2.169930149257130600, 0.4658389147016194800 ) ) ;
#2110 = CIRCLE ( 'NONE', #2943, 1.750000000000000000 ) ;
#2111 = ORIENTED_EDGE ( 'NONE', *, *, #4285, .T. ) ;
#2112 = ORIENTED_EDGE ( 'NONE', *, *, #4993, .T. ) ;
#2113 = CARTESIAN_POINT ( 'NONE',  ( -4.768204702462084800, 1.757152076937035900, 2.229907223653982300 ) ) ;
#2114 = CARTESIAN_POINT ( 'NONE',  ( 4.143773583190107200, 0.3608448619915369800, -8.578181041820629400E-009 ) ) ;
#2115 = ORIENTED_EDGE ( 'NONE', *, *, #2605, .T. ) ;
#2116 = DIRECTION ( 'NONE',  ( -0.0000000000000000000, 0.0000000000000000000, 1.000000000000000000 ) ) ;
#2117 = ORIENTED_EDGE ( 'NONE', *, *, #3967, .F. ) ;
#2118 = EDGE_CURVE ( 'NONE', #1575, #5817, #1557, .T. ) ;
#2119 = FACE_OUTER_BOUND ( 'NONE', #5892, .T. ) ;
#2120 = ORIENTED_EDGE ( 'NONE', *, *, #3877, .F. ) ;
#2121 = VERTEX_POINT ( 'NONE', #5466 ) ;
#2122 = LINE ( 'NONE', #5187, #2049 ) ;
#2123 = AXIS2_PLACEMENT_3D ( 'NONE', #622, #4235, #1913 ) ;
#2124 = CARTESIAN_POINT ( 'NONE',  ( 0.4939996499167509900, 2.159768577362323000, -1.768717637475426800 ) ) ;
#2125 = CIRCLE ( 'NONE', #3501, 0.1500000005266407300 ) ;
#2126 = CYLINDRICAL_SURFACE ( 'NONE', #1544, 2.149999999999947500 ) ;
#2127 = DIRECTION ( 'NONE',  ( 0.0000000000000000000, 0.0000000000000000000, 1.000000000000000000 ) ) ;
#2128 = ORIENTED_EDGE ( 'NONE', *, *, #6187, .T. ) ;
#2129 = EDGE_CURVE ( 'NONE', #4109, #6284, #1258, .T. ) ;
#2130 = CARTESIAN_POINT ( 'NONE',  ( 0.0000000000000000000, 0.0000000000000000000, 0.0000000000000000000 ) ) ;
#2131 = CARTESIAN_POINT ( 'NONE',  ( -3.017431149029331300, -0.0007610587092772079300, 2.497991430323514900 ) ) ;
#2132 = DIRECTION ( 'NONE',  ( 0.0000000000000000000, 0.0000000000000000000, 1.000000000000000000 ) ) ;
#2133 = VECTOR ( 'NONE', #5090, 1000.000000000000000 ) ;
#2134 = CARTESIAN_POINT ( 'NONE',  ( 0.3699833389667269700, 1.914284078489417500, -1.776712533992702100 ) ) ;
#2135 = VERTEX_POINT ( 'NONE', #5418 ) ;
#2136 = SHAPE_REPRESENTATION ( 'DCJ235-05-03', ( #4775 ), #225 ) ;
#2137 = DIRECTION ( 'NONE',  ( -0.7313537020815966700, -0.6819983595666071500, 0.0000000000000000000 ) ) ;
#2138 = DIRECTION ( 'NONE',  ( 0.0000000000000000000, -1.000000000000000000, -8.673617379884027600E-016 ) ) ;
#2139 = ORIENTED_EDGE ( 'NONE', *, *, #3217, .F. ) ;
#2140 = LINE ( 'NONE', #2033, #5381 ) ;
#2141 = CARTESIAN_POINT ( 'NONE',  ( -0.3874981849316650500, 2.865321056552245300, -1.868632586631186600 ) ) ;
#2142 = EDGE_LOOP ( 'NONE', ( #2128, #2209, #2305, #2393 ) ) ;
#2143 = LINE ( 'NONE', #2612, #2055 ) ;
#2144 = CIRCLE ( 'NONE', #4954, 0.1000000000655268300 ) ;
#2145 = CARTESIAN_POINT ( 'NONE',  ( -4.961972257160647700, 1.590926483811246500, 2.246153011057728100 ) ) ;
#2146 = AXIS2_PLACEMENT_3D ( 'NONE', #4137, #537, #4697 ) ;
#2147 = ORIENTED_EDGE ( 'NONE', *, *, #4335, .T. ) ;
#2148 = CARTESIAN_POINT ( 'NONE',  ( 4.026410642009298400, 0.2997257113987457100, 2.071898353302381500E-014 ) ) ;
#2149 = EDGE_LOOP ( 'NONE', ( #570, #4414, #3788, #7124 ) ) ;
#2150 = ORIENTED_EDGE ( 'NONE', *, *, #7537, .T. ) ;
#2151 = CARTESIAN_POINT ( 'NONE',  ( -1.495645082799252700, -8.537031634394269400, 0.0005356623312291629200 ) ) ;
#2152 = CARTESIAN_POINT ( 'NONE',  ( -0.5703366156595171000, 2.694821468541472000, -1.868632586943650000 ) ) ;
#2153 = ORIENTED_EDGE ( 'NONE', *, *, #7685, .F. ) ;
#2154 = VECTOR ( 'NONE', #4904, 1000.000000000000000 ) ;
#2155 = ORIENTED_EDGE ( 'NONE', *, *, #3967, .T. ) ;
#2156 = ORIENTED_EDGE ( 'NONE', *, *, #1069, .F. ) ;
#2157 = CIRCLE ( 'NONE', #2573, 0.7299999999999998700 ) ;
#2158 = ORIENTED_EDGE ( 'NONE', *, *, #2271, .T. ) ;
#2159 =( GEOMETRIC_REPRESENTATION_CONTEXT ( 3 ) GLOBAL_UNCERTAINTY_ASSIGNED_CONTEXT ( ( #523 ) ) GLOBAL_UNIT_ASSIGNED_CONTEXT ( ( #4490, #921, #5110 ) ) REPRESENTATION_CONTEXT ( 'NONE', 'WORKASPACE' ) );
#2160 = CARTESIAN_POINT ( 'NONE',  ( 1.002993834102019900, -3.007006165897969700, 1.250000000000000000 ) ) ;
#2161 = PLANE ( 'NONE',  #1025 ) ;
#2162 = DIRECTION ( 'NONE',  ( 1.000000000000000000, -0.0000000000000000000, 0.0000000000000000000 ) ) ;
#2163 = EDGE_CURVE ( 'NONE', #4063, #5372, #1159, .T. ) ;
#2164 = CARTESIAN_POINT ( 'NONE',  ( 0.6245095931623868600, 1.930457971658053000, 1.760722741010092300 ) ) ;
#2165 = DIRECTION ( 'NONE',  ( -1.000000000000000000, -0.0000000000000000000, 0.0000000000000000000 ) ) ;
#2166 = CARTESIAN_POINT ( 'NONE',  ( -0.3874981870000001000, 2.865321061000000400, 1.868632587000000000 ) ) ;
#2167 = EDGE_CURVE ( 'NONE', #7151, #7344, #867, .T. ) ;
#2168 = DIRECTION ( 'NONE',  ( -0.9816271834751431100, -0.1908089952351766100, 0.0000000000000000000 ) ) ;
#2169 = DIRECTION ( 'NONE',  ( 0.0000000000000000000, 0.0000000000000000000, 1.000000000000000000 ) ) ;
#2170 = DIRECTION ( 'NONE',  ( -1.000000000000000000, 0.0000000000000000000, 0.0000000000000000000 ) ) ;
#2171 = LINE ( 'NONE', #831, #1871 ) ;
#2172 = VERTEX_POINT ( 'NONE', #3531 ) ;
#2173 = CARTESIAN_POINT ( 'NONE',  ( 9.300000000000064700, -0.6500000000008925300, -2.500000000000000000 ) ) ;
#2174 = CARTESIAN_POINT ( 'NONE',  ( 0.6245095931715504100, 1.930457971659834500, 1.760722740960290600 ) ) ;
#2175 = VECTOR ( 'NONE', #6099, 1000.000000000000000 ) ;
#2176 = DIRECTION ( 'NONE',  ( 1.000000000000000000, 1.084202172485319400E-015, 0.0000000000000000000 ) ) ;
#2177 = ORIENTED_EDGE ( 'NONE', *, *, #2258, .T. ) ;
#2178 = ORIENTED_EDGE ( 'NONE', *, *, #79, .T. ) ;
#2179 = LINE ( 'NONE', #2758, #2037 ) ;
#2180 =( LENGTH_UNIT ( ) NAMED_UNIT ( * ) SI_UNIT ( .MILLI., .METRE. ) );
#2181 = EDGE_CURVE ( 'NONE', #2702, #2423, #508, .T. ) ;
#2182 = ORIENTED_EDGE ( 'NONE', *, *, #2625, .T. ) ;
#2183 = CARTESIAN_POINT ( 'NONE',  ( 0.0000000000000000000, 0.0000000000000000000, -0.5000000000000000000 ) ) ;
#2184 = AXIS2_PLACEMENT_3D ( 'NONE', #743, #4913, #1355 ) ;
#2185 = CARTESIAN_POINT ( 'NONE',  ( 9.298074069840875900, -0.5999999999999999800, -0.5000000000000000000 ) ) ;
#2186 = CARTESIAN_POINT ( 'NONE',  ( 1.500000000000000000, -7.161999999999989300, 0.2999999999999999300 ) ) ;
#2187 = CARTESIAN_POINT ( 'NONE',  ( -1.193383629360000200, 3.060940989550000600, 1.924045491000000200 ) ) ;
#2188 = ORIENTED_EDGE ( 'NONE', *, *, #3624, .F. ) ;
#2189 = CARTESIAN_POINT ( 'NONE',  ( 4.999999999999999100, 1.011170126832280800, -0.5703809209127013200 ) ) ;
#2190 = EDGE_LOOP ( 'NONE', ( #1687, #2729, #5887, #6356 ) ) ;
#2191 = DIRECTION ( 'NONE',  ( 0.0000000000000000000, 1.000000000000000000, 0.0000000000000000000 ) ) ;
#2192 = CARTESIAN_POINT ( 'NONE',  ( 1.761456738682600100, 2.151458113737039200, 0.3478847380000130200 ) ) ;
#2193 = VERTEX_POINT ( 'NONE', #1925 ) ;
#2194 = EDGE_LOOP ( 'NONE', ( #3519, #3145, #407, #2985 ) ) ;
#2195 = CARTESIAN_POINT ( 'NONE',  ( -4.135307710101964900, 0.1523923729910793000, 2.408610884789334600 ) ) ;
#2196 = DIRECTION ( 'NONE',  ( -0.0000000000000000000, 0.9135454576426004200, -0.4067366430758009900 ) ) ;
#2197 = ORIENTED_EDGE ( 'NONE', *, *, #5551, .F. ) ;
#2198 = ORIENTED_EDGE ( 'NONE', *, *, #1729, .T. ) ;
#2199 = DIRECTION ( 'NONE',  ( 0.0000000000000000000, 0.0000000000000000000, 1.000000000000000000 ) ) ;
#2200 = CARTESIAN_POINT ( 'NONE',  ( 1.764082414850428600, 2.406647667384624400, 0.0000000000000000000 ) ) ;
#2201 = PRODUCT_DEFINITION_SHAPE ( 'NONE', 'NONE',  #7721 ) ;
#2202 = AXIS2_PLACEMENT_3D ( 'NONE', #7654, #505, #4665 ) ;
#2203 = ORIENTED_EDGE ( 'NONE', *, *, #4820, .F. ) ;
#2204 = ORIENTED_EDGE ( 'NONE', *, *, #2181, .T. ) ;
#2205 = EDGE_CURVE ( 'NONE', #6558, #7570, #5448, .T. ) ;
#2206 = CIRCLE ( 'NONE', #4300, 0.5000000000000004400 ) ;
#2207 = DIRECTION ( 'NONE',  ( 0.0000000000000000000, 0.0000000000000000000, 1.000000000000000000 ) ) ;
#2208 = DIRECTION ( 'NONE',  ( 0.0000000000000000000, 0.0000000000000000000, 1.000000000000000000 ) ) ;
#2209 = ORIENTED_EDGE ( 'NONE', *, *, #1832, .T. ) ;
#2210 = CARTESIAN_POINT ( 'NONE',  ( -4.771647821883727900, 1.418079462591154400, -2.246153010818933800 ) ) ;
#2211 = DIRECTION ( 'NONE',  ( 1.000000000000000000, 0.0000000000000000000, -0.0000000000000000000 ) ) ;
#2212 = CARTESIAN_POINT ( 'NONE',  ( 1.499999999999999800, -1.264902534566421900E-016, -12.00000000000000200 ) ) ;
#2213 = VERTEX_POINT ( 'NONE', #4159 ) ;
#2214 = CARTESIAN_POINT ( 'NONE',  ( -2.500000000000000000, 0.2500000002500000200, -3.500000000000000000 ) ) ;
#2215 = FACE_OUTER_BOUND ( 'NONE', #1082, .T. ) ;
#2216 = CARTESIAN_POINT ( 'NONE',  ( -1.055449343990000300, 3.111144963590000100, 1.914801944600000000 ) ) ;
#2217 = LINE ( 'NONE', #3928, #2413 ) ;
#2218 = AXIS2_PLACEMENT_3D ( 'NONE', #7506, #7618, #6376 ) ;
#2219 =( LENGTH_UNIT ( ) NAMED_UNIT ( * ) SI_UNIT ( .MILLI., .METRE. ) );
#2220 = CARTESIAN_POINT ( 'NONE',  ( -2.433618704727591500, 4.500000000000002700, -9.500000000000000000 ) ) ;
#2221 = VERTEX_POINT ( 'NONE', #4108 ) ;
#2222 = ORIENTED_EDGE ( 'NONE', *, *, #6852, .T. ) ;
#2223 = FACE_OUTER_BOUND ( 'NONE', #3187, .T. ) ;
#2224 = CARTESIAN_POINT ( 'NONE',  ( 4.999999999999999100, -1.110554372049175100, 0.3027855184219509500 ) ) ;
#2225 = DIRECTION ( 'NONE',  ( -0.0000000000000000000, -0.0000000000000000000, 1.000000000000000000 ) ) ;
#2226 = EDGE_LOOP ( 'NONE', ( #1674, #4858, #3999, #2980 ) ) ;
#2227 = CARTESIAN_POINT ( 'NONE',  ( 0.9438461648526715900, -3.297555482978782800, -2.168404344971008900E-016 ) ) ;
#2228 = CIRCLE ( 'NONE', #4176, 0.8000000057735434700 ) ;
#2229 = EDGE_CURVE ( 'NONE', #2213, #982, #4387, .T. ) ;
#2230 = DIRECTION ( 'NONE',  ( 0.0000000000000000000, 0.0000000000000000000, -1.000000000000000000 ) ) ;
#2231 = EDGE_LOOP ( 'NONE', ( #2508, #7274, #5012, #6401, #6194, #3871, #562, #4487, #3958, #1692, #6417, #3188 ) ) ;
#2232 = AXIS2_PLACEMENT_3D ( 'NONE', #1395, #901, #1341 ) ;
#2233 = CARTESIAN_POINT ( 'NONE',  ( 0.7000000000000000700, 3.122849337825750900E-016, -1.700000000000000000 ) ) ;
#2234 = VECTOR ( 'NONE', #6055, 1000.000000000000000 ) ;
#2235 = CIRCLE ( 'NONE', #4658, 1.700000000000000000 ) ;
#2236 = ORIENTED_EDGE ( 'NONE', *, *, #6874, .F. ) ;
#2237 = DIRECTION ( 'NONE',  ( -1.000000000000000000, -3.097720492815727200E-016, -0.0000000000000000000 ) ) ;
#2238 = ORIENTED_EDGE ( 'NONE', *, *, #579, .T. ) ;
#2239 = CARTESIAN_POINT ( 'NONE',  ( 1.279212960000000200, 2.149403921000000700, 0.5125227289999998400 ) ) ;
#2240 = CARTESIAN_POINT ( 'NONE',  ( 3.000000000000000000, 4.500000000000003600, -0.6000000000000000900 ) ) ;
#2241 = CARTESIAN_POINT ( 'NONE',  ( -0.9029522069200001100, 3.119767420200000500, 1.905574523000000100 ) ) ;
#2242 = ORIENTED_EDGE ( 'NONE', *, *, #2689, .T. ) ;
#2243 = LINE ( 'NONE', #6886, #2234 ) ;
#2244 = LINE ( 'NONE', #2525, #2154 ) ;
#2245 = CARTESIAN_POINT ( 'NONE',  ( -1.500000000000000000, 1.072026160000598900, 4.349999999988570600 ) ) ;
#2246 = CARTESIAN_POINT ( 'NONE',  ( 0.9428882919114134300, -3.297077562964724000, 1.250000000000000900 ) ) ;
#2247 =( NAMED_UNIT ( * ) PLANE_ANGLE_UNIT ( ) SI_UNIT ( $, .RADIAN. ) );
#2248 = DIRECTION ( 'NONE',  ( -0.0000000000000000000, -0.0000000000000000000, -1.000000000000000000 ) ) ;
#2249 = EDGE_LOOP ( 'NONE', ( #3888, #1148, #6751, #38 ) ) ;
#2250 = AXIS2_PLACEMENT_3D ( 'NONE', #6012, #1243, #5446 ) ;
#2251 = CARTESIAN_POINT ( 'NONE',  ( -4.200000000010776400, 0.3000000000000000400, 0.0000000000000000000 ) ) ;
#2252 = AXIS2_PLACEMENT_3D ( 'NONE', #3693, #2558, #6659 ) ;
#2253 = CARTESIAN_POINT ( 'NONE',  ( 4.999999999999999100, -0.1472710043517866100, 1.149738924802963200 ) ) ;
#2254 = ADVANCED_FACE ( 'NONE', ( #4321 ), #4307, .F. ) ;
#2255 = CARTESIAN_POINT ( 'NONE',  ( 1.480000000000009100, -3.846410161513791300, -0.5000000000000000000 ) ) ;
#2256 = EDGE_CURVE ( 'NONE', #6497, #5513, #4683, .T. ) ;
#2257 = DIRECTION ( 'NONE',  ( -1.000000000000000000, 1.662400058404755500E-032, 3.701697762930919200E-016 ) ) ;
#2258 = EDGE_CURVE ( 'NONE', #3500, #172, #5163, .T. ) ;
#2259 = ORIENTED_EDGE ( 'NONE', *, *, #3078, .F. ) ;
#2260 = CARTESIAN_POINT ( 'NONE',  ( 0.5003002597900999500, 1.903741859180700000, 1.768721576191900000 ) ) ;
#2261 = ORIENTED_EDGE ( 'NONE', *, *, #2262, .F. ) ;
#2262 = EDGE_CURVE ( 'NONE', #3939, #7448, #7671, .T. ) ;
#2263 = ORIENTED_EDGE ( 'NONE', *, *, #3352, .T. ) ;
#2264 = DIRECTION ( 'NONE',  ( 0.0000000000000000000, -1.000000000000000000, -0.0000000000000000000 ) ) ;
#2265 = APPLICATION_CONTEXT ( 'automotive_design' ) ;
#2266 = VECTOR ( 'NONE', #4069, 1000.000000000000000 ) ;
#2267 = CARTESIAN_POINT ( 'NONE',  ( 4.750000000000000000, 1.224646799147353200E-016, -1.000000000000000000 ) ) ;
#2268 = VECTOR ( 'NONE', #5828, 1000.000000000000000 ) ;
#2269 = DIRECTION ( 'NONE',  ( 0.0000000000000000000, 0.0000000000000000000, -1.000000000000000000 ) ) ;
#2270 = AXIS2_PLACEMENT_3D ( 'NONE', #4403, #5532, #3030 ) ;
#2271 = EDGE_CURVE ( 'NONE', #3636, #3276, #4238, .T. ) ;
#2272 = CARTESIAN_POINT ( 'NONE',  ( 1.367251473000000300, 2.227639876000000500, 0.4618481690000000900 ) ) ;
#2273 = CARTESIAN_POINT ( 'NONE',  ( 2.226274658000000400, 2.649296242000000100, 0.4378679660000001600 ) ) ;
#2274 = DIRECTION ( 'NONE',  ( -0.1908089953769238600, 0.9816271834475903700, 0.0000000000000000000 ) ) ;
#2275 = DIRECTION ( 'NONE',  ( 0.0000000000000000000, 0.0000000000000000000, -1.000000000000000000 ) ) ;
#2276 = VERTEX_POINT ( 'NONE', #576 ) ;
#2277 = DIRECTION ( 'NONE',  ( -0.0000000000000000000, 1.000000000000000000, -0.0000000000000000000 ) ) ;
#2278 =( NAMED_UNIT ( * ) SI_UNIT ( $, .STERADIAN. ) SOLID_ANGLE_UNIT ( ) );
#2279 = DIRECTION ( 'NONE',  ( -0.3420201441231848200, 0.9396926204956362900, -1.067678929912487500E-010 ) ) ;
#2280 = VERTEX_POINT ( 'NONE', #5209 ) ;
#2281 = EDGE_CURVE ( 'NONE', #4255, #4914, #4225, .T. ) ;
#2282 = CARTESIAN_POINT ( 'NONE',  ( -5.210112672129999300, 0.9221410376900001100, -2.294890372999999900 ) ) ;
#2283 = CARTESIAN_POINT ( 'NONE',  ( -1.499999999999998000, -8.097554351604017600, 0.3881447567674577400 ) ) ;
#2284 = ORIENTED_EDGE ( 'NONE', *, *, #7600, .T. ) ;
#2285 = CARTESIAN_POINT ( 'NONE',  ( -3.000000000000000000, 1.399999999999999700, -12.00000000000000000 ) ) ;
#2286 = CARTESIAN_POINT ( 'NONE',  ( 0.0000000000000000000, 0.0000000000000000000, 0.0000000000000000000 ) ) ;
#2287 = CARTESIAN_POINT ( 'NONE',  ( 0.5768073449999999700, 2.175864764000000000, 1.760722740999999900 ) ) ;
#2288 = ORIENTED_EDGE ( 'NONE', *, *, #3667, .T. ) ;
#2289 = CIRCLE ( 'NONE', #5094, 1.600000000000000100 ) ;
#2290 = CARTESIAN_POINT ( 'NONE',  ( 0.9051923788646621900, -2.642006165897974300, -1.250000000000000400 ) ) ;
#2291 = DIRECTION ( 'NONE',  ( 1.000000000000000000, 0.0000000000000000000, -0.0000000000000000000 ) ) ;
#2292 = PRODUCT_CONTEXT ( 'NONE', #2265, 'mechanical' ) ;
#2293 = EDGE_CURVE ( 'NONE', #496, #3210, #7401, .T. ) ;
#2294 = DIRECTION ( 'NONE',  ( 0.0000000000000000000, -1.000000000000000000, 0.0000000000000000000 ) ) ;
#2295 = ORIENTED_EDGE ( 'NONE', *, *, #2205, .T. ) ;
#2296 = ADVANCED_FACE ( 'NONE', ( #4230 ), #6398, .F. ) ;
#2297 = DIRECTION ( 'NONE',  ( 1.000000000000000000, -0.0000000000000000000, -0.0000000000000000000 ) ) ;
#2298 = FACE_OUTER_BOUND ( 'NONE', #587, .T. ) ;
#2299 = AXIS2_PLACEMENT_3D ( 'NONE', #6326, #345, #5136 ) ;
#2300 = CARTESIAN_POINT ( 'NONE',  ( 0.4939996495554275200, 2.159768577365131400, 1.768717637504195500 ) ) ;
#2301 = CARTESIAN_POINT ( 'NONE',  ( 4.500000000000002700, 6.500000000000002700, -3.299999999999999800 ) ) ;
#2302 = LINE ( 'NONE', #3120, #5543 ) ;
#2303 = ORIENTED_EDGE ( 'NONE', *, *, #6143, .F. ) ;
#2304 = CARTESIAN_POINT ( 'NONE',  ( -7.500000000000000000, 0.0000000000000000000, 0.0000000000000000000 ) ) ;
#2305 = ORIENTED_EDGE ( 'NONE', *, *, #1372, .T. ) ;
#2306 = VECTOR ( 'NONE', #6850, 1000.000000000000000 ) ;
#2307 = CARTESIAN_POINT ( 'NONE',  ( 0.0000000000000000000, -0.3500000000000000300, 1.250000000000000000 ) ) ;
#2308 = CARTESIAN_POINT ( 'NONE',  ( -4.888750572999999400, 0.1640458540000001300, -2.351750628999999200 ) ) ;
#2309 =( NAMED_UNIT ( * ) SI_UNIT ( $, .STERADIAN. ) SOLID_ANGLE_UNIT ( ) );
#2310 = EDGE_LOOP ( 'NONE', ( #1090, #1186, #1710, #1831 ) ) ;
#2311 = ORIENTED_EDGE ( 'NONE', *, *, #1452, .T. ) ;
#2312 = CARTESIAN_POINT ( 'NONE',  ( -1.499999999999998400, -8.300922675490229000, -0.06862797732823638900 ) ) ;
#2313 = CARTESIAN_POINT ( 'NONE',  ( 0.0000000000000000000, 0.0000000000000000000, -2.500000000000000000 ) ) ;
#2314 =( GEOMETRIC_REPRESENTATION_CONTEXT ( 3 ) GLOBAL_UNCERTAINTY_ASSIGNED_CONTEXT ( ( #1099 ) ) GLOBAL_UNIT_ASSIGNED_CONTEXT ( ( #6913, #3395, #7532 ) ) REPRESENTATION_CONTEXT ( 'NONE', 'WORKASPACE' ) );
#2315 = ORIENTED_EDGE ( 'NONE', *, *, #6489, .F. ) ;
#2316 = APPLICATION_CONTEXT ( 'automotive_design' ) ;
#2317 = DIRECTION ( 'NONE',  ( 0.1908089953769231400, -0.9816271834475903700, 0.0000000000000000000 ) ) ;
#2318 = CYLINDRICAL_SURFACE ( 'NONE', #3113, 0.7500000000000001100 ) ;
#2319 = ORIENTED_EDGE ( 'NONE', *, *, #7584, .F. ) ;
#2320 = VECTOR ( 'NONE', #297, 1000.000000000000000 ) ;
#2321 = EDGE_CURVE ( 'NONE', #3365, #5552, #4231, .T. ) ;
#2322 = CARTESIAN_POINT ( 'NONE',  ( -4.500000000000002700, 3.949999999999999700, -9.950000000000001100 ) ) ;
#2323 = ORIENTED_EDGE ( 'NONE', *, *, #2842, .F. ) ;
#2324 = CARTESIAN_POINT ( 'NONE',  ( 2.302598256000000000, 2.256645368999999200, -0.6500000000000001300 ) ) ;
#2325 = CARTESIAN_POINT ( 'NONE',  ( 0.0000000000000000000, 6.349999999999999600, 0.0000000000000000000 ) ) ;
#2326 = DIRECTION ( 'NONE',  ( 0.0000000000000000000, 0.0000000000000000000, 1.000000000000000000 ) ) ;
#2327 = LINE ( 'NONE', #5062, #2133 ) ;
#2328 = ORIENTED_EDGE ( 'NONE', *, *, #2455, .F. ) ;
#2329 = CIRCLE ( 'NONE', #1117, 1.175000000000000000 ) ;
#2330 = CARTESIAN_POINT ( 'NONE',  ( -2.500000000000000000, 0.2500000000000000000, -3.000000000000000000 ) ) ;
#2331 = ORIENTED_EDGE ( 'NONE', *, *, #4821, .F. ) ;
#2332 = VECTOR ( 'NONE', #6779, 1000.000000000000000 ) ;
#2333 = CARTESIAN_POINT ( 'NONE',  ( -4.135307710000000200, 0.1523923700000000300, -2.408610884999999900 ) ) ;
#2334 = CIRCLE ( 'NONE', #2719, 0.8421720712301092900 ) ;
#2335 = ADVANCED_FACE ( 'NONE', ( #4151 ), #5405, .F. ) ;
#2336 = CARTESIAN_POINT ( 'NONE',  ( -0.3874981849316650500, 2.865321056552245300, -1.868632586631186600 ) ) ;
#2337 = CARTESIAN_POINT ( 'NONE',  ( -1.575000000000000000, 3.149999999999999900, -1.470000000000000000 ) ) ;
#2338 = DIRECTION ( 'NONE',  ( 0.0000000000000000000, 0.0000000000000000000, 1.000000000000000000 ) ) ;
#2339 = ORIENTED_EDGE ( 'NONE', *, *, #7468, .T. ) ;
#2340 = LINE ( 'NONE', #6802, #2332 ) ;
#2341 = EDGE_CURVE ( 'NONE', #381, #1753, #4064, .T. ) ;
#2342 = DIRECTION ( 'NONE',  ( 1.000000000000000000, 1.120579657377428300E-010, 0.0000000000000000000 ) ) ;
#2343 = CIRCLE ( 'NONE', #4538, 0.1500000003997577200 ) ;
#2344 = EDGE_LOOP ( 'NONE', ( #5556, #1892, #1912, #5019 ) ) ;
#2345 = B_SPLINE_SURFACE_WITH_KNOTS ( 'NONE', 1, 3, ( 
 ( #5133, #311, #7538, #3994, #391, #4551, #989, #5194, #1630, #5789, #2282, #6378, #2853, #6945, #3432, #7564, #4016, #415 ),
 ( #4575, #1014, #5213, #1660, #5820, #2308, #6400, #2878, #6976, #3450, #7596, #4049, #444, #4603, #1040, #5244, #1684, #5847 ),
 ( #2333, #6430, #2904, #7000, #3478, #7621, #4077, #475, #4629, #1063, #5275, #1716, #5867, #2357, #6456, #2928, #7034, #3502 ),
 ( #7648, #4102, #502, #4659, #1088, #5296, #1749, #5895, #2380, #6476, #2962, #7062, #3525, #7670, #4130, #524, #4687, #1122 ) ),
 .UNSPECIFIED., .F., .F., .F.,
 ( 2, 1, 1, 2 ),
 ( 4, 2, 2, 2, 2, 2, 2, 2, 4 ),
 ( -0.01000000000000000000, 0.0000000000000000000, 1.000000000000000000, 1.010100000000000000 ),
 ( 0.0000000000000000000, 0.1250000000000000000, 0.2500000000000000000, 0.3750000000000000600, 0.5000000000000000000, 0.6250000000000001100, 0.7500000000000001100, 0.8750000000000001100, 1.000000000000000000 ),
 .UNSPECIFIED. ) ;
#2346 = DIRECTION ( 'NONE',  ( 1.000000000000000000, 4.629791292039925600E-017, -0.0000000000000000000 ) ) ;
#2347 = ORIENTED_EDGE ( 'NONE', *, *, #290, .F. ) ;
#2348 = AXIS2_PLACEMENT_3D ( 'NONE', #5276, #1719, #5872 ) ;
#2349 = ORIENTED_EDGE ( 'NONE', *, *, #7692, .T. ) ;
#2350 = CARTESIAN_POINT ( 'NONE',  ( 0.0000000000000000000, 6.500000000000002700, -9.500000000000000000 ) ) ;
#2351 = EDGE_LOOP ( 'NONE', ( #5520, #2105, #60, #602 ) ) ;
#2352 = DIRECTION ( 'NONE',  ( 0.08065994282782985900, 0.007056830333758851300, -0.9967166973461675200 ) ) ;
#2353 = DIRECTION ( 'NONE',  ( 0.0000000000000000000, 0.0000000000000000000, 1.000000000000000000 ) ) ;
#2354 = PLANE ( 'NONE',  #1676 ) ;
#2355 = PRESENTATION_LAYER_ASSIGNMENT (  '', '', ( #1936 ) ) ;
#2356 = VERTEX_POINT ( 'NONE', #520 ) ;
#2357 = CARTESIAN_POINT ( 'NONE',  ( -4.814933703999999500, 1.339179718999999900, -2.254275905000001000 ) ) ;
#2358 = CARTESIAN_POINT ( 'NONE',  ( 1.499878708363748400, -8.626311989950869100, 0.5005356623312253700 ) ) ;
#2359 = CARTESIAN_POINT ( 'NONE',  ( 2.273976906240588100, 2.403889446821526800, 0.6500000000000001300 ) ) ;
#2360 = EDGE_CURVE ( 'NONE', #7222, #1467, #4041, .T. ) ;
#2361 = DIRECTION ( 'NONE',  ( 0.0000000000000000000, -0.0000000000000000000, 1.000000000000000000 ) ) ;
#2362 = EDGE_CURVE ( 'NONE', #2915, #7138, #4146, .T. ) ;
#2363 = CIRCLE ( 'NONE', #5151, 1.700000000000000000 ) ;
#2364 = VECTOR ( 'NONE', #7572, 1000.000000000000000 ) ;
#2365 = CARTESIAN_POINT ( 'NONE',  ( -1.483414613336321300, -8.626311989950869100, 0.0005356623312257119100 ) ) ;
#2366 = EDGE_LOOP ( 'NONE', ( #1032, #2542, #2770, #3989, #3240, #3493, #4390, #6474, #6647, #6800, #7097, #7322 ) ) ;
#2367 = CARTESIAN_POINT ( 'NONE',  ( 1.500000000000000000, -7.161999999999991000, 0.0000000000000000000 ) ) ;
#2368 = FACE_OUTER_BOUND ( 'NONE', #5832, .T. ) ;
#2369 = ADVANCED_FACE ( 'NONE', ( #4047 ), #7642, .T. ) ;
#2370 = AXIS2_PLACEMENT_3D ( 'NONE', #1239, #1543, #1516 ) ;
#2371 = CARTESIAN_POINT ( 'NONE',  ( 2.302598255999999100, 2.256645368999999200, -0.5885345699999997600 ) ) ;
#2372 = DIRECTION ( 'NONE',  ( 0.0000000000000000000, 0.0000000000000000000, -1.000000000000000000 ) ) ;
#2373 = CARTESIAN_POINT ( 'NONE',  ( -0.6177394542600001000, 3.051293896410000300, 1.887103554999999900 ) ) ;
#2374 = EDGE_LOOP ( 'NONE', ( #3321, #242, #5917, #4716 ) ) ;
#2375 = CARTESIAN_POINT ( 'NONE',  ( 3.008290412578037200, -7.284020994961842600, 0.02593635812729626700 ) ) ;
#2376 = VERTEX_POINT ( 'NONE', #7590 ) ;
#2377 = DIRECTION ( 'NONE',  ( 0.0000000000000000000, -0.0000000000000000000, 1.000000000000000000 ) ) ;
#2378 = EDGE_CURVE ( 'NONE', #7167, #4938, #3863, .T. ) ;
#2379 = DIRECTION ( 'NONE',  ( -1.000000000000000000, -0.0000000000000000000, 0.0000000000000000000 ) ) ;
#2380 = CARTESIAN_POINT ( 'NONE',  ( -4.911018787071999000, 0.6501906574781001200, -2.319259054999999400 ) ) ;
#2381 = ORIENTED_EDGE ( 'NONE', *, *, #6069, .T. ) ;
#2382 = VECTOR ( 'NONE', #2901, 1000.000000000000000 ) ;
#2383 = CARTESIAN_POINT ( 'NONE',  ( 2.149999999999947500, 0.0000000000000000000, -0.5000000000000000000 ) ) ;
#2384 = CARTESIAN_POINT ( 'NONE',  ( -1.107023542999999900, 2.823668602999999300, -1.924045491000000200 ) ) ;
#2385 = DIRECTION ( 'NONE',  ( 0.0000000000000000000, -0.0000000000000000000, 1.000000000000000000 ) ) ;
#2386 = VERTEX_POINT ( 'NONE', #6472 ) ;
#2387 = ORIENTED_EDGE ( 'NONE', *, *, #5710, .T. ) ;
#2388 = ORIENTED_EDGE ( 'NONE', *, *, #5792, .T. ) ;
#2389 = DIRECTION ( 'NONE',  ( 0.8948067165292166200, -0.4464537378656406900, 0.0000000000000000000 ) ) ;
#2390 = EDGE_CURVE ( 'NONE', #2, #3827, #3872, .T. ) ;
#2391 = DIRECTION ( 'NONE',  ( -1.000000000000000000, 0.0000000000000000000, 0.0000000000000000000 ) ) ;
#2392 = VERTEX_POINT ( 'NONE', #7223 ) ;
#2393 = ORIENTED_EDGE ( 'NONE', *, *, #6696, .T. ) ;
#2394 = AXIS2_PLACEMENT_3D ( 'NONE', #6971, #4043, #6397 ) ;
#2395 = CARTESIAN_POINT ( 'NONE',  ( -5.205447083240000200, 0.7999976617400002000, 2.303013267000000300 ) ) ;
#2396 = DIRECTION ( 'NONE',  ( 1.000000000000000000, 0.0000000000000000000, 0.0000000000000000000 ) ) ;
#2397 = VECTOR ( 'NONE', #3421, 1000.000000000000000 ) ;
#2398 = ORIENTED_EDGE ( 'NONE', *, *, #4193, .T. ) ;
#2399 = CARTESIAN_POINT ( 'NONE',  ( -0.3856698027400001200, 2.867026056900000300, 1.868632587000000000 ) ) ;
#2400 = AXIS2_PLACEMENT_3D ( 'NONE', #6338, #6908, #4519 ) ;
#2401 = ORIENTED_EDGE ( 'NONE', *, *, #2952, .F. ) ;
#2402 = EDGE_CURVE ( 'NONE', #7176, #5162, #3862, .T. ) ;
#2403 = ORIENTED_EDGE ( 'NONE', *, *, #3465, .T. ) ;
#2404 = ORIENTED_EDGE ( 'NONE', *, *, #4778, .F. ) ;
#2405 = EDGE_CURVE ( 'NONE', #5649, #6013, #4057, .T. ) ;
#2406 = LINE ( 'NONE', #5682, #2320 ) ;
#2407 = DIRECTION ( 'NONE',  ( -1.000000000000000000, 0.0000000000000000000, 0.0000000000000000000 ) ) ;
#2408 = ADVANCED_FACE ( 'NONE', ( #3768 ), #4767, .T. ) ;
#2409 = VERTEX_POINT ( 'NONE', #4682 ) ;
#2410 = PRODUCT_DEFINITION_FORMATION_WITH_SPECIFIED_SOURCE ( '任何', '', #2428, .NOT_KNOWN. ) ;
#2411 = FACE_OUTER_BOUND ( 'NONE', #3781, .T. ) ;
#2412 = VERTEX_POINT ( 'NONE', #1276 ) ;
#2413 = VECTOR ( 'NONE', #324, 1000.000000000000000 ) ;
#2414 = EDGE_CURVE ( 'NONE', #5325, #14, #3673, .T. ) ;
#2415 = EDGE_LOOP ( 'NONE', ( #6924, #7210, #7414, #161 ) ) ;
#2416 = CARTESIAN_POINT ( 'NONE',  ( -3.700000000000000200, 3.149999999999999900, -1.470000000000000000 ) ) ;
#2417 = CARTESIAN_POINT ( 'NONE',  ( 2.999999999333332800, 4.500000000000002700, -12.00000000000000000 ) ) ;
#2418 = VECTOR ( 'NONE', #7218, 1000.000000000000000 ) ;
#2419 = EDGE_CURVE ( 'NONE', #4667, #3500, #3844, .T. ) ;
#2420 = DIRECTION ( 'NONE',  ( 0.0000000000000000000, 0.0000000000000000000, -1.000000000000000000 ) ) ;
#2421 = CARTESIAN_POINT ( 'NONE',  ( 8.800000000000089500, -0.6499999999999829200, 2.168404344971008900E-016 ) ) ;
#2422 = EDGE_LOOP ( 'NONE', ( #1960, #5704, #5222, #5912 ) ) ;
#2423 = VERTEX_POINT ( 'NONE', #1651 ) ;
#2424 = CARTESIAN_POINT ( 'NONE',  ( 9.300000000000064700, -0.3500000000000343900, 0.0000000000000000000 ) ) ;
#2425 = CARTESIAN_POINT ( 'NONE',  ( -4.942851905000000400, 1.580398634000000000, 2.246153011000000100 ) ) ;
#2426 = ORIENTED_EDGE ( 'NONE', *, *, #5794, .F. ) ;
#2427 = EDGE_CURVE ( 'NONE', #3223, #2080, #3666, .T. ) ;
#2428 = PRODUCT ( 'DCJ235-05-A-K1-K_revA', 'DCJ235-05-A-K1-K_revA', '', ( #1000 ) ) ;
#2429 = CARTESIAN_POINT ( 'NONE',  ( 6.133787368051004700, 0.0000000000000000000, -2.500000000000000000 ) ) ;
#2430 = ADVANCED_FACE ( 'NONE', ( #3686 ), #3584, .T. ) ;
#2431 = ORIENTED_EDGE ( 'NONE', *, *, #3565, .T. ) ;
#2432 = ORIENTED_EDGE ( 'NONE', *, *, #3027, .F. ) ;
#2433 = CARTESIAN_POINT ( 'NONE',  ( -3.500000000062499800, 1.000000000011718600, -3.799999999449999300 ) ) ;
#2434 = CARTESIAN_POINT ( 'NONE',  ( 5.000000000000000000, 0.3034330225374264300, 1.110298634715788800 ) ) ;
#2435 = CARTESIAN_POINT ( 'NONE',  ( -0.06711243309123024500, 2.155179590097831900, -1.808692119963483300 ) ) ;
#2436 = VERTEX_POINT ( 'NONE', #5976 ) ;
#2437 = EDGE_CURVE ( 'NONE', #879, #2471, #3756, .T. ) ;
#2438 = CARTESIAN_POINT ( 'NONE',  ( 0.0000000000000000000, 6.349999999999999600, -1.399999999999999900 ) ) ;
#2439 = AXIS2_PLACEMENT_3D ( 'NONE', #6614, #4810, #51 ) ;
#2440 = PLANE ( 'NONE',  #4098 ) ;
#2441 = DIRECTION ( 'NONE',  ( -1.000000000000000000, 0.0000000000000000000, 0.0000000000000000000 ) ) ;
#2442 = CARTESIAN_POINT ( 'NONE',  ( 4.100660147060489500, 10.67405630130495600, -6.778604874861207100E-007 ) ) ;
#2443 = ADVANCED_FACE ( 'NONE', ( #3593, #3592 ), #5430, .T. ) ;
#2444 = DIRECTION ( 'NONE',  ( 0.0000000000000000000, 1.000000000000000000, 0.0000000000000000000 ) ) ;
#2445 = DIRECTION ( 'NONE',  ( 2.028301846183172600E-035, 1.224646799147353200E-016, 1.000000000000000000 ) ) ;
#2446 = CARTESIAN_POINT ( 'NONE',  ( -4.233068726000000800, -0.1071155700000000200, 2.400486960999999900 ) ) ;
#2447 = ORIENTED_EDGE ( 'NONE', *, *, #3175, .F. ) ;
#2448 = ORIENTED_EDGE ( 'NONE', *, *, #6164, .F. ) ;
#2449 = VECTOR ( 'NONE', #5914, 1000.000000000000000 ) ;
#2450 = VERTEX_POINT ( 'NONE', #2489 ) ;
#2451 = DIRECTION ( 'NONE',  ( -1.000000000000000000, -3.097720492815727200E-016, -0.0000000000000000000 ) ) ;
#2452 = AXIS2_PLACEMENT_3D ( 'NONE', #4957, #3194, #2062 ) ;
#2453 = CARTESIAN_POINT ( 'NONE',  ( 5.000000000000000000, 1.149870443741386000, 0.1455855669315590000 ) ) ;
#2454 = ORIENTED_EDGE ( 'NONE', *, *, #7090, .T. ) ;
#2455 = EDGE_CURVE ( 'NONE', #3543, #2053, #3107, .T. ) ;
#2456 = DIRECTION ( 'NONE',  ( 0.0000000000000000000, 0.0000000000000000000, -1.000000000000000000 ) ) ;
#2457 = ORIENTED_EDGE ( 'NONE', *, *, #3189, .F. ) ;
#2458 = ADVANCED_FACE ( 'NONE', ( #3679, #3503 ), #1165, .F. ) ;
#2459 = ADVANCED_FACE ( 'NONE', ( #3489 ), #3668, .F. ) ;
#2460 = EDGE_CURVE ( 'NONE', #501, #803, #3399, .T. ) ;
#2461 = CARTESIAN_POINT ( 'NONE',  ( -1.500000000033203000, 1.299999999555876400, 1.013064053941488800E-011 ) ) ;
#2462 = CARTESIAN_POINT ( 'NONE',  ( 1.500000000005097300, -8.605356463474645800, 0.5003667536319583700 ) ) ;
#2463 = ORIENTED_EDGE ( 'NONE', *, *, #7288, .T. ) ;
#2464 = CARTESIAN_POINT ( 'NONE',  ( 4.163153931715185300, 10.61627990010990400, -1.797218975243380900E-007 ) ) ;
#2465 = DIRECTION ( 'NONE',  ( 9.074390932398254800E-015, -1.000000000000000000, 0.0000000000000000000 ) ) ;
#2466 = FACE_OUTER_BOUND ( 'NONE', #3641, .T. ) ;
#2467 = CARTESIAN_POINT ( 'NONE',  ( -4.779606247000000300, 0.4143199980000000800, 2.343627736000000200 ) ) ;
#2468 = CARTESIAN_POINT ( 'NONE',  ( 1.882705143959857700, 2.582513093992198100, -0.2050252530239548000 ) ) ;
#2469 = DIRECTION ( 'NONE',  ( 0.0000000000000000000, 0.0000000000000000000, 1.000000000000000000 ) ) ;
#2470 = ORIENTED_EDGE ( 'NONE', *, *, #3045, .T. ) ;
#2471 = VERTEX_POINT ( 'NONE', #1827 ) ;
#2472 = EDGE_CURVE ( 'NONE', #5890, #4785, #3324, .T. ) ;
#2473 = CARTESIAN_POINT ( 'NONE',  ( -3.500000000000000000, 1.000000000000000000, -3.799999999999999800 ) ) ;
#2474 = CARTESIAN_POINT ( 'NONE',  ( -3.500000000125000500, 1.000000000000000000, -3.799999999999999800 ) ) ;
#2475 = VERTEX_POINT ( 'NONE', #2246 ) ;
#2476 = ORIENTED_EDGE ( 'NONE', *, *, #734, .F. ) ;
#2477 = ORIENTED_EDGE ( 'NONE', *, *, #2654, .F. ) ;
#2478 = EDGE_LOOP ( 'NONE', ( #629, #6243, #4325, #1730 ) ) ;
#2479 = DIRECTION ( 'NONE',  ( 0.0000000000000000000, 0.0000000000000000000, 1.000000000000000000 ) ) ;
#2480 = ORIENTED_EDGE ( 'NONE', *, *, #4055, .F. ) ;
#2481 = EDGE_LOOP ( 'NONE', ( #2081, #7358, #1612, #6435, #5439, #4727, #3832, #442, #7016, #6609, #1961, #1810 ) ) ;
#2482 = DIRECTION ( 'NONE',  ( 1.000000000000000000, 0.0000000000000000000, 0.0000000000000000000 ) ) ;
#2483 = CARTESIAN_POINT ( 'NONE',  ( -3.849999999999999600, 0.0000000000000000000, 4.349999999999999600 ) ) ;
#2484 = DIRECTION ( 'NONE',  ( -0.7660444431188455600, -0.6427876096866972400, 0.0000000000000000000 ) ) ;
#2485 = ORIENTED_EDGE ( 'NONE', *, *, #2588, .T. ) ;
#2486 = MECHANICAL_DESIGN_GEOMETRIC_PRESENTATION_REPRESENTATION (  '', ( #1219 ), #2875 ) ;
#2487 = DIRECTION ( 'NONE',  ( -1.000000000000000000, 0.0000000000000000000, 0.0000000000000000000 ) ) ;
#2488 = CARTESIAN_POINT ( 'NONE',  ( -4.927970174627101400, 1.093971683696999900, 2.278644586000000000 ) ) ;
#2489 = CARTESIAN_POINT ( 'NONE',  ( 3.746417681959750100, 2.690102939509599400, -0.4208712150024613900 ) ) ;
#2490 = FACE_OUTER_BOUND ( 'NONE', #545, .T. ) ;
#2491 = AXIS2_PLACEMENT_3D ( 'NONE', #4338, #157, #2590 ) ;
#2492 = CARTESIAN_POINT ( 'NONE',  ( -4.500000000000002700, 10.49999999999999800, -12.00000000000000000 ) ) ;
#2493 = ADVANCED_FACE ( 'NONE', ( #3312 ), #4266, .T. ) ;
#2494 = ADVANCED_FACE ( 'NONE', ( #3483 ), #3298, .F. ) ;
#2495 = EDGE_LOOP ( 'NONE', ( #637, #1229, #2111, #595 ) ) ;
#2496 = EDGE_CURVE ( 'NONE', #6154, #5870, #3309, .T. ) ;
#2497 = EDGE_CURVE ( 'NONE', #5870, #4909, #3391, .T. ) ;
#2498 = CARTESIAN_POINT ( 'NONE',  ( -4.180204810118662600, 10.58900247816042600, -4.419321993315216800E-007 ) ) ;
#2499 = DIRECTION ( 'NONE',  ( 1.000000000000000000, 0.0000000000000000000, 0.0000000000000000000 ) ) ;
#2500 = VECTOR ( 'NONE', #1055, 1000.000000000000000 ) ;
#2501 = FACE_OUTER_BOUND ( 'NONE', #3258, .T. ) ;
#2502 = CARTESIAN_POINT ( 'NONE',  ( 1.479999999999791300, -3.500000000000000000, 0.0000000000000000000 ) ) ;
#2503 = ORIENTED_EDGE ( 'NONE', *, *, #3948, .T. ) ;
#2504 = CARTESIAN_POINT ( 'NONE',  ( -3.017431148929201200, -0.0007610599938059453300, -2.497991430435731800 ) ) ;
#2505 = AXIS2_PLACEMENT_3D ( 'NONE', #5318, #5288, #5268 ) ;
#2506 = VERTEX_POINT ( 'NONE', #6851 ) ;
#2507 = CARTESIAN_POINT ( 'NONE',  ( -4.542694661499955300, 1.839231019088658300, -2.213661436058028900 ) ) ;
#2508 = ORIENTED_EDGE ( 'NONE', *, *, #5873, .F. ) ;
#2509 = DIRECTION ( 'NONE',  ( 0.0000000000000000000, 0.0000000000000000000, -1.000000000000000000 ) ) ;
#2510 = ORIENTED_EDGE ( 'NONE', *, *, #6188, .F. ) ;
#2511 = CARTESIAN_POINT ( 'NONE',  ( 0.0000000000000000000, 0.0000000000000000000, -0.5000000000000000000 ) ) ;
#2512 = DIRECTION ( 'NONE',  ( 0.8948067165292168400, -0.4464537378656401300, 0.0000000000000000000 ) ) ;
#2513 = DIRECTION ( 'NONE',  ( -5.084318126393977200E-034, -2.026628219942566000E-051, -1.000000000000000000 ) ) ;
#2514 = VERTEX_POINT ( 'NONE', #6100 ) ;
#2515 = EDGE_CURVE ( 'NONE', #5026, #3553, #3143, .T. ) ;
#2516 = CARTESIAN_POINT ( 'NONE',  ( 2.025016295976484100, 2.610175579995426300, -0.3500000000408933200 ) ) ;
#2517 = SURFACE_SIDE_STYLE ('',( #6825 ) ) ;
#2518 = ORIENTED_EDGE ( 'NONE', *, *, #7103, .F. ) ;
#2519 = ORIENTED_EDGE ( 'NONE', *, *, #3091, .F. ) ;
#2520 = ORIENTED_EDGE ( 'NONE', *, *, #1567, .F. ) ;
#2521 = AXIS2_PLACEMENT_3D ( 'NONE', #1070, #4585, #3125 ) ;
#2522 = CARTESIAN_POINT ( 'NONE',  ( -4.120871825075651500, 10.65970834263580400, -1.210637100654538700E-007 ) ) ;
#2523 = PLANE ( 'NONE',  #1129 ) ;
#2524 = DIRECTION ( 'NONE',  ( 0.0000000000000000000, 1.000000000000000000, 1.224646799147353200E-016 ) ) ;
#2525 = CARTESIAN_POINT ( 'NONE',  ( 1.500000000000000200, -3.500000000000000000, 0.0000000000000000000 ) ) ;
#2526 = CARTESIAN_POINT ( 'NONE',  ( -2.500000000000000000, 0.0000000000000000000, -3.500000000000000000 ) ) ;
#2527 = EDGE_CURVE ( 'NONE', #3009, #1784, #3230, .T. ) ;
#2528 = CYLINDRICAL_SURFACE ( 'NONE', #61, 0.5300000000000003600 ) ;
#2529 = DIRECTION ( 'NONE',  ( 0.0000000000000000000, 0.0000000000000000000, -1.000000000000000000 ) ) ;
#2530 = ADVANCED_FACE ( 'NONE', ( #3126 ), #766, .T. ) ;
#2531 = ADVANCED_FACE ( 'NONE', ( #3305 ), #5731, .T. ) ;
#2532 = CARTESIAN_POINT ( 'NONE',  ( 2.999999999749999500, 1.000000000000000000, -0.6000000001041666500 ) ) ;
#2533 = AXIS2_PLACEMENT_3D ( 'NONE', #21, #3603, #1151 ) ;
#2534 = VECTOR ( 'NONE', #2691, 1000.000000000000000 ) ;
#2535 = ORIENTED_EDGE ( 'NONE', *, *, #1172, .F. ) ;
#2536 = CARTESIAN_POINT ( 'NONE',  ( -3.000000001500000600, 4.500000000000002700, -0.5999999999999999800 ) ) ;
#2537 = DIRECTION ( 'NONE',  ( 0.0000000000000000000, 0.0000000000000000000, 1.000000000000000000 ) ) ;
#2538 = CARTESIAN_POINT ( 'NONE',  ( 0.1000000000000007400, 1.600000000000000100, -1.040949779275250400E-016 ) ) ;
#2539 = DIRECTION ( 'NONE',  ( -1.000000000000000000, 0.0000000000000000000, 0.0000000000000000000 ) ) ;
#2540 = ORIENTED_EDGE ( 'NONE', *, *, #4076, .F. ) ;
#2541 = DIRECTION ( 'NONE',  ( 0.0000000000000000000, -1.000000000000000000, 0.0000000000000000000 ) ) ;
#2542 = ORIENTED_EDGE ( 'NONE', *, *, #3695, .F. ) ;
#2543 = FACE_BOUND ( 'NONE', #2068, .T. ) ;
#2544 = DIRECTION ( 'NONE',  ( 0.0000000000000000000, -0.0000000000000000000, -1.000000000000000000 ) ) ;
#2545 = DIRECTION ( 'NONE',  ( 1.000000000000000000, -0.0000000000000000000, 0.0000000000000000000 ) ) ;
#2546 = EDGE_LOOP ( 'NONE', ( #810, #891, #1240, #1421 ) ) ;
#2547 = CARTESIAN_POINT ( 'NONE',  ( 6.550901125459059700, -6.779999999999970900, 0.0000000000000000000 ) ) ;
#2548 = CARTESIAN_POINT ( 'NONE',  ( 0.0000000000000000000, -3.500000000000000000, 0.0000000000000000000 ) ) ;
#2549 = EDGE_CURVE ( 'NONE', #2597, #1718, #3118, .T. ) ;
#2550 = PRODUCT_DEFINITION_SHAPE ( 'NONE', 'NONE',  #321 ) ;
#2551 = EDGE_LOOP ( 'NONE', ( #2339, #1123 ) ) ;
#2552 = EDGE_CURVE ( 'NONE', #5168, #7471, #3134, .T. ) ;
#2553 = ORIENTED_EDGE ( 'NONE', *, *, #6666, .T. ) ;
#2554 = CARTESIAN_POINT ( 'NONE',  ( 3.727336782197231200, 2.788265657894646800, -1.499999999994541300 ) ) ;
#2555 = CARTESIAN_POINT ( 'NONE',  ( 0.5768073446891390800, 2.175864765115879800, 1.760722740972010500 ) ) ;
#2556 = DIRECTION ( 'NONE',  ( -0.0000000000000000000, -0.0000000000000000000, -1.000000000000000000 ) ) ;
#2557 = ORIENTED_EDGE ( 'NONE', *, *, #2167, .T. ) ;
#2558 = DIRECTION ( 'NONE',  ( 0.0000000000000000000, 0.0000000000000000000, -1.000000000000000000 ) ) ;
#2559 = ORIENTED_EDGE ( 'NONE', *, *, #4085, .F. ) ;
#2560 = FACE_OUTER_BOUND ( 'NONE', #6467, .T. ) ;
#2561 = B_SPLINE_CURVE_WITH_KNOTS ( 'NONE', 3,
 ( #499, #1507, #3884, #2134, #7712, #7641 ),
 .UNSPECIFIED., .F., .F.,
 ( 4, 2, 4 ),
 ( 0.0000000000000000000, 0.4999999999999998900, 1.000000000000000000 ),
 .UNSPECIFIED. ) ;
#2562 = DIRECTION ( 'NONE',  ( 0.0000000000000000000, 0.0000000000000000000, -1.000000000000000000 ) ) ;
#2563 = ADVANCED_FACE ( 'NONE', ( #3044 ), #2975, .F. ) ;
#2564 = ORIENTED_EDGE ( 'NONE', *, *, #1615, .T. ) ;
#2565 = VERTEX_POINT ( 'NONE', #4293 ) ;
#2566 = EDGE_CURVE ( 'NONE', #2596, #2412, #3038, .T. ) ;
#2567 = DIRECTION ( 'NONE',  ( 1.000000000000000000, 0.0000000000000000000, 0.0000000000000000000 ) ) ;
#2568 = CARTESIAN_POINT ( 'NONE',  ( 6.550901125459059700, -0.3500000000000343900, 0.0000000000000000000 ) ) ;
#2569 = ORIENTED_EDGE ( 'NONE', *, *, #3823, .T. ) ;
#2570 = EDGE_LOOP ( 'NONE', ( #2902, #3020, #5835, #6963, #5304, #5273, #4625, #5617 ) ) ;
#2571 = ORIENTED_EDGE ( 'NONE', *, *, #1102, .F. ) ;
#2572 = CARTESIAN_POINT ( 'NONE',  ( -1.680000000000063700, -4.456579543088778900, 0.0000000000000000000 ) ) ;
#2573 = AXIS2_PLACEMENT_3D ( 'NONE', #6159, #2620, #6725 ) ;
#2574 = FACE_OUTER_BOUND ( 'NONE', #4819, .T. ) ;
#2575 = ORIENTED_EDGE ( 'NONE', *, *, #6107, .T. ) ;
#2576 = CARTESIAN_POINT ( 'NONE',  ( 0.5768073457247381300, 2.175864764115103900, -1.760722740929753900 ) ) ;
#2577 = FACE_OUTER_BOUND ( 'NONE', #1772, .T. ) ;
#2578 = CARTESIAN_POINT ( 'NONE',  ( -5.228912305709185300, 0.9173930035691488800, 2.294890373268964700 ) ) ;
#2579 = PLANE ( 'NONE',  #4965 ) ;
#2580 = EDGE_LOOP ( 'NONE', ( #5217, #1490 ) ) ;
#2581 = CARTESIAN_POINT ( 'NONE',  ( 8.650000000000101600, -0.6499999999999889200, -2.500000000000000000 ) ) ;
#2582 = ORIENTED_EDGE ( 'NONE', *, *, #6302, .F. ) ;
#2583 = CARTESIAN_POINT ( 'NONE',  ( -0.9360134689999999300, 2.353822285999999800, -1.947134036999999900 ) ) ;
#2584 = VECTOR ( 'NONE', #7426, 1000.000000000000000 ) ;
#2585 = DIRECTION ( 'NONE',  ( -0.0000000000000000000, -0.0000000000000000000, -1.000000000000000000 ) ) ;
#2586 = ORIENTED_EDGE ( 'NONE', *, *, #4386, .F. ) ;
#2587 = PLANE ( 'NONE',  #5889 ) ;
#2588 = EDGE_CURVE ( 'NONE', #5425, #6348, #2976, .T. ) ;
#2589 = ORIENTED_EDGE ( 'NONE', *, *, #1293, .T. ) ;
#2590 = DIRECTION ( 'NONE',  ( 1.000000000000000000, 0.0000000000000000000, 0.0000000000000000000 ) ) ;
#2591 = DIRECTION ( 'NONE',  ( 0.0000000000000000000, 1.000000000000000000, -0.0000000000000000000 ) ) ;
#2592 = PRESENTATION_STYLE_ASSIGNMENT (( #5752 ) ) ;
#2593 = ORIENTED_EDGE ( 'NONE', *, *, #2437, .T. ) ;
#2594 = CARTESIAN_POINT ( 'NONE',  ( -1.480000000000241100, -3.153589838486133200, -0.5000000000000000000 ) ) ;
#2595 = CARTESIAN_POINT ( 'NONE',  ( 1.800364329069549700, 2.159020983180550200, 0.4061512327165566200 ) ) ;
#2596 = VERTEX_POINT ( 'NONE', #3678 ) ;
#2597 = VERTEX_POINT ( 'NONE', #3704 ) ;
#2598 = CYLINDRICAL_SURFACE ( 'NONE', #2232, 0.5000000000000000000 ) ;
#2599 = ADVANCED_FACE ( 'NONE', ( #2966 ), #3826, .F. ) ;
#2600 = COLOUR_RGB ( '',1.000000000000000000, 1.000000000000000000, 1.000000000000000000 ) ;
#2601 = AXIS2_PLACEMENT_3D ( 'NONE', #5906, #6011, #3560 ) ;
#2602 = DIRECTION ( 'NONE',  ( -0.0000000000000000000, -0.0000000000000000000, 1.000000000000000000 ) ) ;
#2603 = VERTEX_POINT ( 'NONE', #3725 ) ;
#2604 = ORIENTED_EDGE ( 'NONE', *, *, #1893, .F. ) ;
#2605 = EDGE_CURVE ( 'NONE', #5315, #2781, #2961, .T. ) ;
#2606 = DIRECTION ( 'NONE',  ( 0.0000000000000000000, 0.0000000000000000000, 1.000000000000000000 ) ) ;
#2607 = CARTESIAN_POINT ( 'NONE',  ( 2.058539109864765400, 2.362012581212286700, 0.3596220201382640000 ) ) ;
#2608 = MECHANICAL_DESIGN_GEOMETRIC_PRESENTATION_REPRESENTATION (  '', ( #1808 ), #3013 ) ;
#2609 = CARTESIAN_POINT ( 'NONE',  ( -3.500000000000000000, 1.000000000000000000, -0.6000000000000000900 ) ) ;
#2610 = VECTOR ( 'NONE', #4874, 1000.000000000000000 ) ;
#2611 = DIRECTION ( 'NONE',  ( 1.000000000000000000, 0.0000000000000000000, 0.0000000000000000000 ) ) ;
#2612 = CARTESIAN_POINT ( 'NONE',  ( -4.500000000000002700, 4.500000000000002700, -12.00000000000000000 ) ) ;
#2613 = LINE ( 'NONE', #6105, #2364 ) ;
#2614 = CARTESIAN_POINT ( 'NONE',  ( -4.457189624749323000, 1.604307862944176300, -2.213661436019803900 ) ) ;
#2615 = ORIENTED_EDGE ( 'NONE', *, *, #6363, .F. ) ;
#2616 = AXIS2_PLACEMENT_3D ( 'NONE', #5517, #1984, #6110 ) ;
#2617 = FACE_OUTER_BOUND ( 'NONE', #2249, .T. ) ;
#2618 = CARTESIAN_POINT ( 'NONE',  ( 0.0000000000000000000, 0.0000000000000000000, -0.5000000000000000000 ) ) ;
#2619 = EDGE_LOOP ( 'NONE', ( #5628, #5818, #6377, #5144 ) ) ;
#2620 = DIRECTION ( 'NONE',  ( 0.0000000000000000000, 0.0000000000000000000, 1.000000000000000000 ) ) ;
#2621 = DIRECTION ( 'NONE',  ( -0.0000000000000000000, -0.0000000000000000000, -1.000000000000000000 ) ) ;
#2622 = ORIENTED_EDGE ( 'NONE', *, *, #988, .T. ) ;
#2623 = EDGE_CURVE ( 'NONE', #3736, #4024, #3049, .T. ) ;
#2624 = EDGE_CURVE ( 'NONE', #7341, #5511, #2880, .T. ) ;
#2625 = EDGE_CURVE ( 'NONE', #4909, #528, #2892, .T. ) ;
#2626 = ADVANCED_FACE ( 'NONE', ( #2763 ), #2034, .T. ) ;
#2627 = ORIENTED_EDGE ( 'NONE', *, *, #266, .F. ) ;
#2628 = LINE ( 'NONE', #3938, #2700 ) ;
#2629 = CARTESIAN_POINT ( 'NONE',  ( 1.882163051805435100, 2.327728548506638400, -0.1351115118963829600 ) ) ;
#2630 = CARTESIAN_POINT ( 'NONE',  ( -1.499999999999998700, -8.626311989950869100, -0.7994643434423173200 ) ) ;
#2631 = EDGE_LOOP ( 'NONE', ( #1685, #71, #3017, #2752 ) ) ;
#2632 = VERTEX_POINT ( 'NONE', #2214 ) ;
#2633 = AXIS2_PLACEMENT_3D ( 'NONE', #6058, #5638, #5470 ) ;
#2634 = VECTOR ( 'NONE', #5584, 1000.000000000000000 ) ;
#2635 = ORIENTED_EDGE ( 'NONE', *, *, #966, .F. ) ;
#2636 = DIRECTION ( 'NONE',  ( 0.0000000000000000000, 1.000000000000000000, 0.0000000000000000000 ) ) ;
#2637 = DIRECTION ( 'NONE',  ( -1.000000000000000000, -3.097720492815727200E-016, -0.0000000000000000000 ) ) ;
#2638 = EDGE_LOOP ( 'NONE', ( #6118, #668 ) ) ;
#2639 = CARTESIAN_POINT ( 'NONE',  ( 1.180000000000000400, -1.457986928011507200, 1.250000000000000000 ) ) ;
#2640 = CARTESIAN_POINT ( 'NONE',  ( -5.125028747873241900, 0.4488045576788300400, 2.327381948076455900 ) ) ;
#2641 = VERTEX_POINT ( 'NONE', #1424 ) ;
#2642 = EDGE_LOOP ( 'NONE', ( #5933, #4870, #4777, #1351 ) ) ;
#2643 = ORIENTED_EDGE ( 'NONE', *, *, #5359, .F. ) ;
#2644 = CARTESIAN_POINT ( 'NONE',  ( -4.089002339915642100, 0.3197955210369550200, -4.415244733061513500E-007 ) ) ;
#2645 = CARTESIAN_POINT ( 'NONE',  ( 0.0000000000000000000, 6.349999999999999600, 0.0000000000000000000 ) ) ;
#2646 = EDGE_CURVE ( 'NONE', #3480, #3909, #2783, .T. ) ;
#2647 = CARTESIAN_POINT ( 'NONE',  ( 0.01922768000000000000, 2.062591149000000200, -1.800693284999999700 ) ) ;
#2648 = ORIENTED_EDGE ( 'NONE', *, *, #6462, .F. ) ;
#2649 = CYLINDRICAL_SURFACE ( 'NONE', #325, 0.7299999999999998700 ) ;
#2650 = ORIENTED_EDGE ( 'NONE', *, *, #6796, .T. ) ;
#2651 =( LENGTH_UNIT ( ) NAMED_UNIT ( * ) SI_UNIT ( .MILLI., .METRE. ) );
#2652 = ORIENTED_EDGE ( 'NONE', *, *, #2842, .T. ) ;
#2653 = CARTESIAN_POINT ( 'NONE',  ( -3.000000000011537000, 7.500000376607293700E-010, -2.499999999286250100 ) ) ;
#2654 = EDGE_CURVE ( 'NONE', #5919, #484, #2690, .T. ) ;
#2655 = CARTESIAN_POINT ( 'NONE',  ( 1.974490116999999500, 2.600354284999999400, -0.4378679660000001100 ) ) ;
#2656 = DIRECTION ( 'NONE',  ( 0.0000000000000000000, 0.0000000000000000000, 1.000000000000000000 ) ) ;
#2657 = DIRECTION ( 'NONE',  ( 0.6797591437042336300, -0.7289524548662872400, -0.08096804984004822600 ) ) ;
#2658 = CARTESIAN_POINT ( 'NONE',  ( -0.5703366156489333400, 2.694821468530121900, 1.868632587014219500 ) ) ;
#2659 = LINE ( 'NONE', #1704, #2500 ) ;
#2660 = VECTOR ( 'NONE', #2103, 1000.000000000000000 ) ;
#2661 = DIRECTION ( 'NONE',  ( 0.0000000000000000000, 1.000000000000000000, -0.0000000000000000000 ) ) ;
#2662 = CARTESIAN_POINT ( 'NONE',  ( 1.664793632855214400, 2.132668709353314100, -0.1072381659718032700 ) ) ;
#2663 = ORIENTED_EDGE ( 'NONE', *, *, #4845, .T. ) ;
#2664 = AXIS2_PLACEMENT_3D ( 'NONE', #6979, #3455, #7598 ) ;
#2665 = SURFACE_STYLE_FILL_AREA ( #181 ) ;
#2666 = ADVANCED_FACE ( 'NONE', ( #2680 ), #2598, .T. ) ;
#2667 = SHAPE_REPRESENTATION ( 'DCJ235-05-02', ( #4775 ), #2314 ) ;
#2668 = CARTESIAN_POINT ( 'NONE',  ( -4.985516978728964200, 0.2349979176179689500, 2.343627735480200900 ) ) ;
#2669 = LINE ( 'NONE', #2703, #2584 ) ;
#2670 = AXIS2_PLACEMENT_3D ( 'NONE', #3878, #269, #4440 ) ;
#2671 = CARTESIAN_POINT ( 'NONE',  ( 4.199788828637841800, 0.4737582737546586800, -4.369297592325821800E-014 ) ) ;
#2672 = ORIENTED_EDGE ( 'NONE', *, *, #4395, .F. ) ;
#2673 = CARTESIAN_POINT ( 'NONE',  ( -4.159708385180593400, 0.3791282303511511700, -1.210643555707420700E-007 ) ) ;
#2674 = VERTEX_POINT ( 'NONE', #827 ) ;
#2675 = CARTESIAN_POINT ( 'NONE',  ( 3.727336782000001000, 2.788265658000000300, 0.4999999997094349300 ) ) ;
#2676 = CIRCLE ( 'NONE', #3776, 0.7500000000000000000 ) ;
#2677 = CARTESIAN_POINT ( 'NONE',  ( 0.2478392046200000000, 2.219465325659999900, -1.792702327000000000 ) ) ;
#2678 = FACE_OUTER_BOUND ( 'NONE', #4011, .T. ) ;
#2679 = ORIENTED_EDGE ( 'NONE', *, *, #5409, .T. ) ;
#2680 = FACE_OUTER_BOUND ( 'NONE', #546, .T. ) ;
#2681 = STYLED_ITEM ( 'NONE', ( #6214 ), #4782 ) ;
#2682 = DIRECTION ( 'NONE',  ( 0.0000000000000000000, 0.0000000000000000000, 1.000000000000000000 ) ) ;
#2683 = VECTOR ( 'NONE', #1369, 1000.000000000000000 ) ;
#2684 = EDGE_LOOP ( 'NONE', ( #3814, #2822 ) ) ;
#2685 = ORIENTED_EDGE ( 'NONE', *, *, #3260, .F. ) ;
#2686 = VERTEX_POINT ( 'NONE', #880 ) ;
#2687 = MANIFOLD_SOLID_BREP ( '?D3y-à-éì3', #3263 ) ;
#2688 = VERTEX_POINT ( 'NONE', #852 ) ;
#2689 = EDGE_CURVE ( 'NONE', #2080, #3659, #2340, .T. ) ;
#2690 = LINE ( 'NONE', #1285, #2872 ) ;
#2691 = DIRECTION ( 'NONE',  ( 1.000000000000000000, 0.0000000000000000000, 0.0000000000000000000 ) ) ;
#2692 = ORIENTED_EDGE ( 'NONE', *, *, #3549, .T. ) ;
#2693 = CARTESIAN_POINT ( 'NONE',  ( -4.598451353735971000, -0.04881034011837793300, 2.376119310287693000 ) ) ;
#2694 = LINE ( 'NONE', #6128, #2929 ) ;
#2695 = CARTESIAN_POINT ( 'NONE',  ( 4.141343536266703900, 0.3585046804779539700, -9.026160475211781400E-016 ) ) ;
#2696 = EDGE_LOOP ( 'NONE', ( #6209, #5647 ) ) ;
#2697 = CARTESIAN_POINT ( 'NONE',  ( 4.599999999999999600, -1.005094689727088700E-030, 0.7500000000000000000 ) ) ;
#2698 = ORIENTED_EDGE ( 'NONE', *, *, #5723, .T. ) ;
#2699 = EDGE_CURVE ( 'NONE', #4366, #6869, #2772, .T. ) ;
#2700 = VECTOR ( 'NONE', #7560, 1000.000000000000000 ) ;
#2701 = FACE_OUTER_BOUND ( 'NONE', #6440, .T. ) ;
#2702 = VERTEX_POINT ( 'NONE', #6736 ) ;
#2703 = CARTESIAN_POINT ( 'NONE',  ( -4.500000000000002700, 3.950000000055554800, -12.00000000000000000 ) ) ;
#2704 = DIRECTION ( 'NONE',  ( 0.0000000000000000000, 0.0000000000000000000, -1.000000000000000000 ) ) ;
#2705 = DIRECTION ( 'NONE',  ( 1.000000000000000000, 0.0000000000000000000, 0.0000000000000000000 ) ) ;
#2706 = ORIENTED_EDGE ( 'NONE', *, *, #2281, .F. ) ;
#2707 = DIRECTION ( 'NONE',  ( 0.0000000000000000000, -0.0000000000000000000, 1.000000000000000000 ) ) ;
#2708 = CARTESIAN_POINT ( 'NONE',  ( 2.302598255712724900, 2.256645368975102700, -0.6499999998763922300 ) ) ;
#2709 = FACE_OUTER_BOUND ( 'NONE', #1752, .T. ) ;
#2710 = CARTESIAN_POINT ( 'NONE',  ( -3.039220084079844200, 0.2482876161626260400, -2.529999999999999800 ) ) ;
#2711 = DIRECTION ( 'NONE',  ( -0.0000000000000000000, 1.000000000000000000, 0.0000000000000000000 ) ) ;
#2712 = CARTESIAN_POINT ( 'NONE',  ( 2.254896007101357700, 2.502052165111044300, 0.4999999997094347100 ) ) ;
#2713 = ORIENTED_EDGE ( 'NONE', *, *, #1969, .F. ) ;
#2714 = CARTESIAN_POINT ( 'NONE',  ( -7.500000000000000000, 1.438959988998139900E-016, 1.175000000000000000 ) ) ;
#2715 = DIRECTION ( 'NONE',  ( 1.000000000000000000, 0.0000000000000000000, 0.0000000000000000000 ) ) ;
#2716 = CARTESIAN_POINT ( 'NONE',  ( 4.500000000000002700, 3.950000000000000200, -12.00000000000000200 ) ) ;
#2717 = VERTEX_POINT ( 'NONE', #7528 ) ;
#2718 = MECHANICAL_DESIGN_GEOMETRIC_PRESENTATION_REPRESENTATION (  '', ( #1936 ), #3108 ) ;
#2719 = AXIS2_PLACEMENT_3D ( 'NONE', #5883, #2372, #6469 ) ;
#2720 = VERTEX_POINT ( 'NONE', #362 ) ;
#2721 = EDGE_CURVE ( 'NONE', #3618, #3734, #2676, .T. ) ;
#2722 =( NAMED_UNIT ( * ) PLANE_ANGLE_UNIT ( ) SI_UNIT ( $, .RADIAN. ) );
#2723 = EDGE_CURVE ( 'NONE', #2514, #4195, #5482, .T. ) ;
#2724 = CARTESIAN_POINT ( 'NONE',  ( 0.0000000000000000000, -1.619200000000000600, 1.619200000000000600 ) ) ;
#2725 = VERTEX_POINT ( 'NONE', #7332 ) ;
#2726 = EDGE_LOOP ( 'NONE', ( #2759, #2347, #6619, #4715 ) ) ;
#2727 = CARTESIAN_POINT ( 'NONE',  ( 2.285425446064916600, 2.344991815167580400, -0.5125227287964748700 ) ) ;
#2728 = VECTOR ( 'NONE', #3326, 1000.000000000000000 ) ;
#2729 = ORIENTED_EDGE ( 'NONE', *, *, #676, .T. ) ;
#2730 = CARTESIAN_POINT ( 'NONE',  ( 0.6500000000000001300, -1.600000000000000500, -1.250000000000000400 ) ) ;
#2731 = DIRECTION ( 'NONE',  ( -1.000000000000000000, 0.0000000000000000000, -0.0000000000000000000 ) ) ;
#2732 = DIRECTION ( 'NONE',  ( 1.000000000000000000, 0.0000000000000000000, -0.0000000000000000000 ) ) ;
#2733 = ORIENTED_EDGE ( 'NONE', *, *, #2883, .F. ) ;
#2734 = CARTESIAN_POINT ( 'NONE',  ( 5.000000000000000000, 1.149999999999999700, -2.602085213965210600E-015 ) ) ;
#2735 = ORIENTED_EDGE ( 'NONE', *, *, #755, .T. ) ;
#2736 = CARTESIAN_POINT ( 'NONE',  ( 8.650000000000101600, -0.6499999999999889200, -2.500000000000000000 ) ) ;
#2737 = CARTESIAN_POINT ( 'NONE',  ( -3.000000000000000000, 0.2500000002500000200, -3.000000000000000000 ) ) ;
#2738 = ORIENTED_EDGE ( 'NONE', *, *, #5953, .F. ) ;
#2739 = ORIENTED_EDGE ( 'NONE', *, *, #199, .F. ) ;
#2740 = CARTESIAN_POINT ( 'NONE',  ( 1.211609546929734800, -3.431153007962036500, -1.250000000000001300 ) ) ;
#2741 = CARTESIAN_POINT ( 'NONE',  ( -4.500000000000002700, 0.5000000000000000000, -12.00000000000000000 ) ) ;
#2742 = VERTEX_POINT ( 'NONE', #681 ) ;
#2743 = CARTESIAN_POINT ( 'NONE',  ( 0.5002980514215592500, 1.906313689227785200, 1.768717637324124700 ) ) ;
#2744 = ORIENTED_EDGE ( 'NONE', *, *, #3482, .F. ) ;
#2745 = VERTEX_POINT ( 'NONE', #4982 ) ;
#2746 = CARTESIAN_POINT ( 'NONE',  ( -3.000000000000000000, 1.000000000000000000, -12.00000000000000000 ) ) ;
#2747 = PLANE ( 'NONE',  #3247 ) ;
#2748 = VECTOR ( 'NONE', #301, 1000.000000000000000 ) ;
#2749 = EDGE_CURVE ( 'NONE', #4095, #3480, #2243, .T. ) ;
#2750 = VECTOR ( 'NONE', #3246, 1000.000000000000000 ) ;
#2751 = VECTOR ( 'NONE', #4313, 1000.000000000000000 ) ;
#2752 = ORIENTED_EDGE ( 'NONE', *, *, #696, .F. ) ;
#2753 =( NAMED_UNIT ( * ) SI_UNIT ( $, .STERADIAN. ) SOLID_ANGLE_UNIT ( ) );
#2754 = CARTESIAN_POINT ( 'NONE',  ( -2.500000000000000000, 0.0000000000000000000, 3.000000000000000000 ) ) ;
#2755 = TOROIDAL_SURFACE ( 'NONE', #1942, 1.600000000000000100, 0.09999999999999977000 ) ;
#2756 = VERTEX_POINT ( 'NONE', #5684 ) ;
#2757 = LINE ( 'NONE', #6565, #2750 ) ;
#2758 = CARTESIAN_POINT ( 'NONE',  ( -7.500000000000000000, 0.0000000000000000000, -1.175000000000000000 ) ) ;
#2759 = ORIENTED_EDGE ( 'NONE', *, *, #4100, .F. ) ;
#2760 = EDGE_CURVE ( 'NONE', #3460, #6348, #2244, .T. ) ;
#2761 = CARTESIAN_POINT ( 'NONE',  ( 3.008290412578037200, -7.161999999999989300, 0.2999999999999999300 ) ) ;
#2762 = DIRECTION ( 'NONE',  ( 1.000000000000000000, -0.0000000000000000000, 0.0000000000000000000 ) ) ;
#2763 = FACE_OUTER_BOUND ( 'NONE', #6303, .T. ) ;
#2764 = CARTESIAN_POINT ( 'NONE',  ( -0.4857780240599999800, 2.974378980190000000, 1.877876134400000100 ) ) ;
#2765 = VECTOR ( 'NONE', #5811, 1000.000000000000000 ) ;
#2766 = CARTESIAN_POINT ( 'NONE',  ( 5.000000000000000000, 0.7573349280021154400, -0.8691103965397216600 ) ) ;
#2767 = ORIENTED_EDGE ( 'NONE', *, *, #4664, .F. ) ;
#2768 =( LENGTH_UNIT ( ) NAMED_UNIT ( * ) SI_UNIT ( .MILLI., .METRE. ) );
#2769 = CARTESIAN_POINT ( 'NONE',  ( 4.500000000000002700, 3.950000000000000200, -9.950000000000001100 ) ) ;
#2770 = ORIENTED_EDGE ( 'NONE', *, *, #7265, .F. ) ;
#2771 = VERTEX_POINT ( 'NONE', #7474 ) ;
#2772 = CIRCLE ( 'NONE', #3383, 0.6499999999999873700 ) ;
#2773 = AXIS2_PLACEMENT_3D ( 'NONE', #7586, #4036, #429 ) ;
#2774 = CARTESIAN_POINT ( 'NONE',  ( 3.109248960358342600, -8.626311989950869100, -0.7994643434423173200 ) ) ;
#2775 = CARTESIAN_POINT ( 'NONE',  ( 0.0000000000000000000, 0.0000000000000000000, 2.475000000166666300 ) ) ;
#2776 = ORIENTED_EDGE ( 'NONE', *, *, #744, .F. ) ;
#2777 = DIRECTION ( 'NONE',  ( 0.7660444431190367400, 0.6427876096864694200, 0.0000000000000000000 ) ) ;
#2778 = LINE ( 'NONE', #4292, #2097 ) ;
#2779 = EDGE_CURVE ( 'NONE', #3056, #6235, #2228, .T. ) ;
#2780 = EDGE_CURVE ( 'NONE', #4359, #6025, #2343, .T. ) ;
#2781 = VERTEX_POINT ( 'NONE', #6079 ) ;
#2782 = VECTOR ( 'NONE', #2000, 1000.000000000000000 ) ;
#2783 = LINE ( 'NONE', #1448, #2683 ) ;
#2784 = PRODUCT_DEFINITION_CONTEXT ( 'detailed design', #3464, 'design' ) ;
#2785 = ORIENTED_EDGE ( 'NONE', *, *, #2341, .T. ) ;
#2786 = EDGE_LOOP ( 'NONE', ( #6729, #6917, #7595, #35 ) ) ;
#2787 = CARTESIAN_POINT ( 'NONE',  ( 0.0000000000000000000, 6.519000000000001000, -13.47199999999999800 ) ) ;
#2788 = ORIENTED_EDGE ( 'NONE', *, *, #919, .T. ) ;
#2789 = PRODUCT_RELATED_PRODUCT_CATEGORY ( 'part', '', ( #2428 ) ) ;
#2790 = DIRECTION ( 'NONE',  ( -0.08715574327209924000, 0.9961946980458629100, 0.0000000000000000000 ) ) ;
#2791 = PRODUCT_DEFINITION_SHAPE ( 'NONE', 'NONE',  #7717 ) ;
#2792 = CARTESIAN_POINT ( 'NONE',  ( -4.971852858835621400, 0.9129293524632111600, -2.294890373010059400 ) ) ;
#2793 = VERTEX_POINT ( 'NONE', #5582 ) ;
#2794 = DIRECTION ( 'NONE',  ( -1.000000000000000000, 0.0000000000000000000, 0.0000000000000000000 ) ) ;
#2795 = EDGE_CURVE ( 'NONE', #6151, #4058, #2327, .T. ) ;
#2796 = CARTESIAN_POINT ( 'NONE',  ( 3.999999999979168700, 11.00000000000000000, -3.299999999399999800 ) ) ;
#2797 =( NAMED_UNIT ( * ) SI_UNIT ( $, .STERADIAN. ) SOLID_ANGLE_UNIT ( ) );
#2798 = CARTESIAN_POINT ( 'NONE',  ( 4.000000000000000000, 6.500000000000002700, -12.00000000000000000 ) ) ;
#2799 = CYLINDRICAL_SURFACE ( 'NONE', #6846, 0.1500000005266407300 ) ;
#2800 = LINE ( 'NONE', #6528, #2268 ) ;
#2801 = ORIENTED_EDGE ( 'NONE', *, *, #7040, .T. ) ;
#2802 = EDGE_CURVE ( 'NONE', #3909, #4953, #2143, .T. ) ;
#2803 = CARTESIAN_POINT ( 'NONE',  ( 5.000000000000000900, -1.082323614444526100, 0.3890837811838622200 ) ) ;
#2804 = CARTESIAN_POINT ( 'NONE',  ( -3.700000000000000200, 3.149999999999999900, -2.299999999999999800 ) ) ;
#2805 = CARTESIAN_POINT ( 'NONE',  ( 4.500000000000002700, 10.50000000000000000, -0.3000000000000000400 ) ) ;
#2806 = DIRECTION ( 'NONE',  ( 0.4464537378656400200, 0.8948067165292169500, 0.0000000000000000000 ) ) ;
#2807 = ORIENTED_EDGE ( 'NONE', *, *, #5504, .F. ) ;
#2808 = DIRECTION ( 'NONE',  ( 0.0000000000000000000, 0.0000000000000000000, 1.000000000000000000 ) ) ;
#2809 = EDGE_CURVE ( 'NONE', #581, #3765, #2144, .T. ) ;
#2810 = DIRECTION ( 'NONE',  ( -0.0000000000000000000, 0.9135454576426004200, -0.4067366430758009900 ) ) ;
#2811 = ORIENTED_EDGE ( 'NONE', *, *, #2321, .T. ) ;
#2812 = ADVANCED_FACE ( 'NONE', ( #2054 ), #3931, .F. ) ;
#2813 = AXIS2_PLACEMENT_3D ( 'NONE', #4886, #1325, #5521 ) ;
#2814 = DIRECTION ( 'NONE',  ( -0.0000000000000000000, -0.0000000000000000000, -1.000000000000000000 ) ) ;
#2815 = DIRECTION ( 'NONE',  ( 0.0000000000000000000, -0.0000000000000000000, 1.000000000000000000 ) ) ;
#2816 = DIRECTION ( 'NONE',  ( 0.0000000000000000000, 0.0000000000000000000, -1.000000000000000000 ) ) ;
#2817 = DIRECTION ( 'NONE',  ( 1.000000000000000000, 0.0000000000000000000, 0.0000000000000000000 ) ) ;
#2818 = ORIENTED_EDGE ( 'NONE', *, *, #2967, .F. ) ;
#2819 = DIRECTION ( 'NONE',  ( -1.000000000000000000, -0.0000000000000000000, -0.0000000000000000000 ) ) ;
#2820 = LINE ( 'NONE', #117, #2728 ) ;
#2821 = ORIENTED_EDGE ( 'NONE', *, *, #6954, .F. ) ;
#2822 = ORIENTED_EDGE ( 'NONE', *, *, #6124, .T. ) ;
#2823 = CARTESIAN_POINT ( 'NONE',  ( 3.727336782391744500, 2.788265657982562200, -0.5000000005405339500 ) ) ;
#2824 = DIRECTION ( 'NONE',  ( -0.0000000000000000000, 0.0000000000000000000, 1.000000000000000000 ) ) ;
#2825 = ORIENTED_EDGE ( 'NONE', *, *, #3320, .F. ) ;
#2826 = LINE ( 'NONE', #4345, #2634 ) ;
#2827 = DIRECTION ( 'NONE',  ( 0.9816271834477781100, 0.1908089953759578000, -0.0000000000000000000 ) ) ;
#2828 = CARTESIAN_POINT ( 'NONE',  ( 0.6249913867149000700, 1.927979359360400400, 1.760722740999999900 ) ) ;
#2829 = AXIS2_PLACEMENT_3D ( 'NONE', #2084, #2661, #6763 ) ;
#2830 = ORIENTED_EDGE ( 'NONE', *, *, #3323, .F. ) ;
#2831 = ORIENTED_EDGE ( 'NONE', *, *, #6489, .T. ) ;
#2832 = EDGE_CURVE ( 'NONE', #3685, #6643, #2122, .T. ) ;
#2833 = ORIENTED_EDGE ( 'NONE', *, *, #6083, .T. ) ;
#2834 = DIRECTION ( 'NONE',  ( -1.000000000000000000, -3.986037398843766400E-018, 5.084318126393977200E-034 ) ) ;
#2835 = APPLICATION_CONTEXT ( 'automotive_design' ) ;
#2836 = ORIENTED_EDGE ( 'NONE', *, *, #3896, .T. ) ;
#2837 = DIRECTION ( 'NONE',  ( -1.000000000000000000, 0.0000000000000000000, 0.0000000000000000000 ) ) ;
#2838 = ORIENTED_EDGE ( 'NONE', *, *, #4799, .F. ) ;
#2839 = CARTESIAN_POINT ( 'NONE',  ( 3.109248960358342600, -8.951701306759821000, -0.06862797205384316100 ) ) ;
#2840 = ORIENTED_EDGE ( 'NONE', *, *, #5794, .T. ) ;
#2841 = CARTESIAN_POINT ( 'NONE',  ( 2.273976907000001500, 2.403889446000000000, -0.4618481690000000900 ) ) ;
#2842 = EDGE_CURVE ( 'NONE', #4579, #995, #1962, .T. ) ;
#2843 = VECTOR ( 'NONE', #1346, 1000.000000000000100 ) ;
#2844 = LINE ( 'NONE', #5233, #2765 ) ;
#2845 = CARTESIAN_POINT ( 'NONE',  ( 0.0000000000000000000, 3.149999999999999900, -1.470000000000000000 ) ) ;
#2846 =( LENGTH_UNIT ( ) NAMED_UNIT ( * ) SI_UNIT ( .MILLI., .METRE. ) );
#2847 = CARTESIAN_POINT ( 'NONE',  ( 1.916267935541313500, 2.181550362025659800, 0.5173124445689673000 ) ) ;
#2848 = VERTEX_POINT ( 'NONE', #5590 ) ;
#2849 = ORIENTED_EDGE ( 'NONE', *, *, #7186, .F. ) ;
#2850 = DIRECTION ( 'NONE',  ( 0.0000000000000000000, 1.000000000000000000, 0.0000000000000000000 ) ) ;
#2851 = ORIENTED_EDGE ( 'NONE', *, *, #92, .T. ) ;
#2852 = FACE_OUTER_BOUND ( 'NONE', #5310, .T. ) ;
#2853 = CARTESIAN_POINT ( 'NONE',  ( -5.137451887160000100, 1.276266980780000000, -2.270521692000000400 ) ) ;
#2854 = CARTESIAN_POINT ( 'NONE',  ( 3.849999999999999600, 6.350000000000000500, -1.399999999999999900 ) ) ;
#2855 = LINE ( 'NONE', #5533, #3059 ) ;
#2856 = ADVANCED_FACE ( 'NONE', ( #1952 ), #3777, .T. ) ;
#2857 = VERTEX_POINT ( 'NONE', #6183 ) ;
#2858 = ORIENTED_EDGE ( 'NONE', *, *, #3667, .F. ) ;
#2859 = DIRECTION ( 'NONE',  ( 1.000000000000000000, 0.0000000000000000000, 0.0000000000000000000 ) ) ;
#2860 = CARTESIAN_POINT ( 'NONE',  ( 0.4071231740000000300, 2.165082170999999900, 1.776712534000001000 ) ) ;
#2861 = EDGE_CURVE ( 'NONE', #5916, #4, #2043, .T. ) ;
#2862 = CIRCLE ( 'NONE', #1493, 0.1500000004155002700 ) ;
#2863 = TOROIDAL_SURFACE ( 'NONE', #4454, 1.600000000000000100, 0.1000000000000002600 ) ;
#2864 = APPLICATION_PROTOCOL_DEFINITION ( 'draft international standard', 'automotive_design', 1998, #6388 ) ;
#2865 = ORIENTED_EDGE ( 'NONE', *, *, #3950, .T. ) ;
#2866 = DIRECTION ( 'NONE',  ( 1.000000000000000000, -0.0000000000000000000, 0.0000000000000000000 ) ) ;
#2867 = VECTOR ( 'NONE', #2732, 1000.000000000000000 ) ;
#2868 = FACE_OUTER_BOUND ( 'NONE', #6894, .T. ) ;
#2869 = ORIENTED_EDGE ( 'NONE', *, *, #5819, .T. ) ;
#2870 = DIRECTION ( 'NONE',  ( 1.000000000000000000, 0.0000000000000000000, 0.0000000000000000000 ) ) ;
#2871 = VERTEX_POINT ( 'NONE', #6207 ) ;
#2872 = VECTOR ( 'NONE', #1921, 1000.000000000000000 ) ;
#2873 = VECTOR ( 'NONE', #3965, 1000.000000000000100 ) ;
#2874 = CARTESIAN_POINT ( 'NONE',  ( 1.882234923797593700, 2.174935014685272200, -0.4914335910069085300 ) ) ;
#2875 =( GEOMETRIC_REPRESENTATION_CONTEXT ( 3 ) GLOBAL_UNCERTAINTY_ASSIGNED_CONTEXT ( ( #6902 ) ) GLOBAL_UNIT_ASSIGNED_CONTEXT ( ( #1661, #5821, #2309 ) ) REPRESENTATION_CONTEXT ( 'NONE', 'WORKASPACE' ) );
#2876 = ORIENTED_EDGE ( 'NONE', *, *, #3151, .T. ) ;
#2877 = AXIS2_PLACEMENT_3D ( 'NONE', #778, #1393, #5579 ) ;
#2878 = CARTESIAN_POINT ( 'NONE',  ( -5.103726259000000100, 0.4535613910000002000, -2.327381948000001100 ) ) ;
#2879 = CARTESIAN_POINT ( 'NONE',  ( -3.500000000000000000, 1.000000000000000000, -12.00000000000000000 ) ) ;
#2880 = LINE ( 'NONE', #2547, #2867 ) ;
#2881 = ORIENTED_EDGE ( 'NONE', *, *, #7291, .F. ) ;
#2882 = DIRECTION ( 'NONE',  ( 0.0000000000000000000, -4.336808689942021700E-016, 1.000000000000000000 ) ) ;
#2883 = EDGE_CURVE ( 'NONE', #2793, #7100, #1940, .T. ) ;
#2884 = CARTESIAN_POINT ( 'NONE',  ( -0.06711243309540375300, 2.155179590102307000, -1.808692119913264400 ) ) ;
#2885 = ORIENTED_EDGE ( 'NONE', *, *, #6648, .T. ) ;
#2886 = EDGE_CURVE ( 'NONE', #496, #2514, #1851, .T. ) ;
#2887 = FACE_OUTER_BOUND ( 'NONE', #1642, .T. ) ;
#2888 = PLANE ( 'NONE',  #3940 ) ;
#2889 = APPLICATION_PROTOCOL_DEFINITION ( 'draft international standard', 'automotive_design', 1998, #3412 ) ;
#2890 = CARTESIAN_POINT ( 'NONE',  ( 3.700000000000000200, 3.149999999999999900, -2.299999999999999800 ) ) ;
#2891 = FILL_AREA_STYLE ('',( #4690 ) ) ;
#2892 = LINE ( 'NONE', #2061, #2782 ) ;
#2893 = ADVANCED_FACE ( 'NONE', ( #1747 ), #3840, .T. ) ;
#2894 = DIRECTION ( 'NONE',  ( -0.0000000000000000000, -0.0000000000000000000, -1.000000000000000000 ) ) ;
#2895 = AXIS2_PLACEMENT_3D ( 'NONE', #6911, #5863, #5813 ) ;
#2896 = CARTESIAN_POINT ( 'NONE',  ( 3.000000000000000000, 1.399999999555555400, -12.00000000000000000 ) ) ;
#2897 = DIRECTION ( 'NONE',  ( 1.000000000000000000, 0.0000000000000000000, 0.0000000000000000000 ) ) ;
#2898 = CARTESIAN_POINT ( 'NONE',  ( -1.192528577710327800, 3.058591754923447100, 1.924045490999118000 ) ) ;
#2899 = FACE_OUTER_BOUND ( 'NONE', #2786, .T. ) ;
#2900 = ORIENTED_EDGE ( 'NONE', *, *, #3419, .F. ) ;
#2901 = DIRECTION ( 'NONE',  ( 2.431951964360947700E-016, -1.000000000000000000, 0.0000000000000000000 ) ) ;
#2902 = ORIENTED_EDGE ( 'NONE', *, *, #6974, .T. ) ;
#2903 = EDGE_CURVE ( 'NONE', #2848, #3054, #1932, .T. ) ;
#2904 = CARTESIAN_POINT ( 'NONE',  ( -4.316011716999999400, 0.1530156760000000200, -2.392365097999999500 ) ) ;
#2905 = ORIENTED_EDGE ( 'NONE', *, *, #2427, .F. ) ;
#2906 = VECTOR ( 'NONE', #4759, 1000.000000000000000 ) ;
#2907 = CARTESIAN_POINT ( 'NONE',  ( -0.4880427653303780500, 2.973141920458838500, -1.877947371691430100 ) ) ;
#2908 = PLANE ( 'NONE',  #2348 ) ;
#2909 = CARTESIAN_POINT ( 'NONE',  ( -1.499959783120274700, -8.619333775091604400, 0.5005356623312254800 ) ) ;
#2910 = CARTESIAN_POINT ( 'NONE',  ( -3.849999999999999600, 0.0000000000000000000, 0.0000000000000000000 ) ) ;
#2911 = ORIENTED_EDGE ( 'NONE', *, *, #4333, .T. ) ;
#2912 = EDGE_CURVE ( 'NONE', #2756, #6025, #1741, .T. ) ;
#2913 = CARTESIAN_POINT ( 'NONE',  ( 3.698715432993072000, 2.935509734998653200, -0.3500000000000000300 ) ) ;
#2914 = CARTESIAN_POINT ( 'NONE',  ( 0.9376513132707700000, -3.309171905956178200, 1.250000000001760400 ) ) ;
#2915 = VERTEX_POINT ( 'NONE', #6769 ) ;
#2916 = ORIENTED_EDGE ( 'NONE', *, *, #1496, .F. ) ;
#2917 = DIRECTION ( 'NONE',  ( -1.000000000000000000, 0.0000000000000000000, 0.0000000000000000000 ) ) ;
#2918 = CARTESIAN_POINT ( 'NONE',  ( -1.500000000374999600, 0.0000000000000000000, 4.349999999999999600 ) ) ;
#2919 = LINE ( 'NONE', #1591, #2534 ) ;
#2920 = AXIS2_PLACEMENT_3D ( 'NONE', #5414, #6005, #1801 ) ;
#2921 = DIRECTION ( 'NONE',  ( 1.000000000000000000, 0.0000000000000000000, 0.0000000000000000000 ) ) ;
#2922 = DIRECTION ( 'NONE',  ( -1.000000000000000000, -0.0000000000000000000, -0.0000000000000000000 ) ) ;
#2923 =( BOUNDED_CURVE ( )  B_SPLINE_CURVE ( 3, ( #4486, #1548, #5720, #2200 ),
 .UNSPECIFIED., .F., .T. ) 
 B_SPLINE_CURVE_WITH_KNOTS ( ( 4, 4 ),
 ( 4.983456645984081600E-014, 0.0007829554593009027600 ),
 .UNSPECIFIED. ) 
 CURVE ( )  GEOMETRIC_REPRESENTATION_ITEM ( )  RATIONAL_B_SPLINE_CURVE ( ( 0.9999999992917415500, 0.8047378535544023000, 0.8047378535544023000, 0.9999999992917415500 ) ) 
 REPRESENTATION_ITEM ( '' )  );
#2924 = VERTEX_POINT ( 'NONE', #6789 ) ;
#2925 = CARTESIAN_POINT ( 'NONE',  ( 3.849999999999999600, 0.0000000000000000000, 0.0000000000000000000 ) ) ;
#2926 = AXIS2_PLACEMENT_3D ( 'NONE', #7104, #3561, #7707 ) ;
#2927 = ORIENTED_EDGE ( 'NONE', *, *, #894, .F. ) ;
#2928 = CARTESIAN_POINT ( 'NONE',  ( -4.620699654000000000, 1.527374143999999900, -2.229907224000000200 ) ) ;
#2929 = VECTOR ( 'NONE', #3172, 1000.000000000000200 ) ;
#2930 = UNCERTAINTY_MEASURE_WITH_UNIT (LENGTH_MEASURE( 1.000000000000000100E-005 ), #5757, 'distance_accuracy_value', 'NONE');
#2931 = ORIENTED_EDGE ( 'NONE', *, *, #866, .T. ) ;
#2932 = ADVANCED_FACE ( 'NONE', ( #1843 ), #5046, .T. ) ;
#2933 = ORIENTED_EDGE ( 'NONE', *, *, #1757, .T. ) ;
#2934 = CARTESIAN_POINT ( 'NONE',  ( -4.000000000000000000, 11.00000000000000000, -3.299999999999999800 ) ) ;
#2935 = VERTEX_POINT ( 'NONE', #7420 ) ;
#2936 = EDGE_LOOP ( 'NONE', ( #2788, #6239 ) ) ;
#2937 = DIRECTION ( 'NONE',  ( -1.000000000000000000, 1.156482317317871300E-015, -0.0000000000000000000 ) ) ;
#2938 = ORIENTED_EDGE ( 'NONE', *, *, #2405, .T. ) ;
#2939 = AXIS2_PLACEMENT_3D ( 'NONE', #5722, #2207, #6306 ) ;
#2940 = CARTESIAN_POINT ( 'NONE',  ( 1.164999999999994700, -2.492006165897975300, -1.250000000000000400 ) ) ;
#2941 = EDGE_LOOP ( 'NONE', ( #858, #2177, #4123, #294 ) ) ;
#2942 = ORIENTED_EDGE ( 'NONE', *, *, #174, .T. ) ;
#2943 = AXIS2_PLACEMENT_3D ( 'NONE', #5267, #405, #7666 ) ;
#2944 = ORIENTED_EDGE ( 'NONE', *, *, #7498, .T. ) ;
#2945 = CARTESIAN_POINT ( 'NONE',  ( -1.467659826906771500, -8.741319262436368500, 0.0005356623312287200200 ) ) ;
#2946 = EDGE_CURVE ( 'NONE', #1271, #5573, #1720, .T. ) ;
#2947 = LINE ( 'NONE', #3883, #3454 ) ;
#2948 = VECTOR ( 'NONE', #2814, 1000.000000000000000 ) ;
#2949 = ORIENTED_EDGE ( 'NONE', *, *, #6281, .T. ) ;
#2950 = DIRECTION ( 'NONE',  ( 0.0000000000000000000, 0.0000000000000000000, -1.000000000000000000 ) ) ;
#2951 = VECTOR ( 'NONE', #1181, 1000.000000000000000 ) ;
#2952 = EDGE_CURVE ( 'NONE', #7545, #1262, #1639, .T. ) ;
#2953 = CARTESIAN_POINT ( 'NONE',  ( 0.0000000000000000000, 0.0000000000000000000, -2.474999999999999600 ) ) ;
#2954 = CARTESIAN_POINT ( 'NONE',  ( 0.0000000000000000000, 0.0000000000000000000, 2.475000000249999700 ) ) ;
#2955 = ORIENTED_EDGE ( 'NONE', *, *, #1372, .F. ) ;
#2956 = CARTESIAN_POINT ( 'NONE',  ( 3.775039030999999900, 2.542858861999999700, -0.6499999996481770100 ) ) ;
#2957 = DIRECTION ( 'NONE',  ( -1.000000000000000000, 0.0000000000000000000, 0.0000000000000000000 ) ) ;
#2958 = VERTEX_POINT ( 'NONE', #2152 ) ;
#2959 = LINE ( 'NONE', #5965, #2951 ) ;
#2960 = ORIENTED_EDGE ( 'NONE', *, *, #5921, .F. ) ;
#2961 = LINE ( 'NONE', #3220, #2873 ) ;
#2962 = CARTESIAN_POINT ( 'NONE',  ( -4.953322681848700200, 0.9163911736531000800, -2.294890372999999900 ) ) ;
#2963 = FACE_OUTER_BOUND ( 'NONE', #4436, .T. ) ;
#2964 = CARTESIAN_POINT ( 'NONE',  ( -4.000000000000000000, 6.499999999794899200, -12.00000000000000000 ) ) ;
#2965 = CARTESIAN_POINT ( 'NONE',  ( -0.9140458530000001900, 2.862755931999999800, -1.905574523000000100 ) ) ;
#2966 = FACE_OUTER_BOUND ( 'NONE', #2546, .T. ) ;
#2967 = EDGE_CURVE ( 'NONE', #5548, #6123, #1732, .T. ) ;
#2968 = CARTESIAN_POINT ( 'NONE',  ( -3.040781442962779300, 0.2506605643794411200, 2.497922842759579400 ) ) ;
#2969 = VECTOR ( 'NONE', #4877, 1000.000000000000000 ) ;
#2970 = CARTESIAN_POINT ( 'NONE',  ( 3.698715432999999400, 2.935509734999999700, 0.3500000000125894600 ) ) ;
#2971 = VERTEX_POINT ( 'NONE', #3304 ) ;
#2972 = LINE ( 'NONE', #4931, #5669 ) ;
#2973 = AXIS2_PLACEMENT_3D ( 'NONE', #3764, #169, #4353 ) ;
#2974 = DIRECTION ( 'NONE',  ( 1.000000000000000000, 0.0000000000000000000, 0.0000000000000000000 ) ) ;
#2975 = CYLINDRICAL_SURFACE ( 'NONE', #7492, 3.150000000000000400 ) ;
#2976 = LINE ( 'NONE', #4314, #3053 ) ;
#2977 = ADVANCED_FACE ( 'NONE', ( #1637 ), #2747, .F. ) ;
#2978 = CARTESIAN_POINT ( 'NONE',  ( 1.396380774790440600, -8.951701305585666900, -0.06862797469104059400 ) ) ;
#2979 = CARTESIAN_POINT ( 'NONE',  ( -5.105983888349999900, 0.4524464484900001000, 2.327381948000001100 ) ) ;
#2980 = ORIENTED_EDGE ( 'NONE', *, *, #4114, .F. ) ;
#2981 = DIRECTION ( 'NONE',  ( 0.0000000000000000000, -0.0000000000000000000, 1.000000000000000000 ) ) ;
#2982 = CARTESIAN_POINT ( 'NONE',  ( 1.302993834102019700, -3.007006165897969700, 1.250000000000000000 ) ) ;
#2983 = ORIENTED_EDGE ( 'NONE', *, *, #4975, .F. ) ;
#2984 = ORIENTED_EDGE ( 'NONE', *, *, #719, .T. ) ;
#2985 = ORIENTED_EDGE ( 'NONE', *, *, #1102, .T. ) ;
#2986 = CARTESIAN_POINT ( 'NONE',  ( -1.499878708363746100, -8.626311989950869100, 0.5005356623312252600 ) ) ;
#2987 = AXIS2_PLACEMENT_3D ( 'NONE', #1096, #2361, #4106 ) ;
#2988 = CARTESIAN_POINT ( 'NONE',  ( 0.6245095940705068800, 1.930457967266681500, -1.830396426000000100 ) ) ;
#2989 = EDGE_CURVE ( 'NONE', #2565, #4623, #2923, .T. ) ;
#2990 = DIRECTION ( 'NONE',  ( 0.0000000000000000000, -0.0000000000000000000, 1.000000000000000000 ) ) ;
#2991 = CARTESIAN_POINT ( 'NONE',  ( -3.026179926058816200, 0.2494284821512479100, 2.498660952755512400 ) ) ;
#2992 = ADVANCED_FACE ( 'NONE', ( #1539, #1530 ), #7484, .F. ) ;
#2993 = DIRECTION ( 'NONE',  ( 1.000000000000000000, 3.986037398843766400E-018, -5.084318126393977200E-034 ) ) ;
#2994 = CARTESIAN_POINT ( 'NONE',  ( 4.200000000000000200, 10.50000000000000000, -0.3000000000000000400 ) ) ;
#2995 = CARTESIAN_POINT ( 'NONE',  ( 3.999999999927870100, -4.336808689942017700E-016, -0.2999999999942311000 ) ) ;
#2996 = CARTESIAN_POINT ( 'NONE',  ( -1.050000000000000000, 6.500000000000002700, -12.00000000000000000 ) ) ;
#2997 = DIRECTION ( 'NONE',  ( -1.000000000000000000, 0.0000000000000000000, -0.0000000000000000000 ) ) ;
#2998 = DIRECTION ( 'NONE',  ( -0.0000000000000000000, -0.0000000000000000000, -1.000000000000000000 ) ) ;
#2999 = AXIS2_PLACEMENT_3D ( 'NONE', #4601, #2850, #2377 ) ;
#3000 = CARTESIAN_POINT ( 'NONE',  ( -5.135115783999999900, 1.275327508000000600, 2.270521692000000400 ) ) ;
#3001 = CARTESIAN_POINT ( 'NONE',  ( 3.000000000000000000, 1.000000000000000000, -12.00000000000000000 ) ) ;
#3002 = B_SPLINE_CURVE_WITH_KNOTS ( 'NONE', 3,
 ( #7177, #4218, #6028, #2498, #6599, #3072, #7205, #3646, #62, #4245, #649, #4822, #1257, #5457, #1919, #6052, #2522, #6623, #3092, #7228, #3675, #85, #4264, #679 ),
 .UNSPECIFIED., .F., .F.,
 ( 4, 2, 2, 1, 1, 2, 2, 2, 2, 2, 2, 2, 4 ),
 ( 0.0000000000000000000, 0.2500000000021837000, 0.3750000000032739900, 0.4375000000038167800, 0.4687500000040945600, 0.4843750000042245100, 0.5000000000043545200, 0.5625000000038119500, 0.5937500000035381700, 0.6093750000033977300, 0.6250000000032572800, 0.7500000000021716000, 1.000000000000000000 ),
 .UNSPECIFIED. ) ;
#3003 = DIRECTION ( 'NONE',  ( 0.6427876096865028400, 0.7660444431190087700, -0.0000000000000000000 ) ) ;
#3004 = ORIENTED_EDGE ( 'NONE', *, *, #98, .F. ) ;
#3005 = FACE_OUTER_BOUND ( 'NONE', #330, .T. ) ;
#3006 = EDGE_CURVE ( 'NONE', #6858, #6189, #1528, .T. ) ;
#3007 = ORIENTED_EDGE ( 'NONE', *, *, #5002, .F. ) ;
#3008 = CARTESIAN_POINT ( 'NONE',  ( 5.000000000000000000, 0.3893150326536719000, 1.082232279682603600 ) ) ;
#3009 = VERTEX_POINT ( 'NONE', #3347 ) ;
#3010 = ADVANCED_FACE ( 'NONE', ( #1523 ), #1617, .T. ) ;
#3011 = LINE ( 'NONE', #4429, #2843 ) ;
#3012 = CARTESIAN_POINT ( 'NONE',  ( -1.500000000010192300, -8.362965924123534100, -0.04405130450183288000 ) ) ;
#3013 =( GEOMETRIC_REPRESENTATION_CONTEXT ( 3 ) GLOBAL_UNCERTAINTY_ASSIGNED_CONTEXT ( ( #4096 ) ) GLOBAL_UNIT_ASSIGNED_CONTEXT ( ( #6245, #781, #275 ) ) REPRESENTATION_CONTEXT ( 'NONE', 'WORKASPACE' ) );
#3014 = ORIENTED_EDGE ( 'NONE', *, *, #491, .F. ) ;
#3015 = DIRECTION ( 'NONE',  ( 1.000000000000000000, -0.0000000000000000000, -0.0000000000000000000 ) ) ;
#3016 = DIRECTION ( 'NONE',  ( 1.000000000000000000, 0.0000000000000000000, 0.0000000000000000000 ) ) ;
#3017 = ORIENTED_EDGE ( 'NONE', *, *, #1524, .F. ) ;
#3018 = DIRECTION ( 'NONE',  ( -1.000000000000000000, 0.0000000000000000000, -0.0000000000000000000 ) ) ;
#3019 = CARTESIAN_POINT ( 'NONE',  ( 4.124784284305977000, 10.65712552271555100, -3.260258609640374500E-007 ) ) ;
#3020 = ORIENTED_EDGE ( 'NONE', *, *, #5469, .T. ) ;
#3021 = CARTESIAN_POINT ( 'NONE',  ( -4.457189624999999800, 1.604307865000000900, 2.213661436000001100 ) ) ;
#3022 = LINE ( 'NONE', #2085, #2382 ) ;
#3023 = DIRECTION ( 'NONE',  ( -1.000000000000000000, 0.0000000000000000000, -0.0000000000000000000 ) ) ;
#3024 = CARTESIAN_POINT ( 'NONE',  ( 4.199999999946159700, 0.5000000000000004400, -1.897353801849632800E-016 ) ) ;
#3025 = ADVANCED_FACE ( 'NONE', ( #1453 ), #7512, .F. ) ;
#3026 = ADVANCED_FACE ( 'NONE', ( #1515 ), #1432, .T. ) ;
#3027 = EDGE_CURVE ( 'NONE', #6947, #5565, #1425, .T. ) ;
#3028 = VERTEX_POINT ( 'NONE', #5172 ) ;
#3029 = EDGE_CURVE ( 'NONE', #2003, #3226, #1740, .T. ) ;
#3030 = DIRECTION ( 'NONE',  ( 1.000000000000000000, 0.0000000000000000000, -0.0000000000000000000 ) ) ;
#3031 = LINE ( 'NONE', #2301, #3128 ) ;
#3032 = LINE ( 'NONE', #228, #2660 ) ;
#3033 = DIRECTION ( 'NONE',  ( 0.0000000000000000000, 0.0000000000000000000, 1.000000000000000000 ) ) ;
#3034 = CIRCLE ( 'NONE', #7665, 0.09999999973463931400 ) ;
#3035 = AXIS2_PLACEMENT_3D ( 'NONE', #5541, #5515, #5445 ) ;
#3036 = CARTESIAN_POINT ( 'NONE',  ( -1.499999999999999600, 0.0000000000000000000, -0.3000000000000000400 ) ) ;
#3037 = EDGE_CURVE ( 'NONE', #2423, #6771, #1336, .T. ) ;
#3038 = LINE ( 'NONE', #4363, #2969 ) ;
#3039 = CARTESIAN_POINT ( 'NONE',  ( 4.174649347142821700, 10.59953747193441300, -4.476743089107161600E-007 ) ) ;
#3040 = LINE ( 'NONE', #5, #2906 ) ;
#3041 = DIRECTION ( 'NONE',  ( -1.000000000000000000, -3.097720492815727200E-016, -0.0000000000000000000 ) ) ;
#3042 = ORIENTED_EDGE ( 'NONE', *, *, #5819, .F. ) ;
#3043 = CARTESIAN_POINT ( 'NONE',  ( -4.571581949999999700, 0.2414908920000000400, 2.367996417000001400 ) ) ;
#3044 = FACE_OUTER_BOUND ( 'NONE', #3475, .T. ) ;
#3045 = EDGE_CURVE ( 'NONE', #473, #7162, #4213, .T. ) ;
#3046 = B_SPLINE_CURVE_WITH_KNOTS ( 'NONE', 3,
 ( #6764, #2671, #3837, #239, #4411, #837, #5014, #1462, #5640, #2114, #6230, #2695, #6786, #3278, #7417, #3866, #257, #4431, #864, #5043, #1486, #5668, #2148, #6255 ),
 .UNSPECIFIED., .F., .F.,
 ( 4, 2, 2, 1, 1, 2, 2, 2, 2, 2, 2, 2, 4 ),
 ( 0.0000000000000000000, 0.2500000000006165600, 0.3750000000009248200, 0.4375000000010766400, 0.4687500000011525800, 0.4843750000011903300, 0.5000000000012280200, 0.5625000000010783600, 0.5937500000010004200, 0.6093750000009613400, 0.6250000000009222600, 0.7500000000006148400, 1.000000000000000000 ),
 .UNSPECIFIED. ) ;
#3047 = PLANE ( 'NONE',  #7617 ) ;
#3048 = ORIENTED_EDGE ( 'NONE', *, *, #4712, .F. ) ;
#3049 = CIRCLE ( 'NONE', #6690, 0.8000000050133501100 ) ;
#3050 = PLANE ( 'NONE',  #6575 ) ;
#3051 = CARTESIAN_POINT ( 'NONE',  ( 3.000000000000000000, 3.950000000000000200, -9.950000000312501300 ) ) ;
#3052 = CARTESIAN_POINT ( 'NONE',  ( 3.369999999961237300, 1.081678222334298200E-016, 0.0000000000000000000 ) ) ;
#3053 = VECTOR ( 'NONE', #3798, 1000.000000000000000 ) ;
#3054 = VERTEX_POINT ( 'NONE', #5825 ) ;
#3055 = CARTESIAN_POINT ( 'NONE',  ( 0.0000000000000000000, -6.529999999999971800, -0.6500000000000000200 ) ) ;
#3056 = VERTEX_POINT ( 'NONE', #2312 ) ;
#3057 = EDGE_CURVE ( 'NONE', #4672, #2597, #1333, .T. ) ;
#3058 = DIRECTION ( 'NONE',  ( 0.0000000000000000000, 0.0000000000000000000, 1.000000000000000000 ) ) ;
#3059 = VECTOR ( 'NONE', #6805, 1000.000000000000000 ) ;
#3060 = ADVANCED_FACE ( 'NONE', ( #1327 ), #5793, .T. ) ;
#3061 = ADVANCED_FACE ( 'NONE', ( #1317 ), #1230, .T. ) ;
#3062 = CARTESIAN_POINT ( 'NONE',  ( 0.0000000000000000000, 6.500000000000002700, -9.850000000000001400 ) ) ;
#3063 = AXIS2_PLACEMENT_3D ( 'NONE', #5246, #1688, #5848 ) ;
#3064 = CARTESIAN_POINT ( 'NONE',  ( 5.000000000000000900, -1.399999999999999900, 0.0000000000000000000 ) ) ;
#3065 = DIRECTION ( 'NONE',  ( 0.0000000000000000000, -4.336808689942021700E-016, 1.000000000000000000 ) ) ;
#3066 = AXIS2_PLACEMENT_3D ( 'NONE', #4397, #3262, #7402 ) ;
#3067 = CARTESIAN_POINT ( 'NONE',  ( -4.949843968087600700, 0.8253197325726001600, 2.303013267000000300 ) ) ;
#3068 = VECTOR ( 'NONE', #5991, 1000.000000000000000 ) ;
#3069 = ORIENTED_EDGE ( 'NONE', *, *, #1047, .T. ) ;
#3070 = DIRECTION ( 'NONE',  ( 0.7660444431190089900, -0.6427876096865026100, 0.0000000000000000000 ) ) ;
#3071 = DIRECTION ( 'NONE',  ( 0.0000000000000000000, -0.0000000000000000000, 1.000000000000000000 ) ) ;
#3072 = CARTESIAN_POINT ( 'NONE',  ( -4.163063055251046600, 10.61694296424372100, -5.121360372183538700E-007 ) ) ;
#3073 = ORIENTED_EDGE ( 'NONE', *, *, #5899, .F. ) ;
#3074 = CARTESIAN_POINT ( 'NONE',  ( -3.000000000010255400, 0.0000000000000000000, -3.500000000000000000 ) ) ;
#3075 = PRESENTATION_LAYER_ASSIGNMENT (  '', '', ( #2681 ) ) ;
#3076 = CARTESIAN_POINT ( 'NONE',  ( 0.0000000000000000000, 6.349999999999999600, -1.399999999999999900 ) ) ;
#3077 = AXIS2_PLACEMENT_3D ( 'NONE', #5972, #7142, #2921 ) ;
#3078 = EDGE_CURVE ( 'NONE', #2193, #7592, #1433, .T. ) ;
#3079 = CARTESIAN_POINT ( 'NONE',  ( -4.352588338700431200, -0.1175721820186195500, 2.392365097691437900 ) ) ;
#3080 = VECTOR ( 'NONE', #4728, 1000.000000000000000 ) ;
#3081 = CARTESIAN_POINT ( 'NONE',  ( -4.961972256880390100, 1.590926484090471800, -2.246153010888386300 ) ) ;
#3082 = VERTEX_POINT ( 'NONE', #2337 ) ;
#3083 = CARTESIAN_POINT ( 'NONE',  ( 5.099999999999999600, 0.0000000000000000000, 2.474999999999999600 ) ) ;
#3084 = SURFACE_STYLE_FILL_AREA ( #958 ) ;
#3085 = CARTESIAN_POINT ( 'NONE',  ( -3.028434561263521700, 0.1250085223622552900, 2.497991429993731100 ) ) ;
#3086 = VERTEX_POINT ( 'NONE', #3481 ) ;
#3087 =( LENGTH_UNIT ( ) NAMED_UNIT ( * ) SI_UNIT ( .MILLI., .METRE. ) );
#3088 = ADVANCED_FACE ( 'NONE', ( #1213 ), #2908, .F. ) ;
#3089 = ADVANCED_FACE ( 'NONE', ( #1254 ), #479, .F. ) ;
#3090 = PRESENTATION_STYLE_ASSIGNMENT (( #1590 ) ) ;
#3091 = EDGE_CURVE ( 'NONE', #786, #2924, #1136, .T. ) ;
#3092 = CARTESIAN_POINT ( 'NONE',  ( -4.112516257148755000, 10.66581316462110300, -2.361250652525602400E-007 ) ) ;
#3093 = CARTESIAN_POINT ( 'NONE',  ( 8.650000000000090900, 1.062518129035794300E-014, -2.500000000000000000 ) ) ;
#3094 = CARTESIAN_POINT ( 'NONE',  ( -1.575000000000000000, 6.349999999999999600, -1.470000000000000000 ) ) ;
#3095 = CIRCLE ( 'NONE', #7015, 1.030000000000000000 ) ;
#3096 = ORIENTED_EDGE ( 'NONE', *, *, #4753, .F. ) ;
#3097 = FILL_AREA_STYLE ('',( #6629 ) ) ;
#3098 = PRESENTATION_LAYER_ASSIGNMENT (  '', '', ( #1924 ) ) ;
#3099 = DIRECTION ( 'NONE',  ( 0.0000000000000000000, 1.000000000000000000, 0.0000000000000000000 ) ) ;
#3100 = DIRECTION ( 'NONE',  ( 1.000000000000000000, 0.0000000000000000000, 0.0000000000000000000 ) ) ;
#3101 = EDGE_LOOP ( 'NONE', ( #6723, #7006, #7478, #1350 ) ) ;
#3102 = DIRECTION ( 'NONE',  ( 0.0000000000000000000, 0.0000000000000000000, -1.000000000000000000 ) ) ;
#3103 = MANIFOLD_SOLID_BREP ( '?D3y-Dy×a2', #7577 ) ;
#3104 = CARTESIAN_POINT ( 'NONE',  ( 0.2729938341020197700, -3.007006165897969700, -1.250000000000000400 ) ) ;
#3105 = CARTESIAN_POINT ( 'NONE',  ( 0.6500000000000001300, -1.600000000000000800, -1.250000000000000400 ) ) ;
#3106 = ORIENTED_EDGE ( 'NONE', *, *, #1734, .T. ) ;
#3107 =( BOUNDED_CURVE ( )  B_SPLINE_CURVE ( 3, ( #4597, #2468, #2516, #957 ),
 .UNSPECIFIED., .F., .F. ) 
 B_SPLINE_CURVE_WITH_KNOTS ( ( 4, 4 ),
 ( 0.0000000000000000000, 1.000000000000000000 ),
 .UNSPECIFIED. ) 
 CURVE ( )  GEOMETRIC_REPRESENTATION_ITEM ( )  RATIONAL_B_SPLINE_CURVE ( ( 0.9999999998870760000, 0.8047378540334910700, 0.8047378540334910700, 0.9999999998870760000 ) ) 
 REPRESENTATION_ITEM ( '' )  );
#3108 =( GEOMETRIC_REPRESENTATION_CONTEXT ( 3 ) GLOBAL_UNCERTAINTY_ASSIGNED_CONTEXT ( ( #155 ) ) GLOBAL_UNIT_ASSIGNED_CONTEXT ( ( #3087, #7224, #3670 ) ) REPRESENTATION_CONTEXT ( 'NONE', 'WORKASPACE' ) );
#3109 = CARTESIAN_POINT ( 'NONE',  ( 0.7210065359942460200, -1.722986928011504900, -1.250000000000000400 ) ) ;
#3110 = ORIENTED_EDGE ( 'NONE', *, *, #5611, .T. ) ;
#3111 = CIRCLE ( 'NONE', #1963, 3.849999999999999600 ) ;
#3112 = LINE ( 'NONE', #1133, #3080 ) ;
#3113 = AXIS2_PLACEMENT_3D ( 'NONE', #467, #3496, #5266 ) ;
#3114 = CARTESIAN_POINT ( 'NONE',  ( -3.000000000000000000, 0.0000000000000000000, -3.000000000000000000 ) ) ;
#3115 = ORIENTED_EDGE ( 'NONE', *, *, #3189, .T. ) ;
#3116 = EDGE_CURVE ( 'NONE', #953, #4109, #845, .T. ) ;
#3117 = ORIENTED_EDGE ( 'NONE', *, *, #3801, .F. ) ;
#3118 = LINE ( 'NONE', #6129, #3133 ) ;
#3119 = EDGE_CURVE ( 'NONE', #14, #5890, #1234, .T. ) ;
#3120 = CARTESIAN_POINT ( 'NONE',  ( 4.500000000000002700, 6.500000000000002700, -12.00000000000000000 ) ) ;
#3121 = DIRECTION ( 'NONE',  ( -0.0000000000000000000, -0.0000000000000000000, -1.000000000000000000 ) ) ;
#3122 = CIRCLE ( 'NONE', #7620, 1.050000000000000000 ) ;
#3123 = CYLINDRICAL_SURFACE ( 'NONE', #3301, 0.8000000057735429100 ) ;
#3124 = DIRECTION ( 'NONE',  ( 1.000000000000000000, 0.0000000000000000000, 0.0000000000000000000 ) ) ;
#3125 = DIRECTION ( 'NONE',  ( 0.0000000000000000000, 0.0000000000000000000, -1.000000000000000000 ) ) ;
#3126 = FACE_OUTER_BOUND ( 'NONE', #4259, .T. ) ;
#3127 = ADVANCED_FACE ( 'NONE', ( #1138 ), #5260, .F. ) ;
#3128 = VECTOR ( 'NONE', #6392, 1000.000000000000000 ) ;
#3129 = ORIENTED_EDGE ( 'NONE', *, *, #6988, .F. ) ;
#3130 = DIRECTION ( 'NONE',  ( -0.0000000000000000000, -1.000000000000000000, -0.0000000000000000000 ) ) ;
#3131 = ORIENTED_EDGE ( 'NONE', *, *, #2624, .T. ) ;
#3132 = CARTESIAN_POINT ( 'NONE',  ( 0.3500000000000000300, -1.457986928011507200, -1.250000000000000200 ) ) ;
#3133 = VECTOR ( 'NONE', #5508, 1000.000000000000000 ) ;
#3134 = CIRCLE ( 'NONE', #5111, 1.750000000000000000 ) ;
#3135 = DIRECTION ( 'NONE',  ( 0.0000000000000000000, 0.0000000000000000000, 1.000000000000000000 ) ) ;
#3136 = ORIENTED_EDGE ( 'NONE', *, *, #6486, .T. ) ;
#3137 = CARTESIAN_POINT ( 'NONE',  ( -3.017431149000000100, -0.0007610600000000002500, 2.497991429999999900 ) ) ;
#3138 = COLOUR_RGB ( '',0.2509803921568627400, 0.2509803921568627400, 0.2509803921568627400 ) ;
#3139 = EDGE_CURVE ( 'NONE', #2221, #1908, #841, .T. ) ;
#3140 = VECTOR ( 'NONE', #6314, 999.9999999999998900 ) ;
#3141 = EDGE_CURVE ( 'NONE', #5623, #3272, #759, .T. ) ;
#3142 = DIRECTION ( 'NONE',  ( 1.000000000000000000, 0.0000000000000000000, 0.0000000000000000000 ) ) ;
#3143 = LINE ( 'NONE', #6694, #3140 ) ;
#3144 = ORIENTED_EDGE ( 'NONE', *, *, #58, .T. ) ;
#3145 = ORIENTED_EDGE ( 'NONE', *, *, #5935, .T. ) ;
#3146 = AXIS2_PLACEMENT_3D ( 'NONE', #2925, #1115, #1742 ) ;
#3147 = CARTESIAN_POINT ( 'NONE',  ( -4.500000000000002700, 3.949999999999999700, -9.950000002555555100 ) ) ;
#3148 = DIRECTION ( 'NONE',  ( 0.0000000000000000000, 0.0000000000000000000, 1.000000000000000000 ) ) ;
#3149 = DIRECTION ( 'NONE',  ( 0.0000000000000000000, 0.0000000000000000000, 1.000000000000000000 ) ) ;
#3150 = DIRECTION ( 'NONE',  ( -1.000000000000000000, -0.0000000000000000000, 0.0000000000000000000 ) ) ;
#3151 = EDGE_CURVE ( 'NONE', #484, #6878, #767, .T. ) ;
#3152 = CARTESIAN_POINT ( 'NONE',  ( -3.039885796554259400, 0.2507389232864804000, 2.497968567586526000 ) ) ;
#3153 = CARTESIAN_POINT ( 'NONE',  ( 0.0000000000000000000, 6.349999999999999600, -1.470000000000000000 ) ) ;
#3154 = CARTESIAN_POINT ( 'NONE',  ( -4.113518773481279000, -0.09665630345461767600, 2.408610885044954100 ) ) ;
#3155 = AXIS2_PLACEMENT_3D ( 'NONE', #1640, #2291, #6387 ) ;
#3156 = ORIENTED_EDGE ( 'NONE', *, *, #2496, .T. ) ;
#3157 = CARTESIAN_POINT ( 'NONE',  ( -0.7500000000000000000, -3.500000000000000000, -0.5000000000000000000 ) ) ;
#3158 = LINE ( 'NONE', #3485, #3068 ) ;
#3159 = ORIENTED_EDGE ( 'NONE', *, *, #6922, .F. ) ;
#3160 = PLANE ( 'NONE',  #4188 ) ;
#3161 = AXIS2_PLACEMENT_3D ( 'NONE', #977, #403, #4564 ) ;
#3162 = EDGE_CURVE ( 'NONE', #6272, #7344, #674, .T. ) ;
#3163 = EDGE_CURVE ( 'NONE', #5573, #2475, #834, .T. ) ;
#3164 = EDGE_CURVE ( 'NONE', #1237, #677, #3619, .T. ) ;
#3165 = CARTESIAN_POINT ( 'NONE',  ( 4.500000000000002700, 3.949999999999999700, -9.950000000000001100 ) ) ;
#3166 = ADVANCED_FACE ( 'NONE', ( #665 ), #5313, .F. ) ;
#3167 = ORIENTED_EDGE ( 'NONE', *, *, #6849, .T. ) ;
#3168 = VECTOR ( 'NONE', #1815, 1000.000000000000000 ) ;
#3169 = FACE_OUTER_BOUND ( 'NONE', #1199, .T. ) ;
#3170 = LINE ( 'NONE', #2854, #3307 ) ;
#3171 = PRODUCT_DEFINITION_FORMATION_WITH_SPECIFIED_SOURCE ( '任何', '', #7299, .NOT_KNOWN. ) ;
#3172 = DIRECTION ( 'NONE',  ( 0.9366073253797020400, 0.3408971881548883400, -0.08096805019988806400 ) ) ;
#3173 = AXIS2_PLACEMENT_3D ( 'NONE', #6145, #4955, #2079 ) ;
#3174 = CARTESIAN_POINT ( 'NONE',  ( 1.480000000000014200, -3.846410161513794400, 0.0000000000000000000 ) ) ;
#3175 = EDGE_CURVE ( 'NONE', #1262, #4826, #582, .T. ) ;
#3176 = CYLINDRICAL_SURFACE ( 'NONE', #3314, 0.3000000000000000400 ) ;
#3177 = DIRECTION ( 'NONE',  ( -1.734163393375838900E-018, 1.000000000000000000, 0.0000000000000000000 ) ) ;
#3178 = VERTEX_POINT ( 'NONE', #539 ) ;
#3179 = CARTESIAN_POINT ( 'NONE',  ( 0.0000000000000000000, 0.0000000000000000000, 0.0000000000000000000 ) ) ;
#3180 = DIRECTION ( 'NONE',  ( -1.000000000000000000, -0.0000000000000000000, 0.0000000000000000000 ) ) ;
#3181 = EDGE_CURVE ( 'NONE', #1194, #2276, #110, .T. ) ;
#3182 = DIRECTION ( 'NONE',  ( 1.000000000000000000, -0.0000000000000000000, 0.0000000000000000000 ) ) ;
#3183 = FACE_OUTER_BOUND ( 'NONE', #5875, .T. ) ;
#3184 = B_SPLINE_CURVE_WITH_KNOTS ( 'NONE', 3,
 ( #3154, #3079, #2693, #2668, #2640, #2578, #1874, #2145, #2113, #2067 ),
 .UNSPECIFIED., .F., .F.,
 ( 4, 2, 2, 2, 4 ),
 ( 0.0000000000000000000, 0.2500000000000000000, 0.5000000000000000000, 0.7500000000000000000, 1.000000000000000000 ),
 .UNSPECIFIED. ) ;
#3185 = ORIENTED_EDGE ( 'NONE', *, *, #457, .T. ) ;
#3186 = CARTESIAN_POINT ( 'NONE',  ( 2.035250444023779500, 2.357485723144653100, 0.3435729950710757500 ) ) ;
#3187 = EDGE_LOOP ( 'NONE', ( #4444, #4634, #2858, #2622 ) ) ;
#3188 = ORIENTED_EDGE ( 'NONE', *, *, #4006, .T. ) ;
#3189 = EDGE_CURVE ( 'NONE', #203, #5693, #585, .T. ) ;
#3190 = CARTESIAN_POINT ( 'NONE',  ( 6.133787368051004700, 0.0000000000000000000, -2.500000000000000000 ) ) ;
#3191 = CARTESIAN_POINT ( 'NONE',  ( 3.000000000000000000, 1.000000000000000000, -3.799999999999999800 ) ) ;
#3192 = ORIENTED_EDGE ( 'NONE', *, *, #4289, .F. ) ;
#3193 = EDGE_LOOP ( 'NONE', ( #4495, #1724, #4467, #2036 ) ) ;
#3194 = DIRECTION ( 'NONE',  ( 0.0000000000000000000, 0.0000000000000000000, 1.000000000000000000 ) ) ;
#3195 = CARTESIAN_POINT ( 'NONE',  ( 1.745829421938302200, 2.148420471078780200, -0.3177095248084136300 ) ) ;
#3196 = AXIS2_PLACEMENT_3D ( 'NONE', #6062, #4863, #1299 ) ;
#3197 = CIRCLE ( 'NONE', #3515, 0.5300000000000003600 ) ;
#3198 = FACE_OUTER_BOUND ( 'NONE', #273, .T. ) ;
#3199 = ORIENTED_EDGE ( 'NONE', *, *, #3708, .T. ) ;
#3200 = CARTESIAN_POINT ( 'NONE',  ( -3.026179926038384600, 0.2494284821521406400, -2.498660953126666100 ) ) ;
#3201 = ADVANCED_FACE ( 'NONE', ( #483 ), #5423, .T. ) ;
#3202 = CARTESIAN_POINT ( 'NONE',  ( 4.500000000000002700, 1.399999999999999700, -12.00000000000000000 ) ) ;
#3203 = DIRECTION ( 'NONE',  ( 0.0000000000000000000, -0.9135454576426004200, -0.4067366430758009900 ) ) ;
#3204 = UNCERTAINTY_MEASURE_WITH_UNIT (LENGTH_MEASURE( 1.000000000000000100E-005 ), #2219, 'distance_accuracy_value', 'NONE');
#3205 = ORIENTED_EDGE ( 'NONE', *, *, #3037, .T. ) ;
#3206 = DIRECTION ( 'NONE',  ( 0.0000000000000000000, 0.0000000000000000000, 1.000000000000000000 ) ) ;
#3207 = ORIENTED_EDGE ( 'NONE', *, *, #4973, .F. ) ;
#3208 = FACE_OUTER_BOUND ( 'NONE', #5175, .T. ) ;
#3209 = DIRECTION ( 'NONE',  ( 0.0000000000000000000, 1.000000000000000000, 0.0000000000000000000 ) ) ;
#3210 = VERTEX_POINT ( 'NONE', #7191 ) ;
#3211 = VECTOR ( 'NONE', #6822, 1000.000000000000000 ) ;
#3212 = AXIS2_PLACEMENT_3D ( 'NONE', #3271, #7410, #3858 ) ;
#3213 = DIRECTION ( 'NONE',  ( -0.0000000000000000000, 0.0000000000000000000, 1.000000000000000000 ) ) ;
#3214 = LINE ( 'NONE', #1157, #3168 ) ;
#3215 = EDGE_LOOP ( 'NONE', ( #108, #248, #695, #731 ) ) ;
#3216 = CARTESIAN_POINT ( 'NONE',  ( 1.902187160216257200, 2.331620840891510200, -0.1842377490377377900 ) ) ;
#3217 = EDGE_CURVE ( 'NONE', #3817, #7151, #492, .T. ) ;
#3218 = ORIENTED_EDGE ( 'NONE', *, *, #3929, .T. ) ;
#3219 = CARTESIAN_POINT ( 'NONE',  ( 0.7000000000000004000, 3.000384657911015900E-016, -1.600000000000000100 ) ) ;
#3220 = CARTESIAN_POINT ( 'NONE',  ( -4.135307709835268000, 0.1523923714706677500, -2.408610885002502800 ) ) ;
#3221 = VECTOR ( 'NONE', #3988, 1000.000000000000000 ) ;
#3222 = VECTOR ( 'NONE', #1585, 1000.000000000000000 ) ;
#3223 = VERTEX_POINT ( 'NONE', #54 ) ;
#3224 = DIRECTION ( 'NONE',  ( 0.0000000000000000000, 0.0000000000000000000, 1.000000000000000000 ) ) ;
#3225 = CARTESIAN_POINT ( 'NONE',  ( 2.031626656344401600, 2.203973825826100800, 0.6060017704003646300 ) ) ;
#3226 = VERTEX_POINT ( 'NONE', #638 ) ;
#3227 = FACE_OUTER_BOUND ( 'NONE', #3101, .T. ) ;
#3228 = EDGE_CURVE ( 'NONE', #6869, #5364, #283, .T. ) ;
#3229 = ORIENTED_EDGE ( 'NONE', *, *, #4845, .F. ) ;
#3230 = LINE ( 'NONE', #6627, #3211 ) ;
#3231 = DIRECTION ( 'NONE',  ( -1.000000000000000000, 0.0000000000000000000, -0.0000000000000000000 ) ) ;
#3232 = ORIENTED_EDGE ( 'NONE', *, *, #850, .F. ) ;
#3233 = EDGE_LOOP ( 'NONE', ( #2156, #7337, #112, #1358 ) ) ;
#3234 = CARTESIAN_POINT ( 'NONE',  ( -4.116942649568273700, 0.3369373818021828600, -5.111406305033266400E-007 ) ) ;
#3235 = DIRECTION ( 'NONE',  ( 1.000000000000000000, 9.011550524554843200E-016, 0.0000000000000000000 ) ) ;
#3236 = EDGE_LOOP ( 'NONE', ( #5988, #1114, #367, #5806 ) ) ;
#3237 = CARTESIAN_POINT ( 'NONE',  ( 0.3699833390000001900, 1.914284079000000200, -1.776712534000001000 ) ) ;
#3238 = VERTEX_POINT ( 'NONE', #6039 ) ;
#3239 = ORIENTED_EDGE ( 'NONE', *, *, #3509, .F. ) ;
#3240 = ORIENTED_EDGE ( 'NONE', *, *, #3810, .F. ) ;
#3241 = EDGE_CURVE ( 'NONE', #2121, #879, #375, .T. ) ;
#3242 = B_SPLINE_CURVE_WITH_KNOTS ( 'NONE', 3,
 ( #2507, #50, #3081, #7213, #3656, #72, #4252, #661, #4836, #1268 ),
 .UNSPECIFIED., .F., .F.,
 ( 4, 2, 2, 2, 4 ),
 ( 0.0000000000000000000, 0.2500000000000000600, 0.5000000000000001100, 0.7500000000000000000, 1.000000000000000000 ),
 .UNSPECIFIED. ) ;
#3243 =( NAMED_UNIT ( * ) SI_UNIT ( $, .STERADIAN. ) SOLID_ANGLE_UNIT ( ) );
#3244 = ADVANCED_FACE ( 'NONE', ( #204 ), #4812, .F. ) ;
#3245 = CARTESIAN_POINT ( 'NONE',  ( 0.5768073451063097100, 2.175864765196969600, -1.760722740937487000 ) ) ;
#3246 = DIRECTION ( 'NONE',  ( 0.0000000000000000000, 0.0000000000000000000, 1.000000000000000000 ) ) ;
#3247 = AXIS2_PLACEMENT_3D ( 'NONE', #6834, #3917, #315 ) ;
#3248 = CARTESIAN_POINT ( 'NONE',  ( 1.796451560000000600, 2.565747095999999500, 0.0000000000000000000 ) ) ;
#3249 = VECTOR ( 'NONE', #3148, 1000.000000000000000 ) ;
#3250 = CARTESIAN_POINT ( 'NONE',  ( 2.238130008999999800, 2.588305748000000700, 0.4999999999999999400 ) ) ;
#3251 = DIRECTION ( 'NONE',  ( 0.0000000000000000000, 1.000000000000000000, 1.224646799147353200E-016 ) ) ;
#3252 = DIRECTION ( 'NONE',  ( 0.0000000000000000000, 0.0000000000000000000, 1.000000000000000000 ) ) ;
#3253 = LINE ( 'NONE', #5538, #3787 ) ;
#3255 = VERTEX_POINT ( 'NONE', #5450 ) ;
#3254 = DIRECTION ( 'NONE',  ( 0.0000000000000000000, 1.000000000000000000, -0.0000000000000000000 ) ) ;
#3256 = CARTESIAN_POINT ( 'NONE',  ( -4.165813164633802600, 0.3874837428979885400, -2.361250450152737900E-007 ) ) ;
#3257 = AXIS2_PLACEMENT_3D ( 'NONE', #4420, #851, #5033 ) ;
#3258 = EDGE_LOOP ( 'NONE', ( #785, #1330, #2319, #116 ) ) ;
#3259 = VECTOR ( 'NONE', #7021, 1000.000000000000000 ) ;
#3260 = EDGE_CURVE ( 'NONE', #5980, #4786, #267, .T. ) ;
#3261 = EDGE_CURVE ( 'NONE', #3741, #1865, #469, .T. ) ;
#3262 = DIRECTION ( 'NONE',  ( 0.0000000000000000000, 0.0000000000000000000, 1.000000000000000000 ) ) ;
#3263 = CLOSED_SHELL ( 'NONE', ( #7202, #3491, #2531, #6578, #7238, #2812, #1751, #1459, #1786, #3025, #1897, #4540, #5981, #1253, #3244, #3127, #2666, #2027, #2369, #1207, #624, #3453, #5539, #7003, #191, #5747, #698, #3586, #1863, #1255, #7120, #4169, #6644, #5614, #4578, #2066, #5434, #3375, #18, #2977, #1166, #2493, #6226, #1292, #3089, #5979, #2856, #4999, #1702, #17, #1982, #83, #594, #7687, #7159, #6608, #3567, #4703, #81, #3415, #49, #3699, #119, #4347, #1900, #2893, #4271, #152, #5351, #6964, #4848, #5836, #568, #4199, #371, #6776, #4376 ) ) ;
#3264 = CARTESIAN_POINT ( 'NONE',  ( -0.06711243000000001500, 2.155179592999999700, -1.891056179000000200 ) ) ;
#3265 = CARTESIAN_POINT ( 'NONE',  ( -3.000000000000000400, 3.949999999999999700, -12.00000000000000200 ) ) ;
#3266 = DIRECTION ( 'NONE',  ( 0.0000000000000000000, 1.000000000000000000, 0.0000000000000000000 ) ) ;
#3267 = CARTESIAN_POINT ( 'NONE',  ( 0.0000000000000000000, 6.349999999999999600, 0.0000000000000000000 ) ) ;
#3268 = ORIENTED_EDGE ( 'NONE', *, *, #5563, .T. ) ;
#3269 = AXIS2_PLACEMENT_3D ( 'NONE', #5155, #5122, #5063 ) ;
#3270 = EDGE_LOOP ( 'NONE', ( #1435, #5967, #7522, #2056 ) ) ;
#3271 = CARTESIAN_POINT ( 'NONE',  ( -6.325000000000000200, 0.0000000000000000000, 0.0000000000000000000 ) ) ;
#3272 = VERTEX_POINT ( 'NONE', #667 ) ;
#3273 = PLANE ( 'NONE',  #276 ) ;
#3274 = SURFACE_STYLE_FILL_AREA ( #4577 ) ;
#3275 = CARTESIAN_POINT ( 'NONE',  ( -6.325000000000000200, 0.0000000000000000000, 0.0000000000000000000 ) ) ;
#3276 = VERTEX_POINT ( 'NONE', #1272 ) ;
#3277 = CARTESIAN_POINT ( 'NONE',  ( -1.680000000000063700, -3.500000000000000000, 0.0000000000000000000 ) ) ;
#3278 = CARTESIAN_POINT ( 'NONE',  ( 4.131772556685778100, 0.3493418171079695200, -2.527883737176847700E-008 ) ) ;
#3279 = ORIENTED_EDGE ( 'NONE', *, *, #3918, .T. ) ;
#3280 = ORIENTED_EDGE ( 'NONE', *, *, #4202, .T. ) ;
#3281 = DIRECTION ( 'NONE',  ( -0.0000000000000000000, 0.4067366430758010400, 0.9135454576426005300 ) ) ;
#3282 = EDGE_CURVE ( 'NONE', #384, #2475, #120, .T. ) ;
#3283 = VECTOR ( 'NONE', #1981, 1000.000000000000000 ) ;
#3284 = EDGE_LOOP ( 'NONE', ( #3719, #3892, #3591, #3523 ) ) ;
#3285 = AXIS2_PLACEMENT_3D ( 'NONE', #5378, #3573, #4125 ) ;
#3286 = ORIENTED_EDGE ( 'NONE', *, *, #5137, .F. ) ;
#3287 = CARTESIAN_POINT ( 'NONE',  ( 9.300000000000064700, -0.6500000000017960300, -2.500000000000000000 ) ) ;
#3288 = EDGE_CURVE ( 'NONE', #1887, #2356, #198, .T. ) ;
#3289 = DIRECTION ( 'NONE',  ( -0.0000000000000000000, -1.000000000000000000, -0.0000000000000000000 ) ) ;
#3290 = DIRECTION ( 'NONE',  ( 0.0000000000000000000, 1.000000000000000000, -0.0000000000000000000 ) ) ;
#3291 = LINE ( 'NONE', #6884, #3222 ) ;
#3292 = ORIENTED_EDGE ( 'NONE', *, *, #5578, .T. ) ;
#3293 = DIRECTION ( 'NONE',  ( 1.000000000000000000, -0.0000000000000000000, -0.0000000000000000000 ) ) ;
#3294 = FACE_OUTER_BOUND ( 'NONE', #5568, .T. ) ;
#3295 = VERTEX_POINT ( 'NONE', #4866 ) ;
#3296 = AXIS2_PLACEMENT_3D ( 'NONE', #1891, #6600, #4803 ) ;
#3297 = VERTEX_POINT ( 'NONE', #2536 ) ;
#3298 = CYLINDRICAL_SURFACE ( 'NONE', #5530, 0.6000000000000000900 ) ;
#3299 = DIRECTION ( 'NONE',  ( 1.000000000000000000, 0.0000000000000000000, 0.0000000000000000000 ) ) ;
#3300 = CIRCLE ( 'NONE', #2146, 0.5000000000000000000 ) ;
#3301 = AXIS2_PLACEMENT_3D ( 'NONE', #3535, #2391, #7683 ) ;
#3302 = CARTESIAN_POINT ( 'NONE',  ( 0.3500000000000000300, -0.3500000000358931600, 1.250000000000000000 ) ) ;
#3303 = ORIENTED_EDGE ( 'NONE', *, *, #266, .T. ) ;
#3304 = CARTESIAN_POINT ( 'NONE',  ( 1.479999999999830300, -1.559519156663449200, 0.0000000000000000000 ) ) ;
#3305 = FACE_OUTER_BOUND ( 'NONE', #4416, .T. ) ;
#3306 = LINE ( 'NONE', #5205, #2948 ) ;
#3307 = VECTOR ( 'NONE', #6946, 1000.000000000000000 ) ;
#3308 = ORIENTED_EDGE ( 'NONE', *, *, #980, .T. ) ;
#3309 = LINE ( 'NONE', #7406, #3409 ) ;
#3310 = AXIS2_PLACEMENT_3D ( 'NONE', #2787, #6873, #3353 ) ;
#3311 = DIRECTION ( 'NONE',  ( -0.0000000000000000000, -1.000000000000000000, -0.0000000000000000000 ) ) ;
#3312 = FACE_OUTER_BOUND ( 'NONE', #5293, .T. ) ;
#3313 = PLANE ( 'NONE',  #6241 ) ;
#3314 = AXIS2_PLACEMENT_3D ( 'NONE', #6312, #7556, #4650 ) ;
#3315 = ORIENTED_EDGE ( 'NONE', *, *, #6188, .T. ) ;
#3316 = ORIENTED_EDGE ( 'NONE', *, *, #7419, .F. ) ;
#3317 = EDGE_CURVE ( 'NONE', #6871, #2280, #102, .T. ) ;
#3318 = DIRECTION ( 'NONE',  ( -0.4999999999999949500, 0.8660254037844415900, 0.0000000000000000000 ) ) ;
#3319 = DIRECTION ( 'NONE',  ( 0.9816271834475899200, 0.1908089953769258600, 2.128564658446812500E-015 ) ) ;
#3320 = EDGE_CURVE ( 'NONE', #3418, #5015, #7313, .T. ) ;
#3321 = ORIENTED_EDGE ( 'NONE', *, *, #6083, .F. ) ;
#3322 = VECTOR ( 'NONE', #4288, 1000.000000000000000 ) ;
#3323 = EDGE_CURVE ( 'NONE', #4953, #4030, #5929, .T. ) ;
#3324 = LINE ( 'NONE', #1794, #3322 ) ;
#3325 = CARTESIAN_POINT ( 'NONE',  ( -1.107023540254380400, 2.823668595907413700, 1.924045491027253300 ) ) ;
#3326 = DIRECTION ( 'NONE',  ( -1.000000000000000000, 0.0000000000000000000, -0.0000000000000000000 ) ) ;
#3327 = CARTESIAN_POINT ( 'NONE',  ( 3.849999999999999600, 0.0000000000000000000, 0.0000000000000000000 ) ) ;
#3328 = DIRECTION ( 'NONE',  ( 0.0000000000000000000, 0.0000000000000000000, -1.000000000000000000 ) ) ;
#3329 = VERTEX_POINT ( 'NONE', #4303 ) ;
#3330 = FILL_AREA_STYLE_COLOUR ( '', #5406 ) ;
#3331 = EDGE_CURVE ( 'NONE', #5885, #1939, #6201, .T. ) ;
#3332 = DIRECTION ( 'NONE',  ( 0.0000000000000000000, 0.0000000000000000000, -1.000000000000000000 ) ) ;
#3333 = LINE ( 'NONE', #6918, #4688 ) ;
#3334 = AXIS2_PLACEMENT_3D ( 'NONE', #2583, #4330, #5545 ) ;
#3335 = CARTESIAN_POINT ( 'NONE',  ( 3.727336782571765800, 2.788265658143206600, -0.3500000000000000300 ) ) ;
#3336 = VERTEX_POINT ( 'NONE', #6115 ) ;
#3337 = CARTESIAN_POINT ( 'NONE',  ( 3.500000000000000000, 1.399999999999999900, -12.00000000000000000 ) ) ;
#3338 = CARTESIAN_POINT ( 'NONE',  ( 4.999999999999999100, 0.5490147344376765700, -1.011965230857920300 ) ) ;
#3339 = CIRCLE ( 'NONE', #2926, 1.500000000010193000 ) ;
#3340 =( NAMED_UNIT ( * ) SI_UNIT ( $, .STERADIAN. ) SOLID_ANGLE_UNIT ( ) );
#3341 = CARTESIAN_POINT ( 'NONE',  ( 1.887231171684306200, 2.175906186893543600, 0.4936102818980920300 ) ) ;
#3342 = EDGE_LOOP ( 'NONE', ( #4830, #149, #4514, #971 ) ) ;
#3343 = CARTESIAN_POINT ( 'NONE',  ( 1.479999999999830300, -1.559519156663449200, -0.5000000000000000000 ) ) ;
#3344 = CARTESIAN_POINT ( 'NONE',  ( 1.500000000000000200, -3.760040521065266100, -1.543040829830836900 ) ) ;
#3345 = ORIENTED_EDGE ( 'NONE', *, *, #1137, .F. ) ;
#3346 = CARTESIAN_POINT ( 'NONE',  ( 2.433618704727592300, 4.500000000000002700, -0.5999999999999998700 ) ) ;
#3347 = CARTESIAN_POINT ( 'NONE',  ( -1.050000000000000000, 6.349999999999999600, -1.399999999999999900 ) ) ;
#3348 = DIRECTION ( 'NONE',  ( 1.000000000000000000, 0.0000000000000000000, 0.0000000000000000000 ) ) ;
#3349 = AXIS2_PLACEMENT_3D ( 'NONE', #7070, #1125, #5330 ) ;
#3350 = ORIENTED_EDGE ( 'NONE', *, *, #2779, .T. ) ;
#3351 = VECTOR ( 'NONE', #6032, 1000.000000000000000 ) ;
#3352 = EDGE_CURVE ( 'NONE', #1194, #1484, #4967, .T. ) ;
#3353 = DIRECTION ( 'NONE',  ( 1.000000000000000000, 0.0000000000000000000, 0.0000000000000000000 ) ) ;
#3354 = CARTESIAN_POINT ( 'NONE',  ( 0.5768073455605469100, 2.175864762881111900, -1.830396426000000100 ) ) ;
#3355 = ORIENTED_EDGE ( 'NONE', *, *, #6760, .T. ) ;
#3356 = ORIENTED_EDGE ( 'NONE', *, *, #1422, .T. ) ;
#3357 = CARTESIAN_POINT ( 'NONE',  ( -4.789306364094846600, 0.4011330376649917500, -2.343627735201185400 ) ) ;
#3358 = ORIENTED_EDGE ( 'NONE', *, *, #610, .F. ) ;
#3359 = ORIENTED_EDGE ( 'NONE', *, *, #423, .F. ) ;
#3360 = CARTESIAN_POINT ( 'NONE',  ( -1.499999999999999800, 0.0000000000000000000, -12.00000000000000200 ) ) ;
#3362 = CARTESIAN_POINT ( 'NONE',  ( 1.479999999999791300, -3.153589838486153200, 0.0000000000000000000 ) ) ;
#3361 = LINE ( 'NONE', #7589, #13 ) ;
#3363 = ORIENTED_EDGE ( 'NONE', *, *, #5442, .T. ) ;
#3364 = DIRECTION ( 'NONE',  ( 0.0000000000000000000, 1.000000000000000000, 0.0000000000000000000 ) ) ;
#3365 = VERTEX_POINT ( 'NONE', #147 ) ;
#3366 = ORIENTED_EDGE ( 'NONE', *, *, #7498, .F. ) ;
#3367 =( LENGTH_UNIT ( ) NAMED_UNIT ( * ) SI_UNIT ( .MILLI., .METRE. ) );
#3368 = CARTESIAN_POINT ( 'NONE',  ( 1.763302214377677300, 2.151816837872978700, -0.3475760139939627600 ) ) ;
#3369 = VECTOR ( 'NONE', #2032, 1000.000000000000000 ) ;
#3370 = CARTESIAN_POINT ( 'NONE',  ( -3.000000000000000000, 0.2500000000000000000, 2.474999999999999200 ) ) ;
#3371 = PLANE ( 'NONE',  #2999 ) ;
#3372 = CARTESIAN_POINT ( 'NONE',  ( 4.999999999999999100, -1.011170126832111600, 0.5703809209129731000 ) ) ;
#3373 = DIRECTION ( 'NONE',  ( -1.000000000000000000, -0.0000000000000000000, 0.0000000000000000000 ) ) ;
#3374 = ORIENTED_EDGE ( 'NONE', *, *, #3769, .T. ) ;
#3375 = ADVANCED_FACE ( 'NONE', ( #4779 ), #588, .F. ) ;
#3376 = DIRECTION ( 'NONE',  ( 1.000000000000000000, 0.0000000000000000000, -0.0000000000000000000 ) ) ;
#3377 = DIRECTION ( 'NONE',  ( -3.986037398843766400E-018, 1.000000000000000000, -2.026628219942565400E-051 ) ) ;
#3378 = CARTESIAN_POINT ( 'NONE',  ( 1.500000000000000000, 0.0000000000000000000, 4.349999999999999600 ) ) ;
#3379 = EDGE_CURVE ( 'NONE', #172, #6365, #1551, .T. ) ;
#3380 = ORIENTED_EDGE ( 'NONE', *, *, #7121, .T. ) ;
#3381 = CARTESIAN_POINT ( 'NONE',  ( 3.500000000000000000, 1.000000000000000000, -0.6000000000000000900 ) ) ;
#3382 = CARTESIAN_POINT ( 'NONE',  ( -0.05050725233455446300, 0.1445209052568247100, -11.97107267666074500 ) ) ;
#3383 = AXIS2_PLACEMENT_3D ( 'NONE', #6169, #3121, #213 ) ;
#3384 = DIRECTION ( 'NONE',  ( -0.0000000000000000000, -0.0000000000000000000, -1.000000000000000000 ) ) ;
#3385 = CYLINDRICAL_SURFACE ( 'NONE', #6790, 0.8000000050133501100 ) ;
#3386 = ORIENTED_EDGE ( 'NONE', *, *, #1971, .T. ) ;
#3387 = FACE_OUTER_BOUND ( 'NONE', #2194, .T. ) ;
#3388 = VECTOR ( 'NONE', #6355, 1000.000000000000000 ) ;
#3389 = EDGE_LOOP ( 'NONE', ( #1175, #1294, #1821, #1988 ) ) ;
#3390 = DIRECTION ( 'NONE',  ( -0.0000000000000000000, 1.000000000000000000, -0.0000000000000000000 ) ) ;
#3391 = LINE ( 'NONE', #5121, #3221 ) ;
#3392 = CARTESIAN_POINT ( 'NONE',  ( -1.192528577750724400, 3.058591754908745100, -1.924045491022551300 ) ) ;
#3393 = FACE_OUTER_BOUND ( 'NONE', #3779, .T. ) ;
#3394 = ORIENTED_EDGE ( 'NONE', *, *, #1535, .F. ) ;
#3395 =( NAMED_UNIT ( * ) PLANE_ANGLE_UNIT ( ) SI_UNIT ( $, .RADIAN. ) );
#3396 = ORIENTED_EDGE ( 'NONE', *, *, #881, .T. ) ;
#3397 = AXIS2_PLACEMENT_3D ( 'NONE', #100, #6034, #4274 ) ;
#3398 = EDGE_LOOP ( 'NONE', ( #4511, #2263, #4602, #7027 ) ) ;
#3399 = LINE ( 'NONE', #1859, #3410 ) ;
#3400 = AXIS2_PLACEMENT_3D ( 'NONE', #4305, #3135, #715 ) ;
#3401 = VECTOR ( 'NONE', #359, 1000.000000000000200 ) ;
#3402 = ORIENTED_EDGE ( 'NONE', *, *, #5705, .F. ) ;
#3403 = EDGE_CURVE ( 'NONE', #4834, #2596, #3422, .T. ) ;
#3404 = CARTESIAN_POINT ( 'NONE',  ( -1.480000000000055000, -4.456579543088778900, -0.5000000000000000000 ) ) ;
#3405 = EDGE_CURVE ( 'NONE', #6195, #1527, #2157, .T. ) ;
#3406 = CARTESIAN_POINT ( 'NONE',  ( 0.1281114325138000000, 1.990218083323400400, 1.792702327000000000 ) ) ;
#3407 = EDGE_CURVE ( 'NONE', #1850, #2632, #6665, .T. ) ;
#3408 = ORIENTED_EDGE ( 'NONE', *, *, #4666, .T. ) ;
#3409 = VECTOR ( 'NONE', #7385, 1000.000000000000000 ) ;
#3410 = VECTOR ( 'NONE', #1941, 1000.000000000000000 ) ;
#3411 = EDGE_LOOP ( 'NONE', ( #1458, #1164, #353 ) ) ;
#3412 = APPLICATION_CONTEXT ( 'automotive_design' ) ;
#3413 = ORIENTED_EDGE ( 'NONE', *, *, #7227, .F. ) ;
#3414 = DIRECTION ( 'NONE',  ( -1.000000000000000000, 0.0000000000000000000, 0.0000000000000000000 ) ) ;
#3415 = ADVANCED_FACE ( 'NONE', ( #7700 ), #4351, .T. ) ;
#3416 = CARTESIAN_POINT ( 'NONE',  ( 1.575000000000000000, 3.149999999999999900, -2.299999999999999800 ) ) ;
#3417 = ORIENTED_EDGE ( 'NONE', *, *, #2098, .T. ) ;
#3418 = VERTEX_POINT ( 'NONE', #5857 ) ;
#3419 = EDGE_CURVE ( 'NONE', #2409, #2597, #4998, .T. ) ;
#3420 = CARTESIAN_POINT ( 'NONE',  ( 1.447699655000000100, 2.243277419000000000, 0.4208712150000000800 ) ) ;
#3421 = DIRECTION ( 'NONE',  ( -0.0000000000000000000, 0.0000000000000000000, 1.000000000000000000 ) ) ;
#3422 = LINE ( 'NONE', #7323, #394 ) ;
#3423 = CARTESIAN_POINT ( 'NONE',  ( 9.300000000000064700, -6.779999999999970900, -1.250000000000000000 ) ) ;
#3424 = DIRECTION ( 'NONE',  ( 0.0000000000000000000, 0.0000000000000000000, -1.000000000000000000 ) ) ;
#3425 =( NAMED_UNIT ( * ) SI_UNIT ( $, .STERADIAN. ) SOLID_ANGLE_UNIT ( ) );
#3426 = CARTESIAN_POINT ( 'NONE',  ( 0.6245095931715504100, 1.930457971659834500, 1.760722740960290600 ) ) ;
#3427 = CARTESIAN_POINT ( 'NONE',  ( 5.099999999999999600, 0.2500000000000000000, -3.500000000000000000 ) ) ;
#3428 = ORIENTED_EDGE ( 'NONE', *, *, #1918, .T. ) ;
#3429 = LINE ( 'NONE', #5253, #4254 ) ;
#3430 = ORIENTED_EDGE ( 'NONE', *, *, #3605, .T. ) ;
#3431 = EDGE_CURVE ( 'NONE', #2475, #6189, #1361, .T. ) ;
#3432 = CARTESIAN_POINT ( 'NONE',  ( -4.944707348469999700, 1.582100784590000100, -2.246153011000000100 ) ) ;
#3433 = DIRECTION ( 'NONE',  ( 0.0000000000000000000, 1.000000000000000000, 0.0000000000000000000 ) ) ;
#3434 = CARTESIAN_POINT ( 'NONE',  ( -1.680000000000063700, -3.500000000000000000, -0.5000000000000000000 ) ) ;
#3435 = CARTESIAN_POINT ( 'NONE',  ( -4.499007145628685800, 0.1882768440222144000, 2.376119309995431200 ) ) ;
#3436 = CARTESIAN_POINT ( 'NONE',  ( 0.1732859260000000100, 2.263953702000000700, 1.800693303999999900 ) ) ;
#3437 = CARTESIAN_POINT ( 'NONE',  ( -3.013089969370699600, 0.2500000019989930800, 2.499330476036506300 ) ) ;
#3438 = CIRCLE ( 'NONE', #6569, 0.3000000050133501100 ) ;
#3439 = CARTESIAN_POINT ( 'NONE',  ( -0.06711242999359202900, 2.155179592993128300, 1.808692119890319400 ) ) ;
#3440 = PRODUCT_CONTEXT ( 'NONE', #6362, 'mechanical' ) ;
#3441 = EDGE_CURVE ( 'NONE', #886, #4149, #4426, .T. ) ;
#3442 = DIRECTION ( 'NONE',  ( -0.0000000000000000000, 1.000000000000000000, 0.0000000000000000000 ) ) ;
#3443 = ORIENTED_EDGE ( 'NONE', *, *, #2064, .T. ) ;
#3444 = CARTESIAN_POINT ( 'NONE',  ( -4.000000000000000000, 10.50000000000000000, -3.299999999999999800 ) ) ;
#3445 = CARTESIAN_POINT ( 'NONE',  ( 3.757866221419737600, 2.631205308491450600, -0.5125227289048656100 ) ) ;
#3446 = CARTESIAN_POINT ( 'NONE',  ( 1.764082414999999400, 2.406647666999999200, 0.2928932189999999800 ) ) ;
#3447 = CARTESIAN_POINT ( 'NONE',  ( 3.109248960358342600, -9.155069628297722400, 0.3881447567674561900 ) ) ;
#3448 = EDGE_LOOP ( 'NONE', ( #3822, #2017, #2679, #2139 ) ) ;
#3449 = ORIENTED_EDGE ( 'NONE', *, *, #3896, .F. ) ;
#3450 = CARTESIAN_POINT ( 'NONE',  ( -5.202941415999999800, 0.8002458930000004900, -2.303013267000000300 ) ) ;
#3451 = CARTESIAN_POINT ( 'NONE',  ( -3.700000000000000200, 3.149999999999999900, -2.299999999999999800 ) ) ;
#3452 = VERTEX_POINT ( 'NONE', #5880 ) ;
#3453 = ADVANCED_FACE ( 'NONE', ( #3169 ), #3490, .T. ) ;
#3454 = VECTOR ( 'NONE', #3470, 1000.000000000000000 ) ;
#3455 = DIRECTION ( 'NONE',  ( 0.0000000000000000000, -0.0000000000000000000, 1.000000000000000000 ) ) ;
#3456 = CARTESIAN_POINT ( 'NONE',  ( 3.849999999999999600, 0.0000000000000000000, -1.399999999999999900 ) ) ;
#3457 = DIRECTION ( 'NONE',  ( 1.000000000000000000, 0.0000000000000000000, 0.0000000000000000000 ) ) ;
#3458 = MECHANICAL_DESIGN_GEOMETRIC_PRESENTATION_REPRESENTATION (  '', ( #2681 ), #3845 ) ;
#3459 = LINE ( 'NONE', #6204, #4171 ) ;
#3460 = VERTEX_POINT ( 'NONE', #2367 ) ;
#3461 = ORIENTED_EDGE ( 'NONE', *, *, #2229, .T. ) ;
#3462 = AXIS2_PLACEMENT_3D ( 'NONE', #5426, #4092, #599 ) ;
#3463 = DIRECTION ( 'NONE',  ( 0.0000000000000000000, 0.0000000000000000000, -1.000000000000000000 ) ) ;
#3464 = APPLICATION_CONTEXT ( 'automotive_design' ) ;
#3465 = EDGE_CURVE ( 'NONE', #2641, #2915, #1775, .T. ) ;
#3466 = SURFACE_STYLE_USAGE ( .BOTH. , #6990 ) ;
#3467 = VERTEX_POINT ( 'NONE', #3512 ) ;
#3468 = CARTESIAN_POINT ( 'NONE',  ( 4.750000000000000000, 0.0000000000000000000, 0.0000000000000000000 ) ) ;
#3469 = CARTESIAN_POINT ( 'NONE',  ( 0.4071231739990320800, 2.165082170271597200, 1.776712533987082200 ) ) ;
#3470 = DIRECTION ( 'NONE',  ( 0.0000000000000000000, -1.000000000000000000, -0.0000000000000000000 ) ) ;
#3471 = LINE ( 'NONE', #3370, #3351 ) ;
#3472 = EDGE_LOOP ( 'NONE', ( #3207, #5918, #1916, #40, #6163, #3014, #2905, #914, #6695, #6814, #7485, #4002, #721, #5535, #5554 ) ) ;
#3473 = CARTESIAN_POINT ( 'NONE',  ( 0.9051923788646620800, -2.642006165897973900, 1.250000000000000000 ) ) ;
#3474 = ORIENTED_EDGE ( 'NONE', *, *, #2402, .T. ) ;
#3475 = EDGE_LOOP ( 'NONE', ( #6337, #5600, #5772, #5587 ) ) ;
#3476 = DIRECTION ( 'NONE',  ( 0.0000000000000000000, -1.000000000000000000, 0.0000000000000000000 ) ) ;
#3477 = VECTOR ( 'NONE', #6463, 1000.000000000000000 ) ;
#3478 = CARTESIAN_POINT ( 'NONE',  ( -4.571581949999999700, 0.2414908920000000400, -2.367996417000001400 ) ) ;
#3479 = PLANE ( 'NONE',  #4229 ) ;
#3480 = VERTEX_POINT ( 'NONE', #7660 ) ;
#3481 = CARTESIAN_POINT ( 'NONE',  ( 4.500000000000002700, 3.950000000000000200, -9.950000000312501300 ) ) ;
#3482 = EDGE_CURVE ( 'NONE', #7448, #6013, #5299, .T. ) ;
#3483 = FACE_OUTER_BOUND ( 'NONE', #3987, .T. ) ;
#3484 = EDGE_CURVE ( 'NONE', #4722, #3649, #1985, .T. ) ;
#3485 = CARTESIAN_POINT ( 'NONE',  ( 3.500000000000000000, 1.399999999999999900, -12.00000000000000000 ) ) ;
#3486 = FACE_OUTER_BOUND ( 'NONE', #1103, .T. ) ;
#3487 = LINE ( 'NONE', #5879, #3477 ) ;
#3488 = MECHANICAL_DESIGN_GEOMETRIC_PRESENTATION_REPRESENTATION (  '', ( #1924 ), #3881 ) ;
#3489 = FACE_OUTER_BOUND ( 'NONE', #7240, .T. ) ;
#3490 = PLANE ( 'NONE',  #4905 ) ;
#3491 = ADVANCED_FACE ( 'NONE', ( #2083 ), #5902, .F. ) ;
#3492 = CARTESIAN_POINT ( 'NONE',  ( -1.500000000005095500, -8.362965928353716500, -0.04405130339142063200 ) ) ;
#3493 = ORIENTED_EDGE ( 'NONE', *, *, #2646, .F. ) ;
#3494 = FACE_OUTER_BOUND ( 'NONE', #3472, .T. ) ;
#3495 = CARTESIAN_POINT ( 'NONE',  ( 1.396380774790440600, -8.951701305585666900, -0.06862797469104059400 ) ) ;
#3496 = DIRECTION ( 'NONE',  ( -1.000000000000000000, 0.0000000000000000000, 0.0000000000000000000 ) ) ;
#3497 = CARTESIAN_POINT ( 'NONE',  ( 4.000000000000000000, 0.4999999999999993300, -0.3000000000000014300 ) ) ;
#3498 = ORIENTED_EDGE ( 'NONE', *, *, #3549, .F. ) ;
#3499 = EDGE_LOOP ( 'NONE', ( #772, #949, #1167, #1428 ) ) ;
#3500 = VERTEX_POINT ( 'NONE', #2996 ) ;
#3501 = AXIS2_PLACEMENT_3D ( 'NONE', #671, #4843, #1275 ) ;
#3502 = CARTESIAN_POINT ( 'NONE',  ( -4.457189624999999800, 1.604307865000000900, -2.213661436000001100 ) ) ;
#3503 = FACE_OUTER_BOUND ( 'NONE', #1992, .T. ) ;
#3504 = CARTESIAN_POINT ( 'NONE',  ( -4.500000000000002700, 0.5000000000000000000, -12.00000000000000000 ) ) ;
#3505 = CARTESIAN_POINT ( 'NONE',  ( -0.6177394542600001000, 3.051293896410000300, -1.887103554999999900 ) ) ;
#3506 = EDGE_CURVE ( 'NONE', #1531, #3295, #7092, .T. ) ;
#3507 = PLANE ( 'NONE',  #2202 ) ;
#3508 = ORIENTED_EDGE ( 'NONE', *, *, #4319, .T. ) ;
#3509 = EDGE_CURVE ( 'NONE', #5023, #6154, #7548, .T. ) ;
#3510 = CARTESIAN_POINT ( 'NONE',  ( -1.396380774790438700, -8.951701305585666900, -0.06862797469104056600 ) ) ;
#3511 = ORIENTED_EDGE ( 'NONE', *, *, #6594, .T. ) ;
#3512 = CARTESIAN_POINT ( 'NONE',  ( -1.499999999999998700, -7.487389315480188000, -0.4308363684040416600 ) ) ;
#3513 = DIRECTION ( 'NONE',  ( 0.9816271834477414700, 0.1908089953761459300, -0.0000000000000000000 ) ) ;
#3514 = CARTESIAN_POINT ( 'NONE',  ( 4.500000000000002700, 3.950000000000000200, -0.3000000000000000400 ) ) ;
#3515 = AXIS2_PLACEMENT_3D ( 'NONE', #337, #308, #657 ) ;
#3516 = DIRECTION ( 'NONE',  ( -0.9816271834475900300, -0.1908089953769253300, -1.419043095888858200E-015 ) ) ;
#3517 = DIRECTION ( 'NONE',  ( -0.0000000000000000000, 4.336808689942021700E-016, -1.000000000000000000 ) ) ;
#3518 = CARTESIAN_POINT ( 'NONE',  ( 4.750000000000000000, -1.416800000000000500, 1.416800000000000500 ) ) ;
#3519 = ORIENTED_EDGE ( 'NONE', *, *, #1993, .T. ) ;
#3520 = DIRECTION ( 'NONE',  ( -1.000000000000000000, 0.0000000000000000000, -0.0000000000000000000 ) ) ;
#3521 = VECTOR ( 'NONE', #7481, 999.9999999999998900 ) ;
#3522 = EDGE_CURVE ( 'NONE', #2280, #5315, #4951, .T. ) ;
#3523 = ORIENTED_EDGE ( 'NONE', *, *, #5833, .T. ) ;
#3524 = EDGE_CURVE ( 'NONE', #2603, #4590, #3952, .T. ) ;
#3525 = CARTESIAN_POINT ( 'NONE',  ( -4.899146003808400700, 1.180431362492200000, -2.270521692000000400 ) ) ;
#3526 = VERTEX_POINT ( 'NONE', #5966 ) ;
#3527 = LINE ( 'NONE', #4086, #3849 ) ;
#3528 = ADVANCED_FACE ( 'NONE', ( #3393 ), #6527, .T. ) ;
#3529 = PLANE ( 'NONE',  #5447 ) ;
#3530 = CARTESIAN_POINT ( 'NONE',  ( -0.6368534140000005100, 2.766152008000001500, -1.877876093999999900 ) ) ;
#3531 = CARTESIAN_POINT ( 'NONE',  ( 0.7500000000000000000, -3.500000000000000000, -0.5000000000000000000 ) ) ;
#3532 = ORIENTED_EDGE ( 'NONE', *, *, #1180, .F. ) ;
#3533 = DIRECTION ( 'NONE',  ( 0.0000000000000000000, 0.0000000000000000000, -1.000000000000000000 ) ) ;
#3534 = EDGE_CURVE ( 'NONE', #2756, #2450, #252, .T. ) ;
#3535 = CARTESIAN_POINT ( 'NONE',  ( 3.109248960358342600, -8.626311989950869100, -0.7994643434423173200 ) ) ;
#3536 = CARTESIAN_POINT ( 'NONE',  ( 0.1000000000000003700, 0.0000000000000000000, -1.040949779275250300E-016 ) ) ;
#3537 = ORIENTED_EDGE ( 'NONE', *, *, #1408, .T. ) ;
#3538 = CARTESIAN_POINT ( 'NONE',  ( 0.2729938341020199900, -3.007006165897969700, 1.250000000000000000 ) ) ;
#3539 = DIRECTION ( 'NONE',  ( 1.000000000000000000, -0.0000000000000000000, 0.0000000000000000000 ) ) ;
#3540 = FACE_OUTER_BOUND ( 'NONE', #4400, .T. ) ;
#3541 = ORIENTED_EDGE ( 'NONE', *, *, #4711, .T. ) ;
#3542 = CARTESIAN_POINT ( 'NONE',  ( -4.890470763130001500, 0.1622071226500000600, 2.351750628999999200 ) ) ;
#3543 = VERTEX_POINT ( 'NONE', #5395 ) ;
#3544 = CARTESIAN_POINT ( 'NONE',  ( 4.500000000000002700, 4.500000000000002700, -12.00000000000000000 ) ) ;
#3545 = CARTESIAN_POINT ( 'NONE',  ( 0.0000000000000000000, 6.500000000000002700, 0.0000000000000000000 ) ) ;
#3546 = ORIENTED_EDGE ( 'NONE', *, *, #4973, .T. ) ;
#3547 = ORIENTED_EDGE ( 'NONE', *, *, #4882, .T. ) ;
#3548 = ORIENTED_EDGE ( 'NONE', *, *, #2414, .T. ) ;
#3549 = EDGE_CURVE ( 'NONE', #4827, #4722, #1296, .T. ) ;
#3550 = EDGE_CURVE ( 'NONE', #4710, #4063, #7486, .T. ) ;
#3551 = DIRECTION ( 'NONE',  ( -1.000000000000000000, 0.0000000000000000000, 0.0000000000000000000 ) ) ;
#3552 = CARTESIAN_POINT ( 'NONE',  ( 5.000000000000000000, 1.788374081995233100E-016, 1.150000000000000600 ) ) ;
#3553 = VERTEX_POINT ( 'NONE', #2462 ) ;
#3554 = ORIENTED_EDGE ( 'NONE', *, *, #6815, .T. ) ;
#3555 = ORIENTED_EDGE ( 'NONE', *, *, #2002, .T. ) ;
#3556 = DIRECTION ( 'NONE',  ( 0.9784042043588123700, 0.1901825116116495400, 0.08096805030432684100 ) ) ;
#3557 = PRODUCT_RELATED_PRODUCT_CATEGORY ( 'part', '', ( #7299 ) ) ;
#3558 = CARTESIAN_POINT ( 'NONE',  ( -3.039437973349999700, 0.2507781027400000100, 2.497991429999999900 ) ) ;
#3559 = ORIENTED_EDGE ( 'NONE', *, *, #5696, .F. ) ;
#3560 = DIRECTION ( 'NONE',  ( -0.1908089953769238600, 0.9816271834475903700, 0.0000000000000000000 ) ) ;
#3561 = DIRECTION ( 'NONE',  ( 9.962174560774483700E-017, -0.4067366430758052000, 0.9135454576425986500 ) ) ;
#3562 = CIRCLE ( 'NONE', #5644, 0.8000000050133501100 ) ;
#3563 = ORIENTED_EDGE ( 'NONE', *, *, #7396, .T. ) ;
#3564 = DIRECTION ( 'NONE',  ( -0.0000000000000000000, 0.0000000000000000000, -1.000000000000000000 ) ) ;
#3565 = EDGE_CURVE ( 'NONE', #3226, #2674, #302, .T. ) ;
#3566 = CARTESIAN_POINT ( 'NONE',  ( -4.000000000048086900, 0.0000000000000000000, -12.00000000000000000 ) ) ;
#3567 = ADVANCED_FACE ( 'NONE', ( #1805 ), #5422, .T. ) ;
#3568 = CARTESIAN_POINT ( 'NONE',  ( -4.500000000000002700, 6.500000000000002700, -3.299999999999999800 ) ) ;
#3569 = ORIENTED_EDGE ( 'NONE', *, *, #2256, .F. ) ;
#3570 = CARTESIAN_POINT ( 'NONE',  ( -5.207595369999999100, 0.9220846720000001100, 2.294890372999999900 ) ) ;
#3571 = DIRECTION ( 'NONE',  ( 0.0000000000000000000, 0.0000000000000000000, 1.000000000000000000 ) ) ;
#3572 = EDGE_CURVE ( 'NONE', #5059, #4590, #5171, .T. ) ;
#3573 = DIRECTION ( 'NONE',  ( -0.0000000000000000000, 0.0000000000000000000, -1.000000000000000000 ) ) ;
#3574 = VECTOR ( 'NONE', #5258, 1000.000000000000000 ) ;
#3575 = VERTEX_POINT ( 'NONE', #7165 ) ;
#3576 = VECTOR ( 'NONE', #3070, 999.9999999999998900 ) ;
#3577 = PLANE ( 'NONE',  #2270 ) ;
#3578 = CARTESIAN_POINT ( 'NONE',  ( 5.000000000000000000, 0.5703809096131932100, 1.011170138111609400 ) ) ;
#3579 = LINE ( 'NONE', #1519, #5188 ) ;
#3580 = CARTESIAN_POINT ( 'NONE',  ( 8.800000000000089500, -6.779999999999970900, 2.168404344971008900E-016 ) ) ;
#3581 = ORIENTED_EDGE ( 'NONE', *, *, #4191, .T. ) ;
#3582 = EDGE_CURVE ( 'NONE', #5236, #84, #6313, .T. ) ;
#3583 = CARTESIAN_POINT ( 'NONE',  ( -3.026325346899999800, 0.2519253089000000300, 2.498660859999999800 ) ) ;
#3584 = CYLINDRICAL_SURFACE ( 'NONE', #1097, 1.175000000000000000 ) ;
#3585 = ADVANCED_FACE ( 'NONE', ( #66 ), #6587, .T. ) ;
#3586 = ADVANCED_FACE ( 'NONE', ( #6812 ), #6173, .F. ) ;
#3587 = CARTESIAN_POINT ( 'NONE',  ( -1.500000000000000000, 0.0000000000000000000, -12.00000000000000000 ) ) ;
#3588 = EDGE_LOOP ( 'NONE', ( #4075, #2520, #2672, #2869 ) ) ;
#3589 = AXIS2_PLACEMENT_3D ( 'NONE', #3179, #7318, #3761 ) ;
#3590 = CARTESIAN_POINT ( 'NONE',  ( 3.746417682023146500, 2.690102939183447900, -0.4208712150049226900 ) ) ;
#3591 = ORIENTED_EDGE ( 'NONE', *, *, #954, .T. ) ;
#3592 = FACE_OUTER_BOUND ( 'NONE', #1081, .T. ) ;
#3593 = FACE_BOUND ( 'NONE', #23, .T. ) ;
#3594 = CARTESIAN_POINT ( 'NONE',  ( 4.136840792395597400, 10.64608018426992200, -3.790213768559661800E-008 ) ) ;
#3595 = DIRECTION ( 'NONE',  ( 0.0000000000000000000, 0.0000000000000000000, 1.000000000000000000 ) ) ;
#3596 = DIRECTION ( 'NONE',  ( 0.1908089952863844300, -0.9816271834651894000, 0.0000000000000000000 ) ) ;
#3597 = CARTESIAN_POINT ( 'NONE',  ( -4.620699654000000000, 1.527374143999999900, 2.229907224000000200 ) ) ;
#3598 = ORIENTED_EDGE ( 'NONE', *, *, #5141, .T. ) ;
#3599 = DIRECTION ( 'NONE',  ( 0.0000000000000000000, 0.0000000000000000000, -1.000000000000000000 ) ) ;
#3600 = DIRECTION ( 'NONE',  ( 0.0000000000000000000, 0.0000000000000000000, -1.000000000000000000 ) ) ;
#3601 = ORIENTED_EDGE ( 'NONE', *, *, #2723, .F. ) ;
#3602 = DIRECTION ( 'NONE',  ( 0.0000000000000000000, -1.224646799147353500E-016, 1.000000000000000000 ) ) ;
#3603 = DIRECTION ( 'NONE',  ( -0.0000000000000000000, -0.0000000000000000000, 1.000000000000000000 ) ) ;
#3604 = CIRCLE ( 'NONE', #6181, 0.6000000000000000900 ) ;
#3605 = EDGE_CURVE ( 'NONE', #1331, #5007, #7024, .T. ) ;
#3606 = DIRECTION ( 'NONE',  ( 0.0000000000000000000, 0.0000000000000000000, -1.000000000000000000 ) ) ;
#3607 = LINE ( 'NONE', #3964, #2397 ) ;
#3608 = CARTESIAN_POINT ( 'NONE',  ( -3.013162714179999900, 0.2525000020000000000, 2.499330381000000000 ) ) ;
#3609 = CARTESIAN_POINT ( 'NONE',  ( -1.575000000000000000, 3.149999999999999900, -2.299999999999999800 ) ) ;
#3610 = DIRECTION ( 'NONE',  ( 0.9816271834475903700, 0.1908089953769233100, -0.0000000000000000000 ) ) ;
#3611 = EDGE_CURVE ( 'NONE', #3226, #1694, #6413, .T. ) ;
#3612 = CARTESIAN_POINT ( 'NONE',  ( 0.8000000000000000400, 1.040949779275250300E-016, 0.0000000000000000000 ) ) ;
#3613 = VERTEX_POINT ( 'NONE', #4840 ) ;
#3614 = CARTESIAN_POINT ( 'NONE',  ( 4.195151014442408200, 10.55292039999529900, -3.344514822618984700E-007 ) ) ;
#3615 = CARTESIAN_POINT ( 'NONE',  ( -4.000000000025638200, 11.00000000000000000, -3.299999999999999800 ) ) ;
#3616 = DIRECTION ( 'NONE',  ( 0.0000000000000000000, 0.0000000000000000000, 1.000000000000000000 ) ) ;
#3617 = CARTESIAN_POINT ( 'NONE',  ( -4.316011716999999400, 0.1530156760000000200, 2.392365097999999500 ) ) ;
#3618 = VERTEX_POINT ( 'NONE', #5474 ) ;
#3619 = B_SPLINE_CURVE_WITH_KNOTS ( 'NONE', 3,
 ( #6490, #7080, #4701, #1139, #5343, #1785 ),
 .UNSPECIFIED., .F., .F.,
 ( 4, 2, 4 ),
 ( 3.373095351838094100E-013, 0.0002768272693887420000, 0.0005536545384401743900 ),
 .UNSPECIFIED. ) ;
#3620 = CARTESIAN_POINT ( 'NONE',  ( 9.298074069840875900, -0.5999999999999999800, 0.0000000000000000000 ) ) ;
#3621 = ADVANCED_FACE ( 'NONE', ( #6180 ), #7389, .F. ) ;
#3622 = VERTEX_POINT ( 'NONE', #3691 ) ;
#3623 = ADVANCED_FACE ( 'NONE', ( #7194 ), #4277, .F. ) ;
#3624 = EDGE_CURVE ( 'NONE', #2871, #2674, #6218, .T. ) ;
#3625 = DIRECTION ( 'NONE',  ( 0.0000000000000000000, 0.0000000000000000000, 1.000000000000000000 ) ) ;
#3626 = DIRECTION ( 'NONE',  ( 0.0000000000000000000, 1.000000000000000000, -0.0000000000000000000 ) ) ;
#3627 = ORIENTED_EDGE ( 'NONE', *, *, #268, .F. ) ;
#3628 = VECTOR ( 'NONE', #217, 1000.000000000000100 ) ;
#3629 = CARTESIAN_POINT ( 'NONE',  ( -3.000000000000000000, 0.2525000020000000000, 2.500000000000000000 ) ) ;
#3630 = VERTEX_POINT ( 'NONE', #6090 ) ;
#3631 = DIRECTION ( 'NONE',  ( 0.0000000000000000000, 0.0000000000000000000, 1.000000000000000000 ) ) ;
#3632 = VERTEX_POINT ( 'NONE', #3132 ) ;
#3633 = PRODUCT_DEFINITION_SHAPE ( 'NONE', 'NONE',  #1999 ) ;
#3634 = CARTESIAN_POINT ( 'NONE',  ( 9.298074069840875900, -0.5999999999999999800, -0.5000000000000000000 ) ) ;
#3635 = ORIENTED_EDGE ( 'NONE', *, *, #3323, .T. ) ;
#3636 = VERTEX_POINT ( 'NONE', #689 ) ;
#3637 = AXIS2_PLACEMENT_3D ( 'NONE', #3545, #7695, #4148 ) ;
#3638 = CARTESIAN_POINT ( 'NONE',  ( -4.875683118356500100, 0.5661817339351000700, 2.327381948000001100 ) ) ;
#3639 = ORIENTED_EDGE ( 'NONE', *, *, #4172, .F. ) ;
#3640 = CARTESIAN_POINT ( 'NONE',  ( -4.500000000000002700, 3.949999999999999700, -9.950000000000001100 ) ) ;
#3641 = EDGE_LOOP ( 'NONE', ( #6748, #6992, #7244, #7421 ) ) ;
#3642 = EDGE_CURVE ( 'NONE', #6258, #7341, #7583, .T. ) ;
#3643 = CYLINDRICAL_SURFACE ( 'NONE', #1510, 0.3999999999999904200 ) ;
#3644 = ORIENTED_EDGE ( 'NONE', *, *, #7646, .T. ) ;
#3645 = EDGE_CURVE ( 'NONE', #455, #351, #6360, .T. ) ;
#3646 = CARTESIAN_POINT ( 'NONE',  ( -4.149493771866351800, 10.63332137900899400, -1.001669049574130100E-007 ) ) ;
#3647 = CARTESIAN_POINT ( 'NONE',  ( -3.000000000000000000, 0.0000000000000000000, -3.500000000000000000 ) ) ;
#3648 = DIRECTION ( 'NONE',  ( 0.0000000000000000000, 0.0000000000000000000, 1.000000000000000000 ) ) ;
#3649 = VERTEX_POINT ( 'NONE', #1987 ) ;
#3650 = CIRCLE ( 'NONE', #5243, 2.149999999999947500 ) ;
#3651 = ORIENTED_EDGE ( 'NONE', *, *, #5080, .T. ) ;
#3652 = CIRCLE ( 'NONE', #1273, 0.3000000000000000400 ) ;
#3653 = ADVANCED_FACE ( 'NONE', ( #7148 ), #7063, .T. ) ;
#3654 = ADVANCED_FACE ( 'NONE', ( #328 ), #3739, .F. ) ;
#3655 = ORIENTED_EDGE ( 'NONE', *, *, #7468, .F. ) ;
#3656 = CARTESIAN_POINT ( 'NONE',  ( -5.228912305678049300, 0.9173930042248815700, -2.294890373152944200 ) ) ;
#3657 = ORIENTED_EDGE ( 'NONE', *, *, #4882, .F. ) ;
#3658 = VECTOR ( 'NONE', #5781, 1000.000000000000000 ) ;
#3659 = VERTEX_POINT ( 'NONE', #5544 ) ;
#3660 = DIRECTION ( 'NONE',  ( -1.000000000000000000, 0.0000000000000000000, 0.0000000000000000000 ) ) ;
#3661 = VECTOR ( 'NONE', #7020, 1000.000000000000000 ) ;
#3662 = DIRECTION ( 'NONE',  ( -1.000000000000000000, 0.0000000000000000000, 0.0000000000000000000 ) ) ;
#3663 = FACE_OUTER_BOUND ( 'NONE', #29, .T. ) ;
#3664 = DIRECTION ( 'NONE',  ( -1.000000000000000000, -0.0000000000000000000, -0.0000000000000000000 ) ) ;
#3665 = VERTEX_POINT ( 'NONE', #2018 ) ;
#3666 = LINE ( 'NONE', #5842, #3658 ) ;
#3667 = EDGE_CURVE ( 'NONE', #2971, #1558, #392, .T. ) ;
#3668 = PLANE ( 'NONE',  #3926 ) ;
#3669 = B_SPLINE_CURVE_WITH_KNOTS ( 'NONE', 3,
 ( #7634, #6443, #1073, #5280 ),
 .UNSPECIFIED., .F., .F.,
 ( 4, 4 ),
 ( 0.0000000000000000000, 1.000000000000000000 ),
 .UNSPECIFIED. ) ;
#3670 =( NAMED_UNIT ( * ) SI_UNIT ( $, .STERADIAN. ) SOLID_ANGLE_UNIT ( ) );
#3671 = VECTOR ( 'NONE', #5060, 1000.000000000000000 ) ;
#3672 = ORIENTED_EDGE ( 'NONE', *, *, #2419, .T. ) ;
#3673 = CIRCLE ( 'NONE', #6817, 0.3000000000000000400 ) ;
#3674 = AXIS2_PLACEMENT_3D ( 'NONE', #3640, #6996, #6023 ) ;
#3675 = CARTESIAN_POINT ( 'NONE',  ( -4.089622122451277000, 10.67994840024740600, -5.858110318077205200E-007 ) ) ;
#3676 = DIRECTION ( 'NONE',  ( 0.0000000000000000000, 0.0000000000000000000, 1.000000000000000000 ) ) ;
#3677 = CARTESIAN_POINT ( 'NONE',  ( -1.500000000000000000, 1.000000000000000000, -6.299999999999999800 ) ) ;
#3678 = CARTESIAN_POINT ( 'NONE',  ( 3.000000000166666200, 1.000000000000000000, -3.799999998044444100 ) ) ;
#3679 = FACE_BOUND ( 'NONE', #3927, .T. ) ;
#3680 = VERTEX_POINT ( 'NONE', #1352 ) ;
#3681 = SURFACE_STYLE_USAGE ( .BOTH. , #7232 ) ;
#3682 = ORIENTED_EDGE ( 'NONE', *, *, #1603, .F. ) ;
#3683 = EDGE_CURVE ( 'NONE', #4275, #6258, #6758, .T. ) ;
#3684 = DIRECTION ( 'NONE',  ( 0.0000000000000000000, 1.000000000000000000, 0.0000000000000000000 ) ) ;
#3685 = VERTEX_POINT ( 'NONE', #3157 ) ;
#3686 = FACE_OUTER_BOUND ( 'NONE', #5952, .T. ) ;
#3687 = CARTESIAN_POINT ( 'NONE',  ( 3.775039031000000400, 2.542858861999999700, -0.6499999998240886300 ) ) ;
#3688 = DIRECTION ( 'NONE',  ( 0.0000000000000000000, 0.0000000000000000000, -1.000000000000000000 ) ) ;
#3689 = ORIENTED_EDGE ( 'NONE', *, *, #5412, .T. ) ;
#3690 = AXIS2_PLACEMENT_3D ( 'NONE', #3076, #3648, #2499 ) ;
#3691 = CARTESIAN_POINT ( 'NONE',  ( 3.700000000231249900, 0.1500000000000000200, -1.470000000000000000 ) ) ;
#3692 = DIRECTION ( 'NONE',  ( 1.000000000000000000, 0.0000000000000000000, 0.0000000000000000000 ) ) ;
#3693 = CARTESIAN_POINT ( 'NONE',  ( 4.200000000000000200, 0.3000000000000000400, 0.0000000000000000000 ) ) ;
#3694 = CARTESIAN_POINT ( 'NONE',  ( 1.279212960000000200, 2.149403921000000700, 0.5125227289999998400 ) ) ;
#3695 = EDGE_CURVE ( 'NONE', #3297, #2, #7188, .T. ) ;
#3696 = EDGE_LOOP ( 'NONE', ( #6864, #5636, #7346, #2048 ) ) ;
#3697 = DIRECTION ( 'NONE',  ( 0.0000000000000000000, 0.0000000000000000000, -1.000000000000000000 ) ) ;
#3698 = DIRECTION ( 'NONE',  ( 0.0000000000000000000, 1.000000000000000000, 0.0000000000000000000 ) ) ;
#3699 = ADVANCED_FACE ( 'NONE', ( #7088 ), #127, .T. ) ;
#3700 = ADVANCED_FACE ( 'NONE', ( #7079 ), #6330, .T. ) ;
#3701 = DIRECTION ( 'NONE',  ( 0.0000000000000000000, 0.0000000000000000000, 1.000000000000000000 ) ) ;
#3702 = DIRECTION ( 'NONE',  ( 0.0000000000000000000, 0.0000000000000000000, 1.000000000000000000 ) ) ;
#3703 = AXIS2_PLACEMENT_3D ( 'NONE', #7491, #3954, #354 ) ;
#3704 = CARTESIAN_POINT ( 'NONE',  ( -3.749999442914653300E-010, 0.2499999999999997800, -1.250000000375000300 ) ) ;
#3705 = AXIS2_PLACEMENT_3D ( 'NONE', #383, #2656, #2705 ) ;
#3706 = LINE ( 'NONE', #3344, #4356 ) ;
#3707 = CARTESIAN_POINT ( 'NONE',  ( 6.968014882866898900, 0.0000000000000000000, -2.500000000000000000 ) ) ;
#3708 = EDGE_CURVE ( 'NONE', #1566, #3632, #279, .T. ) ;
#3709 = ORIENTED_EDGE ( 'NONE', *, *, #1001, .T. ) ;
#3710 = CARTESIAN_POINT ( 'NONE',  ( -4.000000000028851600, 0.3000000000115372600, 0.0000000000000000000 ) ) ;
#3711 = EDGE_CURVE ( 'NONE', #1455, #7574, #4741, .T. ) ;
#3712 = LINE ( 'NONE', #2913, #3661 ) ;
#3713 = DIRECTION ( 'NONE',  ( 1.000000000000000000, 0.0000000000000000000, 0.0000000000000000000 ) ) ;
#3714 = VERTEX_POINT ( 'NONE', #3785 ) ;
#3715 = EDGE_LOOP ( 'NONE', ( #6279, #3546, #844, #6620 ) ) ;
#3716 = CARTESIAN_POINT ( 'NONE',  ( 2.285425446000000100, 2.344991815000000200, 0.5125227289999998400 ) ) ;
#3717 = B_SPLINE_CURVE_WITH_KNOTS ( 'NONE', 3,
 ( #2365, #2945, #7042, #3510 ),
 .UNSPECIFIED., .F., .F.,
 ( 4, 4 ),
 ( 0.0002676765353282482600, 0.0006124864102951162200 ),
 .UNSPECIFIED. ) ;
#3718 = DIRECTION ( 'NONE',  ( 0.0000000000000000000, 0.0000000000000000000, 1.000000000000000000 ) ) ;
#3719 = ORIENTED_EDGE ( 'NONE', *, *, #3116, .T. ) ;
#3720 = LINE ( 'NONE', #2504, #3887 ) ;
#3721 = LINE ( 'NONE', #2804, #3388 ) ;
#3722 = EDGE_CURVE ( 'NONE', #1171, #496, #6186, .T. ) ;
#3723 = CARTESIAN_POINT ( 'NONE',  ( -4.113518773999999200, -0.09665630200000002700, -2.408610884999999900 ) ) ;
#3724 = CARTESIAN_POINT ( 'NONE',  ( 2.433618704727592300, 4.500000000000002700, -12.00000000000000000 ) ) ;
#3725 = CARTESIAN_POINT ( 'NONE',  ( -3.849999999999999600, 6.349999999802587800, -1.470000000000000000 ) ) ;
#3726 = VERTEX_POINT ( 'NONE', #1464 ) ;
#3727 = ORIENTED_EDGE ( 'NONE', *, *, #2802, .T. ) ;
#3728 = CARTESIAN_POINT ( 'NONE',  ( -3.500000000093750300, 1.000000000021093800, -12.00000000000000000 ) ) ;
#3729 = AXIS2_PLACEMENT_3D ( 'NONE', #5309, #1761, #5907 ) ;
#3730 = CARTESIAN_POINT ( 'NONE',  ( -3.040556131128731000, 0.2481707270231014700, 2.497922842759579400 ) ) ;
#3731 = ADVANCED_FACE ( 'NONE', ( #202 ), #6788, .T. ) ;
#3732 = VECTOR ( 'NONE', #7463, 1000.000000000000000 ) ;
#3733 = CARTESIAN_POINT ( 'NONE',  ( -2.499999999999999600, 0.2500000000000000000, 3.500000000000000000 ) ) ;
#3734 = VERTEX_POINT ( 'NONE', #2697 ) ;
#3735 = CARTESIAN_POINT ( 'NONE',  ( 8.791421356237403700, -0.5999999999999997600, -2.500000000000000000 ) ) ;
#3736 = VERTEX_POINT ( 'NONE', #260 ) ;
#3737 = LINE ( 'NONE', #860, #3283 ) ;
#3738 = ORIENTED_EDGE ( 'NONE', *, *, #1086, .F. ) ;
#3739 = PLANE ( 'NONE',  #4758 ) ;
#3740 = DIRECTION ( 'NONE',  ( -0.0000000000000000000, -0.0000000000000000000, -1.000000000000000000 ) ) ;
#3741 = VERTEX_POINT ( 'NONE', #865 ) ;
#3742 = ORIENTED_EDGE ( 'NONE', *, *, #5571, .F. ) ;
#3743 = FACE_OUTER_BOUND ( 'NONE', #3411, .T. ) ;
#3744 = DIRECTION ( 'NONE',  ( 0.0000000000000000000, 0.0000000000000000000, 1.000000000000000000 ) ) ;
#3745 = PRODUCT_DEFINITION_CONTEXT ( 'detailed design', #1027, 'design' ) ;
#3746 = ORIENTED_EDGE ( 'NONE', *, *, #4354, .F. ) ;
#3747 = ORIENTED_EDGE ( 'NONE', *, *, #2552, .T. ) ;
#3748 = EDGE_CURVE ( 'NONE', #6235, #278, #6215, .T. ) ;
#3749 = VECTOR ( 'NONE', #6488, 1000.000000000000000 ) ;
#3750 = DIRECTION ( 'NONE',  ( 0.1908089953769243600, -0.9816271834475901500, 0.0000000000000000000 ) ) ;
#3751 = LINE ( 'NONE', #3963, #3401 ) ;
#3752 = ORIENTED_EDGE ( 'NONE', *, *, #5179, .T. ) ;
#3753 = SPHERICAL_SURFACE ( 'NONE', #77, 1.175000000000000000 ) ;
#3754 = CARTESIAN_POINT ( 'NONE',  ( 1.782305105908549300, 2.155510625801448000, -0.3776781568768711700 ) ) ;
#3755 = ORIENTED_EDGE ( 'NONE', *, *, #1668, .T. ) ;
#3756 = LINE ( 'NONE', #5349, #3576 ) ;
#3757 = VECTOR ( 'NONE', #300, 1000.000000000000000 ) ;
#3758 = CARTESIAN_POINT ( 'NONE',  ( 4.200000000000000200, 0.3000000000230741400, 0.0000000000000000000 ) ) ;
#3759 = AXIS2_PLACEMENT_3D ( 'NONE', #2307, #1628, #1745 ) ;
#3760 = ORIENTED_EDGE ( 'NONE', *, *, #2699, .T. ) ;
#3761 = DIRECTION ( 'NONE',  ( 1.000000000000000000, 0.0000000000000000000, 0.0000000000000000000 ) ) ;
#3762 = ORIENTED_EDGE ( 'NONE', *, *, #4223, .F. ) ;
#3763 = VECTOR ( 'NONE', #6972, 1000.000000000000000 ) ;
#3764 = CARTESIAN_POINT ( 'NONE',  ( 0.0000000000000000000, 6.500000000000002700, -9.850000000000001400 ) ) ;
#3765 = VERTEX_POINT ( 'NONE', #5044 ) ;
#3766 = VERTEX_POINT ( 'NONE', #1491 ) ;
#3767 = ORIENTED_EDGE ( 'NONE', *, *, #2402, .F. ) ;
#3768 = FACE_OUTER_BOUND ( 'NONE', #2344, .T. ) ;
#3769 = EDGE_CURVE ( 'NONE', #4834, #247, #6153, .T. ) ;
#3770 = CARTESIAN_POINT ( 'NONE',  ( -3.500000000000000000, 1.000000000000000000, -6.300000000000000700 ) ) ;
#3771 = ADVANCED_FACE ( 'NONE', ( #712 ), #7442, .F. ) ;
#3772 = VECTOR ( 'NONE', #6938, 1000.000000000000000 ) ;
#3773 = CARTESIAN_POINT ( 'NONE',  ( 2.001501670910182700, 2.350925626190831300, 0.3178605202095659600 ) ) ;
#3774 = ORIENTED_EDGE ( 'NONE', *, *, #4778, .T. ) ;
#3775 = ORIENTED_EDGE ( 'NONE', *, *, #3288, .T. ) ;
#3776 = AXIS2_PLACEMENT_3D ( 'NONE', #729, #979, #7282 ) ;
#3777 = PLANE ( 'NONE',  #7359 ) ;
#3778 = VECTOR ( 'NONE', #1376, 1000.000000000000000 ) ;
#3779 = EDGE_LOOP ( 'NONE', ( #7709, #6703, #6573, #6635 ) ) ;
#3780 = CARTESIAN_POINT ( 'NONE',  ( 0.0000000000000000000, 3.149999999999999900, -1.470000000000000000 ) ) ;
#3781 = EDGE_LOOP ( 'NONE', ( #2470, #2931, #7106, #6631 ) ) ;
#3782 = DIRECTION ( 'NONE',  ( -0.0000000000000000000, 0.0000000000000000000, -1.000000000000000000 ) ) ;
#3783 = DIRECTION ( 'NONE',  ( 1.000000000000000000, 0.0000000000000000000, -0.0000000000000000000 ) ) ;
#3784 = AXIS2_PLACEMENT_3D ( 'NONE', #5493, #6089, #3688 ) ;
#3785 = CARTESIAN_POINT ( 'NONE',  ( -4.500000000000002700, 10.49999999999999800, -3.300000000000000300 ) ) ;
#3786 = CIRCLE ( 'NONE', #1078, 0.3500000000000000300 ) ;
#3787 = VECTOR ( 'NONE', #5874, 1000.000000000000000 ) ;
#3788 = ORIENTED_EDGE ( 'NONE', *, *, #5953, .T. ) ;
#3789 = CARTESIAN_POINT ( 'NONE',  ( 0.3500000000000000300, -0.3500000000000000300, -1.250000000000000200 ) ) ;
#3790 = AXIS2_PLACEMENT_3D ( 'NONE', #1990, #2585, #7272 ) ;
#3791 = EDGE_CURVE ( 'NONE', #1917, #4786, #427, .T. ) ;
#3792 = EDGE_CURVE ( 'NONE', #501, #247, #7117, .T. ) ;
#3793 = CARTESIAN_POINT ( 'NONE',  ( 9.300000000000064700, -6.779999999999970900, 0.0000000000000000000 ) ) ;
#3794 = CARTESIAN_POINT ( 'NONE',  ( 1.949419015577160200, 2.340801783541883300, -0.2637545601723477700 ) ) ;
#3795 = DIRECTION ( 'NONE',  ( -1.000000000000000000, 0.0000000000000000000, 0.0000000000000000000 ) ) ;
#3796 = DIRECTION ( 'NONE',  ( 0.0000000000000000000, 0.0000000000000000000, 1.000000000000000000 ) ) ;
#3797 = ORIENTED_EDGE ( 'NONE', *, *, #4911, .F. ) ;
#3798 = DIRECTION ( 'NONE',  ( -0.0000000000000000000, 0.0000000000000000000, 1.000000000000000000 ) ) ;
#3799 = AXIS2_PLACEMENT_3D ( 'NONE', #1483, #1403, #1434 ) ;
#3800 = DIRECTION ( 'NONE',  ( 1.000000000000000000, 3.986037398843766400E-018, -5.084318126393977200E-034 ) ) ;
#3801 = EDGE_CURVE ( 'NONE', #5496, #2924, #7128, .T. ) ;
#3802 = VECTOR ( 'NONE', #5101, 1000.000000000000000 ) ;
#3803 = CARTESIAN_POINT ( 'NONE',  ( -1.680000000000063700, -3.500000000000000000, -0.5000000000000000000 ) ) ;
#3804 = ADVANCED_FACE ( 'NONE', ( #5691 ), #314, .T. ) ;
#3805 = ORIENTED_EDGE ( 'NONE', *, *, #3951, .T. ) ;
#3806 = CARTESIAN_POINT ( 'NONE',  ( 0.7000000000000004000, 1.040949779275250300E-016, 0.0000000000000000000 ) ) ;
#3807 = DIRECTION ( 'NONE',  ( 1.000000000000000000, 0.0000000000000000000, 0.0000000000000000000 ) ) ;
#3808 = CARTESIAN_POINT ( 'NONE',  ( -4.133321194277782800, 0.3505064315810137400, -9.995494984647643100E-008 ) ) ;
#3809 = DIRECTION ( 'NONE',  ( 0.4999999999999947300, -0.8660254037844418200, 0.0000000000000000000 ) ) ;
#3810 = EDGE_CURVE ( 'NONE', #3909, #1997, #6320, .T. ) ;
#3811 = CARTESIAN_POINT ( 'NONE',  ( 0.6245095940000000600, 1.930457968000000500, -1.760722740999999900 ) ) ;
#3812 = EDGE_LOOP ( 'NONE', ( #2457, #6018, #5271, #4506, #2553, #1392, #4581, #5374 ) ) ;
#3813 = VERTEX_POINT ( 'NONE', #5103 ) ;
#3814 = ORIENTED_EDGE ( 'NONE', *, *, #3582, .F. ) ;
#3815 = LINE ( 'NONE', #5717, #3802 ) ;
#3816 = PLANE ( 'NONE',  #3066 ) ;
#3817 = VERTEX_POINT ( 'NONE', #3946 ) ;
#3818 = DIRECTION ( 'NONE',  ( 0.0000000000000000000, 0.0000000000000000000, 1.000000000000000000 ) ) ;
#3819 = ORIENTED_EDGE ( 'NONE', *, *, #1172, .T. ) ;
#3820 = DIRECTION ( 'NONE',  ( 1.000000000000000000, 3.986037398843766400E-018, -5.084318126393977200E-034 ) ) ;
#3821 = CIRCLE ( 'NONE', #5659, 0.8299999999999999600 ) ;
#3822 = ORIENTED_EDGE ( 'NONE', *, *, #1712, .T. ) ;
#3823 = EDGE_CURVE ( 'NONE', #487, #203, #7679, .T. ) ;
#3824 = CARTESIAN_POINT ( 'NONE',  ( 1.950618063000000100, 2.532419087999998800, -0.4999999999999998900 ) ) ;
#3825 = CARTESIAN_POINT ( 'NONE',  ( 1.764082415000000100, 2.406647666999999700, 0.0000000000000000000 ) ) ;
#3826 = PLANE ( 'NONE',  #156 ) ;
#3827 = VERTEX_POINT ( 'NONE', #3346 ) ;
#3828 = AXIS2_PLACEMENT_3D ( 'NONE', #7651, #4104, #503 ) ;
#3829 = LINE ( 'NONE', #6475, #1806 ) ;
#3830 = CIRCLE ( 'NONE', #6429, 0.5000000000000000000 ) ;
#3831 = ORIENTED_EDGE ( 'NONE', *, *, #4635, .T. ) ;
#3832 = ORIENTED_EDGE ( 'NONE', *, *, #174, .F. ) ;
#3833 = CARTESIAN_POINT ( 'NONE',  ( 1.500000000333333600, 0.0000000000000000000, 4.349999999999999600 ) ) ;
#3834 = DIRECTION ( 'NONE',  ( -1.000000000000000000, 0.0000000000000000000, 0.0000000000000000000 ) ) ;
#3835 = AXIS2_PLACEMENT_3D ( 'NONE', #2754, #6841, #3332 ) ;
#3836 = EDGE_LOOP ( 'NONE', ( #1278, #1381, #1898, #1951 ) ) ;
#3837 = CARTESIAN_POINT ( 'NONE',  ( 4.194652213911068900, 0.4474939829171898900, 3.021737123723162700E-007 ) ) ;
#3838 = ORIENTED_EDGE ( 'NONE', *, *, #2903, .F. ) ;
#3839 = CARTESIAN_POINT ( 'NONE',  ( -4.179948400253747900, 0.4103778775865127800, -5.858110095617442900E-007 ) ) ;
#3840 = PLANE ( 'NONE',  #400 ) ;
#3841 = EDGE_LOOP ( 'NONE', ( #3689, #2821, #6438, #5382 ) ) ;
#3842 = VECTOR ( 'NONE', #7606, 1000.000000000000000 ) ;
#3843 = CLOSED_SHELL ( 'NONE', ( #2494, #807, #5204, #4962, #4311, #1335, #2254, #6008, #592, #4408, #4809, #3771, #3653, #1107, #7703, #3166, #5283, #3804, #7523, #7390, #3201 ) ) ;
#3844 = CIRCLE ( 'NONE', #7655, 1.050000000000000000 ) ;
#3845 =( GEOMETRIC_REPRESENTATION_CONTEXT ( 3 ) GLOBAL_UNCERTAINTY_ASSIGNED_CONTEXT ( ( #6184 ) ) GLOBAL_UNIT_ASSIGNED_CONTEXT ( ( #1623, #5783, #2278 ) ) REPRESENTATION_CONTEXT ( 'NONE', 'WORKASPACE' ) );
#3846 = CARTESIAN_POINT ( 'NONE',  ( 5.099999999999998800, 0.0000000000000000000, -3.500000000000000000 ) ) ;
#3847 = ADVANCED_FACE ( 'NONE', ( #7014 ), #6912, .F. ) ;
#3848 = VECTOR ( 'NONE', #3318, 999.9999999999998900 ) ;
#3849 = VECTOR ( 'NONE', #4641, 1000.000000000000000 ) ;
#3850 = DIRECTION ( 'NONE',  ( -0.7313537014056183900, -0.6819983602915051800, 0.0000000000000000000 ) ) ;
#3851 = AXIS2_PLACEMENT_3D ( 'NONE', #6512, #6264, #6019 ) ;
#3852 = ORIENTED_EDGE ( 'NONE', *, *, #1385, .F. ) ;
#3853 = CARTESIAN_POINT ( 'NONE',  ( 3.698715433271998300, 2.935509735625514900, -0.3500000000134361200 ) ) ;
#3854 = DIRECTION ( 'NONE',  ( 1.000000000000000000, -1.821636752663063500E-017, 0.0000000000000000000 ) ) ;
#3855 = VECTOR ( 'NONE', #6621, 1000.000000000000000 ) ;
#3856 = DIRECTION ( 'NONE',  ( -1.000000000000000000, 0.0000000000000000000, 0.0000000000000000000 ) ) ;
#3857 = EDGE_CURVE ( 'NONE', #1028, #1654, #296, .T. ) ;
#3858 = DIRECTION ( 'NONE',  ( 0.0000000000000000000, 0.0000000000000000000, -1.000000000000000000 ) ) ;
#3859 = ORIENTED_EDGE ( 'NONE', *, *, #2946, .F. ) ;
#3860 = DIRECTION ( 'NONE',  ( 0.0000000000000000000, 0.0000000000000000000, 1.000000000000000000 ) ) ;
#3861 = ORIENTED_EDGE ( 'NONE', *, *, #4289, .T. ) ;
#3862 = LINE ( 'NONE', #5159, #3772 ) ;
#3863 = LINE ( 'NONE', #36, #3855 ) ;
#3864 = CARTESIAN_POINT ( 'NONE',  ( -4.542694661540148000, 1.839231019074030200, 2.213661436155403000 ) ) ;
#3865 = DIRECTION ( 'NONE',  ( 1.000000000000000000, 0.0000000000000000000, 0.0000000000000000000 ) ) ;
#3866 = CARTESIAN_POINT ( 'NONE',  ( 4.122967818403585800, 0.3419410775367797700, -9.814578058460225500E-008 ) ) ;
#3867 = ORIENTED_EDGE ( 'NONE', *, *, #2262, .T. ) ;
#3868 = ORIENTED_EDGE ( 'NONE', *, *, #4386, .T. ) ;
#3869 = CARTESIAN_POINT ( 'NONE',  ( -1.500000000140505400, -8.448382250883929200, -0.01427414720495583400 ) ) ;
#3870 = CARTESIAN_POINT ( 'NONE',  ( 2.293057805952170000, 2.305726727959839000, -0.4208712150000000800 ) ) ;
#3871 = ORIENTED_EDGE ( 'NONE', *, *, #4685, .T. ) ;
#3872 = CIRCLE ( 'NONE', #5677, 3.150000000000000400 ) ;
#3873 = ORIENTED_EDGE ( 'NONE', *, *, #5164, .T. ) ;
#3874 = ORIENTED_EDGE ( 'NONE', *, *, #4534, .T. ) ;
#3875 = CARTESIAN_POINT ( 'NONE',  ( 3.999999999958337300, 11.00000000000000000, -3.299999999999999800 ) ) ;
#3876 = ORIENTED_EDGE ( 'NONE', *, *, #1067, .T. ) ;
#3877 = EDGE_CURVE ( 'NONE', #1042, #2014, #6676, .T. ) ;
#3878 = CARTESIAN_POINT ( 'NONE',  ( 4.599999999999999600, -4.592425496802575500E-017, 0.0000000000000000000 ) ) ;
#3879 = LINE ( 'NONE', #1569, #3521 ) ;
#3880 = PLANE ( 'NONE',  #6829 ) ;
#3881 =( GEOMETRIC_REPRESENTATION_CONTEXT ( 3 ) GLOBAL_UNCERTAINTY_ASSIGNED_CONTEXT ( ( #5585 ) ) GLOBAL_UNIT_ASSIGNED_CONTEXT ( ( #7608, #4065, #462 ) ) REPRESENTATION_CONTEXT ( 'NONE', 'WORKASPACE' ) );
#3882 = CARTESIAN_POINT ( 'NONE',  ( 3.000000000000000000, 1.000000000000000000, -12.00000000000000000 ) ) ;
#3883 = CARTESIAN_POINT ( 'NONE',  ( -1.480000000000060600, -3.500000000000000000, 0.0000000000000000000 ) ) ;
#3884 = CARTESIAN_POINT ( 'NONE',  ( 0.1292968564161959000, 1.992487857274105200, -1.792702326927875200 ) ) ;
#3885 = CARTESIAN_POINT ( 'NONE',  ( 8.650000000000094500, -7.589415207398531000E-016, -0.5000000000000000000 ) ) ;
#3886 = DIRECTION ( 'NONE',  ( 0.0000000000000000000, 1.000000000000000000, -0.0000000000000000000 ) ) ;
#3887 = VECTOR ( 'NONE', #5586, 1000.000000000000200 ) ;
#3888 = ORIENTED_EDGE ( 'NONE', *, *, #6795, .F. ) ;
#3889 = DIRECTION ( 'NONE',  ( -1.000000000000000000, -0.0000000000000000000, -0.0000000000000000000 ) ) ;
#3890 = CARTESIAN_POINT ( 'NONE',  ( 0.2729938341020199900, -3.007006165897969700, 1.250000000000000000 ) ) ;
#3891 = ORIENTED_EDGE ( 'NONE', *, *, #5029, .T. ) ;
#3892 = ORIENTED_EDGE ( 'NONE', *, *, #2129, .T. ) ;
#3893 = AXIS2_PLACEMENT_3D ( 'NONE', #7025, #2957, #7052 ) ;
#3894 = ORIENTED_EDGE ( 'NONE', *, *, #6708, .T. ) ;
#3895 = CYLINDRICAL_SURFACE ( 'NONE', #862, 0.7500000025038011700 ) ;
#3896 = EDGE_CURVE ( 'NONE', #1596, #2793, #6920, .T. ) ;
#3897 = FILL_AREA_STYLE ('',( #7445 ) ) ;
#3898 = EDGE_CURVE ( 'NONE', #3329, #3272, #6043, .T. ) ;
#3899 = ORIENTED_EDGE ( 'NONE', *, *, #5077, .T. ) ;
#3900 = CARTESIAN_POINT ( 'NONE',  ( 0.1000000000000007400, -1.600000000000000100, 9.184850993605148400E-017 ) ) ;
#3901 = CARTESIAN_POINT ( 'NONE',  ( -3.849999999999999600, 6.349999999999999600, -1.399999999999999900 ) ) ;
#3902 = CARTESIAN_POINT ( 'NONE',  ( 0.2729938341020199900, -3.007006165897969700, -1.250000000000000400 ) ) ;
#3903 = DIRECTION ( 'NONE',  ( 0.0000000000000000000, 0.0000000000000000000, -1.000000000000000000 ) ) ;
#3904 = EDGE_LOOP ( 'NONE', ( #3755, #543, #4669, #3867, #1679 ) ) ;
#3905 = ORIENTED_EDGE ( 'NONE', *, *, #3163, .F. ) ;
#3906 = CARTESIAN_POINT ( 'NONE',  ( -1.500000000000000000, 0.4000000003235831800, -7.099999999999999600 ) ) ;
#3907 = VECTOR ( 'NONE', #6891, 1000.000000000000100 ) ;
#3908 = CARTESIAN_POINT ( 'NONE',  ( 5.000000000000000000, -0.07328611993472790300, -1.149869930637233500 ) ) ;
#3909 = VERTEX_POINT ( 'NONE', #7540 ) ;
#3910 = ORIENTED_EDGE ( 'NONE', *, *, #755, .F. ) ;
#3911 = DIRECTION ( 'NONE',  ( -1.000000000000000000, 0.0000000000000000000, -0.0000000000000000000 ) ) ;
#3912 = CARTESIAN_POINT ( 'NONE',  ( 0.3699833389218317700, 1.914284078498113000, 1.776712533837363300 ) ) ;
#3913 = VERTEX_POINT ( 'NONE', #5761 ) ;
#3914 = VECTOR ( 'NONE', #7437, 1000.000000000000000 ) ;
#3915 = ORIENTED_EDGE ( 'NONE', *, *, #6633, .F. ) ;
#3916 = CARTESIAN_POINT ( 'NONE',  ( 7.150000000000093600, -0.4999999999999997800, -2.500000000000000000 ) ) ;
#3917 = DIRECTION ( 'NONE',  ( -0.07608507926726626500, -0.02769270420282961300, -0.9967166973853846000 ) ) ;
#3918 = EDGE_CURVE ( 'NONE', #6351, #2107, #6782, .T. ) ;
#3919 = EDGE_CURVE ( 'NONE', #3526, #7545, #7001, .T. ) ;
#3920 = ORIENTED_EDGE ( 'NONE', *, *, #1452, .F. ) ;
#3921 = ORIENTED_EDGE ( 'NONE', *, *, #740, .F. ) ;
#3922 = ORIENTED_EDGE ( 'NONE', *, *, #5765, .T. ) ;
#3923 = ORIENTED_EDGE ( 'NONE', *, *, #6988, .T. ) ;
#3924 = EDGE_LOOP ( 'NONE', ( #1841, #1695, #4939, #2911 ) ) ;
#3925 = SURFACE_SIDE_STYLE ('',( #5397 ) ) ;
#3926 = AXIS2_PLACEMENT_3D ( 'NONE', #3001, #984, #3697 ) ;
#3927 = EDGE_LOOP ( 'NONE', ( #6109, #675 ) ) ;
#3928 = CARTESIAN_POINT ( 'NONE',  ( -3.000000000000000000, 1.399999999999999900, -12.00000000000000000 ) ) ;
#3929 = EDGE_CURVE ( 'NONE', #2686, #662, #5264, .T. ) ;
#3930 = CARTESIAN_POINT ( 'NONE',  ( 0.0000000000000000000, 0.0000000000000000000, -0.5000000000000000000 ) ) ;
#3931 = PLANE ( 'NONE',  #6168 ) ;
#3932 = LINE ( 'NONE', #7452, #3757 ) ;
#3933 = EDGE_LOOP ( 'NONE', ( #1570, #4944, #4943, #5480 ) ) ;
#3934 = LINE ( 'NONE', #5856, #3574 ) ;
#3935 = CARTESIAN_POINT ( 'NONE',  ( 5.000000000000001800, 0.4600816869378316900, -1.054130440243628700 ) ) ;
#3936 = ORIENTED_EDGE ( 'NONE', *, *, #2437, .F. ) ;
#3937 = CARTESIAN_POINT ( 'NONE',  ( 0.0000000000000000000, 0.0000000000000000000, 0.0000000000000000000 ) ) ;
#3938 = CARTESIAN_POINT ( 'NONE',  ( 4.500000000000002700, 0.5000000000000000000, -12.00000000000000000 ) ) ;
#3939 = VERTEX_POINT ( 'NONE', #5791 ) ;
#3940 = AXIS2_PLACEMENT_3D ( 'NONE', #5830, #6986, #3463 ) ;
#3941 = CARTESIAN_POINT ( 'NONE',  ( -3.039220084016470900, 0.2482876156257676200, -2.497991429999999900 ) ) ;
#3942 = ORIENTED_EDGE ( 'NONE', *, *, #7153, .F. ) ;
#3943 = LINE ( 'NONE', #2890, #4136 ) ;
#3944 = AXIS2_PLACEMENT_3D ( 'NONE', #6511, #2998, #7109 ) ;
#3945 = DIRECTION ( 'NONE',  ( 0.0000000000000000000, 0.0000000000000000000, 1.000000000000000000 ) ) ;
#3946 = CARTESIAN_POINT ( 'NONE',  ( 5.000000000000000900, -1.399999999999999900, 0.0000000000000000000 ) ) ;
#3947 = ORIENTED_EDGE ( 'NONE', *, *, #7145, .F. ) ;
#3948 = EDGE_CURVE ( 'NONE', #886, #2386, #7480, .T. ) ;
#3949 = DIRECTION ( 'NONE',  ( -1.000000000000000000, 0.0000000000000000000, 0.0000000000000000000 ) ) ;
#3950 = EDGE_CURVE ( 'NONE', #3665, #5685, #6943, .T. ) ;
#3951 = EDGE_CURVE ( 'NONE', #3500, #4667, #6977, .T. ) ;
#3952 = LINE ( 'NONE', #1158, #1414 ) ;
#3953 = EDGE_LOOP ( 'NONE', ( #2589, #1736, #5143, #5064 ) ) ;
#3954 = DIRECTION ( 'NONE',  ( 0.0000000000000000000, 0.0000000000000000000, 1.000000000000000000 ) ) ;
#3955 = VERTEX_POINT ( 'NONE', #5823 ) ;
#3956 = PRODUCT_DEFINITION_FORMATION_WITH_SPECIFIED_SOURCE ( '任何', '', #7694, .NOT_KNOWN. ) ;
#3957 = VECTOR ( 'NONE', #7693, 1000.000000000000000 ) ;
#3958 = ORIENTED_EDGE ( 'NONE', *, *, #4911, .T. ) ;
#3959 = CARTESIAN_POINT ( 'NONE',  ( -4.314609884251584800, 0.1367054623109881500, -2.392365097392311000 ) ) ;
#3960 = AXIS2_PLACEMENT_3D ( 'NONE', #6757, #3626, #3702 ) ;
#3961 = ORIENTED_EDGE ( 'NONE', *, *, #4985, .F. ) ;
#3962 = VERTEX_POINT ( 'NONE', #1664 ) ;
#3963 = CARTESIAN_POINT ( 'NONE',  ( 1.500000000000000000, 1.000000000046875200, -6.299999999937499600 ) ) ;
#3964 = CARTESIAN_POINT ( 'NONE',  ( 3.775039031000000400, 2.542858861999999700, -1.781851413999999900 ) ) ;
#3965 = DIRECTION ( 'NONE',  ( 0.08715574300385914300, -0.9961946980693308100, 6.694471353852186600E-011 ) ) ;
#3966 = ORIENTED_EDGE ( 'NONE', *, *, #6899, .T. ) ;
#3967 = EDGE_CURVE ( 'NONE', #207, #6832, #6835, .T. ) ;
#3968 = CARTESIAN_POINT ( 'NONE',  ( -0.3874981848815819400, 2.865321057660267500, -1.947134036999999900 ) ) ;
#3969 = ORIENTED_EDGE ( 'NONE', *, *, #5505, .F. ) ;
#3970 =( NAMED_UNIT ( * ) SI_UNIT ( $, .STERADIAN. ) SOLID_ANGLE_UNIT ( ) );
#3971 = CARTESIAN_POINT ( 'NONE',  ( 0.3500000000000000300, -1.457986928011507200, 1.250000000093749900 ) ) ;
#3972 = VERTEX_POINT ( 'NONE', #6950 ) ;
#3973 = ORIENTED_EDGE ( 'NONE', *, *, #5990, .F. ) ;
#3974 = EDGE_CURVE ( 'NONE', #473, #5193, #6854, .T. ) ;
#3975 = CARTESIAN_POINT ( 'NONE',  ( 5.000000000000000000, -0.7573349280020752500, 0.8691103965397101200 ) ) ;
#3976 = CARTESIAN_POINT ( 'NONE',  ( -1.750000000000000000, 6.500000000000002700, -9.500000000000000000 ) ) ;
#3977 = ORIENTED_EDGE ( 'NONE', *, *, #3078, .T. ) ;
#3978 = CARTESIAN_POINT ( 'NONE',  ( -3.000000000000000000, 0.2500000000000000000, 3.500000000000000000 ) ) ;
#3979 = CARTESIAN_POINT ( 'NONE',  ( 5.099999999999999600, 0.0000000000000000000, -2.474999999999999600 ) ) ;
#3980 = ORIENTED_EDGE ( 'NONE', *, *, #2527, .F. ) ;
#3981 = ORIENTED_EDGE ( 'NONE', *, *, #317, .F. ) ;
#3982 = DIRECTION ( 'NONE',  ( 0.9998525083239251400, -0.01224167519494358400, 0.01204587011291579700 ) ) ;
#3983 = EDGE_CURVE ( 'NONE', #1467, #1171, #6683, .T. ) ;
#3984 = FACE_OUTER_BOUND ( 'NONE', #6103, .T. ) ;
#3985 = DIRECTION ( 'NONE',  ( 0.0000000000000000000, -1.807003620809174100E-016, -1.000000000000000000 ) ) ;
#3986 = CARTESIAN_POINT ( 'NONE',  ( 1.279212960000000200, 2.149403921000000700, -0.5125227289999998400 ) ) ;
#3987 = EDGE_LOOP ( 'NONE', ( #3961, #5674, #3559, #6759 ) ) ;
#3988 = DIRECTION ( 'NONE',  ( 1.000000000000000000, 0.0000000000000000000, 0.0000000000000000000 ) ) ;
#3989 = ORIENTED_EDGE ( 'NONE', *, *, #1832, .F. ) ;
#3990 = DIRECTION ( 'NONE',  ( 0.0000000000000000000, 1.000000000000000000, -0.0000000000000000000 ) ) ;
#3991 = CARTESIAN_POINT ( 'NONE',  ( 1.751102525479457200, 2.149445458574720500, -0.3270629271379105800 ) ) ;
#3992 = DIRECTION ( 'NONE',  ( 1.000000000000000000, -0.0000000000000000000, 0.0000000000000000000 ) ) ;
#3993 = ORIENTED_EDGE ( 'NONE', *, *, #740, .T. ) ;
#3994 = CARTESIAN_POINT ( 'NONE',  ( -4.586533935940000400, -0.03351507363000001000, -2.376119310999999600 ) ) ;
#3995 = ORIENTED_EDGE ( 'NONE', *, *, #4696, .T. ) ;
#3996 = ADVANCED_FACE ( 'NONE', ( #6651 ), #3479, .F. ) ;
#3997 = CARTESIAN_POINT ( 'NONE',  ( -0.06895910409250001500, 2.153457542141000000, 1.808692120000000100 ) ) ;
#3998 = ORIENTED_EDGE ( 'NONE', *, *, #3791, .T. ) ;
#3999 = ORIENTED_EDGE ( 'NONE', *, *, #2256, .T. ) ;
#4000 = EDGE_CURVE ( 'NONE', #4826, #3526, #6712, .T. ) ;
#4001 = CARTESIAN_POINT ( 'NONE',  ( 1.500000000005097300, -8.605356463474645800, 0.5003667536319583700 ) ) ;
#4002 = ORIENTED_EDGE ( 'NONE', *, *, #3948, .F. ) ;
#4003 = VECTOR ( 'NONE', #1318, 1000.000000000000000 ) ;
#4004 = CARTESIAN_POINT ( 'NONE',  ( 2.273976907000000200, 2.403889446000000000, -0.4208712150000000800 ) ) ;
#4005 = CARTESIAN_POINT ( 'NONE',  ( -3.700000000000000200, 0.1499999998996125200, -2.299999999999999800 ) ) ;
#4006 = EDGE_CURVE ( 'NONE', #4908, #2070, #5977, .T. ) ;
#4007 = PRODUCT_DEFINITION_SHAPE ( 'NONE', 'NONE',  #7719 ) ;
#4008 = VERTEX_POINT ( 'NONE', #3504 ) ;
#4009 = DIRECTION ( 'NONE',  ( 0.0000000000000000000, 0.0000000000000000000, -1.000000000000000000 ) ) ;
#4010 = DIRECTION ( 'NONE',  ( 0.0000000000000000000, 0.0000000000000000000, -1.000000000000000000 ) ) ;
#4011 = EDGE_LOOP ( 'NONE', ( #5181, #2692, #1579, #2006, #1280 ) ) ;
#4012 = ORIENTED_EDGE ( 'NONE', *, *, #2989, .F. ) ;
#4013 = FILL_AREA_STYLE_COLOUR ( '', #5987 ) ;
#4014 = DIRECTION ( 'NONE',  ( 1.000000000000000000, 0.0000000000000000000, -0.0000000000000000000 ) ) ;
#4015 = CIRCLE ( 'NONE', #5852, 1.750000000000000000 ) ;
#4016 = CARTESIAN_POINT ( 'NONE',  ( -4.656600964060000800, 1.800432960720000000, -2.221785361040000200 ) ) ;
#4017 = DIRECTION ( 'NONE',  ( -2.434978126986321800E-016, 0.9135454550055988100, -0.4067366489986039000 ) ) ;
#4018 = VERTEX_POINT ( 'NONE', #5897 ) ;
#4019 = ORIENTED_EDGE ( 'NONE', *, *, #4589, .T. ) ;
#4020 = DIRECTION ( 'NONE',  ( 1.000000000000000000, 0.0000000000000000000, 0.0000000000000000000 ) ) ;
#4021 = CARTESIAN_POINT ( 'NONE',  ( -4.893940190837734700, 0.5614880179427317300, 2.327381947804574700 ) ) ;
#4022 = EDGE_LOOP ( 'NONE', ( #1205, #4844, #3644, #5131 ) ) ;
#4023 = LINE ( 'NONE', #2164, #3671 ) ;
#4024 = VERTEX_POINT ( 'NONE', #4662 ) ;
#4025 = CARTESIAN_POINT ( 'NONE',  ( 0.5763303225099999400, 2.178318831960000000, 1.760722740999999900 ) ) ;
#4026 = ORIENTED_EDGE ( 'NONE', *, *, #5901, .F. ) ;
#4027 = EDGE_CURVE ( 'NONE', #1867, #1558, #6934, .T. ) ;
#4028 = CARTESIAN_POINT ( 'NONE',  ( -3.040110782085820400, 0.2482096900154010000, 2.497945705173052500 ) ) ;
#4029 = ORIENTED_EDGE ( 'NONE', *, *, #6796, .F. ) ;
#4030 = VERTEX_POINT ( 'NONE', #2964 ) ;
#4031 = APPLICATION_PROTOCOL_DEFINITION ( 'draft international standard', 'automotive_design', 1998, #7579 ) ;
#4032 = VECTOR ( 'NONE', #1502, 1000.000000000000000 ) ;
#4033 = ORIENTED_EDGE ( 'NONE', *, *, #1950, .T. ) ;
#4034 = LINE ( 'NONE', #458, #3842 ) ;
#4035 = ADVANCED_FACE ( 'NONE', ( #7375 ), #3529, .T. ) ;
#4036 = DIRECTION ( 'NONE',  ( 0.0000000000000000000, 0.0000000000000000000, 1.000000000000000000 ) ) ;
#4037 = ORIENTED_EDGE ( 'NONE', *, *, #3431, .F. ) ;
#4038 = CARTESIAN_POINT ( 'NONE',  ( 0.1157259918904457500, 2.325679180117483200, 1.808692119959621500 ) ) ;
#4039 = DIRECTION ( 'NONE',  ( 0.0000000000000000000, 1.000000000000000000, -1.301042606982604300E-016 ) ) ;
#4040 = DIRECTION ( 'NONE',  ( -0.0000000000000000000, -0.0000000000000000000, -1.000000000000000000 ) ) ;
#4041 = LINE ( 'NONE', #5948, #3957 ) ;
#4042 = DIRECTION ( 'NONE',  ( 0.0000000000000000000, 0.0000000000000000000, -1.000000000000000000 ) ) ;
#4043 = DIRECTION ( 'NONE',  ( 0.0000000000000000000, -1.807003620809174100E-016, -1.000000000000000000 ) ) ;
#4044 = FACE_OUTER_BOUND ( 'NONE', #5771, .T. ) ;
#4045 = AXIS2_PLACEMENT_3D ( 'NONE', #3451, #7597, #4050 ) ;
#4046 = ORIENTED_EDGE ( 'NONE', *, *, #1360, .T. ) ;
#4047 = FACE_OUTER_BOUND ( 'NONE', #5553, .T. ) ;
#4048 = AXIS2_PLACEMENT_3D ( 'NONE', #2130, #6244, #2704 ) ;
#4049 = CARTESIAN_POINT ( 'NONE',  ( -5.173677836999999600, 1.159658517000000000, -2.278644586000000000 ) ) ;
#4050 = DIRECTION ( 'NONE',  ( 0.0000000000000000000, -0.0000000000000000000, -1.000000000000000000 ) ) ;
#4051 = VECTOR ( 'NONE', #878, 1000.000000000000000 ) ;
#4052 = CARTESIAN_POINT ( 'NONE',  ( -4.124414331446799600, 0.02788048493375000100, 2.408610884999999900 ) ) ;
#4053 = DIRECTION ( 'NONE',  ( -0.0000000000000000000, 1.807003620809174100E-016, 1.000000000000000000 ) ) ;
#4054 = EDGE_CURVE ( 'NONE', #2356, #6719, #6473, .T. ) ;
#4055 = EDGE_CURVE ( 'NONE', #1039, #3766, #6880, .T. ) ;
#4056 = ORIENTED_EDGE ( 'NONE', *, *, #150, .T. ) ;
#4057 = LINE ( 'NONE', #6516, #3763 ) ;
#4058 = VERTEX_POINT ( 'NONE', #7672 ) ;
#4059 = ORIENTED_EDGE ( 'NONE', *, *, #4740, .F. ) ;
#4060 = CARTESIAN_POINT ( 'NONE',  ( 1.764082414850428600, 2.406647667384624400, 0.0000000000000000000 ) ) ;
#4061 = APPLICATION_PROTOCOL_DEFINITION ( 'draft international standard', 'automotive_design', 1998, #7546 ) ;
#4062 = ORIENTED_EDGE ( 'NONE', *, *, #244, .F. ) ;
#4063 = VERTEX_POINT ( 'NONE', #2050 ) ;
#4064 = LINE ( 'NONE', #2375, #7475 ) ;
#4065 =( NAMED_UNIT ( * ) PLANE_ANGLE_UNIT ( ) SI_UNIT ( $, .RADIAN. ) );
#4066 = DIRECTION ( 'NONE',  ( 0.0000000000000000000, 1.000000000000000000, 0.0000000000000000000 ) ) ;
#4067 = CARTESIAN_POINT ( 'NONE',  ( 0.1732577213232971100, 2.263983947381679000, 1.800697223435740800 ) ) ;
#4068 = DIRECTION ( 'NONE',  ( 0.0000000000000000000, 0.0000000000000000000, 1.000000000000000000 ) ) ;
#4069 = DIRECTION ( 'NONE',  ( 1.000000000000000000, -0.0000000000000000000, 0.0000000000000000000 ) ) ;
#4070 = VECTOR ( 'NONE', #6678, 1000.000000000000000 ) ;
#4071 = DIRECTION ( 'NONE',  ( 0.0000000000000000000, -0.0000000000000000000, 1.000000000000000000 ) ) ;
#4072 = DIRECTION ( 'NONE',  ( 0.0000000000000000000, 0.0000000000000000000, -1.000000000000000000 ) ) ;
#4073 = ORIENTED_EDGE ( 'NONE', *, *, #7067, .F. ) ;
#4074 = FACE_OUTER_BOUND ( 'NONE', #1179, .T. ) ;
#4075 = ORIENTED_EDGE ( 'NONE', *, *, #7133, .F. ) ;
#4076 = EDGE_CURVE ( 'NONE', #5015, #2412, #7490, .T. ) ;
#4077 = CARTESIAN_POINT ( 'NONE',  ( -4.779606247000000300, 0.4143199980000000800, -2.343627736000000200 ) ) ;
#4078 = ADVANCED_FACE ( 'NONE', ( #6906 ), #6593, .F. ) ;
#4079 = CARTESIAN_POINT ( 'NONE',  ( -0.9019968035292930100, 3.117097612854833800, -1.905507283838247000 ) ) ;
#4080 = CARTESIAN_POINT ( 'NONE',  ( 0.0000000000000000000, 6.500000000000002700, -9.850000000000001400 ) ) ;
#4081 = ORIENTED_EDGE ( 'NONE', *, *, #795, .T. ) ;
#4082 = CYLINDRICAL_SURFACE ( 'NONE', #7637, 1.250000000000000400 ) ;
#4083 = CARTESIAN_POINT ( 'NONE',  ( -3.039665433042910300, 0.2482486530077004900, 2.497968567586526000 ) ) ;
#4084 = DIRECTION ( 'NONE',  ( 0.0000000000000000000, 0.0000000000000000000, 1.000000000000000000 ) ) ;
#4085 = EDGE_CURVE ( 'NONE', #1648, #6081, #7409, .T. ) ;
#4086 = CARTESIAN_POINT ( 'NONE',  ( -4.500000000000002700, 4.500000000000002700, -9.500000000000000000 ) ) ;
#4087 = ORIENTED_EDGE ( 'NONE', *, *, #2163, .F. ) ;
#4088 = CARTESIAN_POINT ( 'NONE',  ( 6.968014882866898900, 0.0000000000000000000, -2.500000000000000000 ) ) ;
#4089 = DIRECTION ( 'NONE',  ( -0.0000000000000000000, 0.0000000000000000000, -1.000000000000000000 ) ) ;
#4090 = VECTOR ( 'NONE', #2866, 1000.000000000000000 ) ;
#4091 = CARTESIAN_POINT ( 'NONE',  ( -1.499999999999998900, -3.500000000000000000, 0.0000000000000000000 ) ) ;
#4092 = DIRECTION ( 'NONE',  ( 1.057247017310005800E-016, 9.858987944910486600E-017, 1.000000000000000000 ) ) ;
#4093 = CARTESIAN_POINT ( 'NONE',  ( -4.543549711359999900, 1.841580251549999700, 2.213661436000001100 ) ) ;
#4094 = CARTESIAN_POINT ( 'NONE',  ( 4.599999999999999600, -4.592425496802576700E-017, 0.0000000000000000000 ) ) ;
#4095 = VERTEX_POINT ( 'NONE', #5070 ) ;
#4096 = UNCERTAINTY_MEASURE_WITH_UNIT (LENGTH_MEASURE( 1.000000000000000100E-005 ), #6245, 'distance_accuracy_value', 'NONE');
#4097 = DIRECTION ( 'NONE',  ( 1.000000000000000000, -0.0000000000000000000, -0.0000000000000000000 ) ) ;
#4098 = AXIS2_PLACEMENT_3D ( 'NONE', #1782, #6536, #3018 ) ;
#4099 = ORIENTED_EDGE ( 'NONE', *, *, #233, .T. ) ;
#4100 = EDGE_CURVE ( 'NONE', #575, #278, #6793, .T. ) ;
#4101 = DIRECTION ( 'NONE',  ( 0.0000000000000000000, 0.0000000000000000000, 1.000000000000000000 ) ) ;
#4102 = CARTESIAN_POINT ( 'NONE',  ( -4.224888338220798900, 0.1470897252894000400, -2.400486965040399900 ) ) ;
#4103 = ORIENTED_EDGE ( 'NONE', *, *, #1227, .F. ) ;
#4104 = DIRECTION ( 'NONE',  ( 0.0000000000000000000, 0.0000000000000000000, 1.000000000000000000 ) ) ;
#4105 = CARTESIAN_POINT ( 'NONE',  ( -0.3856698027400001200, 2.867026056900000300, -1.868632587000000000 ) ) ;
#4106 = DIRECTION ( 'NONE',  ( 1.000000000000000000, 0.0000000000000000000, 0.0000000000000000000 ) ) ;
#4107 = AXIS2_PLACEMENT_3D ( 'NONE', #4517, #948, #5145 ) ;
#4108 = CARTESIAN_POINT ( 'NONE',  ( 2.302598255401358000, 2.256645369152201000, 0.6499999995821704700 ) ) ;
#4109 = VERTEX_POINT ( 'NONE', #7439 ) ;
#4110 = ORIENTED_EDGE ( 'NONE', *, *, #2646, .T. ) ;
#4111 = FACE_OUTER_BOUND ( 'NONE', #2374, .T. ) ;
#4112 = CARTESIAN_POINT ( 'NONE',  ( 0.8000000000000000400, 3.061616997868383100E-016, -1.600000000000000100 ) ) ;
#4113 = ORIENTED_EDGE ( 'NONE', *, *, #5279, .T. ) ;
#4114 = EDGE_CURVE ( 'NONE', #5435, #5513, #6544, .T. ) ;
#4115 = PLANE ( 'NONE',  #1708 ) ;
#4116 = VECTOR ( 'NONE', #4456, 1000.000000000000100 ) ;
#4117 = EDGE_CURVE ( 'NONE', #4058, #4914, #1792, .T. ) ;
#4118 = ORIENTED_EDGE ( 'NONE', *, *, #3524, .T. ) ;
#4119 = ADVANCED_FACE ( 'NONE', ( #6598 ), #4483, .T. ) ;
#4120 = VERTEX_POINT ( 'NONE', #2173 ) ;
#4121 = CARTESIAN_POINT ( 'NONE',  ( 0.2466655179736373100, 2.217218023188748600, 1.792702326952854600 ) ) ;
#4122 = CARTESIAN_POINT ( 'NONE',  ( -3.000000000008972800, 5.000000251071529100E-010, 2.499999999129999900 ) ) ;
#4123 = ORIENTED_EDGE ( 'NONE', *, *, #5602, .F. ) ;
#4124 = DIRECTION ( 'NONE',  ( 1.000000000000000000, 0.0000000000000000000, -0.0000000000000000000 ) ) ;
#4125 = DIRECTION ( 'NONE',  ( 1.000000000000000000, 8.673617379884035500E-016, 0.0000000000000000000 ) ) ;
#4126 = ORIENTED_EDGE ( 'NONE', *, *, #3181, .F. ) ;
#4127 = LINE ( 'NONE', #632, #4003 ) ;
#4128 = CIRCLE ( 'NONE', #7415, 0.1500000005266407300 ) ;
#4129 = CARTESIAN_POINT ( 'NONE',  ( -1.480000000000243300, -3.153589838486131800, -0.5000000000000000000 ) ) ;
#4130 = CARTESIAN_POINT ( 'NONE',  ( -4.755433560095299100, 1.408464402904100000, -2.246153011000000100 ) ) ;
#4131 = ORIENTED_EDGE ( 'NONE', *, *, #988, .F. ) ;
#4132 = EDGE_CURVE ( 'NONE', #473, #6497, #7246, .T. ) ;
#4133 = CARTESIAN_POINT ( 'NONE',  ( -3.039220083999999700, 0.2482876160000000200, 2.497991429999999900 ) ) ;
#4134 = LINE ( 'NONE', #3882, #4051 ) ;
#4135 = ORIENTED_EDGE ( 'NONE', *, *, #173, .F. ) ;
#4136 = VECTOR ( 'NONE', #6412, 1000.000000000000000 ) ;
#4137 = CARTESIAN_POINT ( 'NONE',  ( -2.500000000000000000, 0.0000000000000000000, -3.000000000000000000 ) ) ;
#4138 = DIRECTION ( 'NONE',  ( 0.0000000000000000000, -1.000000000000000000, 0.0000000000000000000 ) ) ;
#4139 = LINE ( 'NONE', #2730, #3848 ) ;
#4140 = DIRECTION ( 'NONE',  ( 1.000000000000000000, 0.0000000000000000000, 0.0000000000000000000 ) ) ;
#4141 = ORIENTED_EDGE ( 'NONE', *, *, #5505, .T. ) ;
#4142 = VERTEX_POINT ( 'NONE', #3343 ) ;
#4143 = LINE ( 'NONE', #788, #4447 ) ;
#4144 = CARTESIAN_POINT ( 'NONE',  ( -4.586533935940000400, -0.03351507363000001000, 2.376119310999999600 ) ) ;
#4145 = CARTESIAN_POINT ( 'NONE',  ( 1.467788197827073500, -8.740382176460855100, 0.0005356623312256313500 ) ) ;
#4146 = CIRCLE ( 'NONE', #4439, 1.175000000000000000 ) ;
#4147 = CARTESIAN_POINT ( 'NONE',  ( -0.6198027903018353800, 3.049348823779451000, 1.887170794035854900 ) ) ;
#4148 = DIRECTION ( 'NONE',  ( -1.000000000000000000, 0.0000000000000000000, 0.0000000000000000000 ) ) ;
#4149 = VERTEX_POINT ( 'NONE', #6863 ) ;
#4150 = CARTESIAN_POINT ( 'NONE',  ( -1.770999999999999900, 4.729000000000001900, -9.850000000000001400 ) ) ;
#4151 = FACE_OUTER_BOUND ( 'NONE', #3193, .T. ) ;
#4152 = AXIS2_PLACEMENT_3D ( 'NONE', #1154, #5360, #1807 ) ;
#4153 = DIRECTION ( 'NONE',  ( -0.0000000000000000000, -0.0000000000000000000, 1.000000000000000000 ) ) ;
#4154 = ADVANCED_FACE ( 'NONE', ( #376 ), #159, .T. ) ;
#4155 = EDGE_CURVE ( 'NONE', #6425, #4699, #6495, .T. ) ;
#4156 = ORIENTED_EDGE ( 'NONE', *, *, #7145, .T. ) ;
#4157 = DIRECTION ( 'NONE',  ( -0.0000000000000000000, -1.000000000000000000, 0.0000000000000000000 ) ) ;
#4158 = VERTEX_POINT ( 'NONE', #2823 ) ;
#4159 = CARTESIAN_POINT ( 'NONE',  ( 5.951802250918037300, -0.4999999999999997800, -0.5000000000000000000 ) ) ;
#4160 = CARTESIAN_POINT ( 'NONE',  ( -3.039220083891469600, 0.2482876140094952000, -2.497991429999999900 ) ) ;
#4161 = CARTESIAN_POINT ( 'NONE',  ( 3.746417682138912100, 2.690102940027004200, 0.6500000000000001300 ) ) ;
#4162 = AXIS2_PLACEMENT_3D ( 'NONE', #1060, #986, #1656 ) ;
#4163 = CARTESIAN_POINT ( 'NONE',  ( -5.150999637999999200, 0.5659516700000001300, 2.319259054999999400 ) ) ;
#4164 = DIRECTION ( 'NONE',  ( 0.0000000000000000000, 0.0000000000000000000, 1.000000000000000000 ) ) ;
#4165 = CYLINDRICAL_SURFACE ( 'NONE', #6806, 1.050000000000000000 ) ;
#4166 = VECTOR ( 'NONE', #3099, 1000.000000000000000 ) ;
#4167 = ORIENTED_EDGE ( 'NONE', *, *, #2072, .F. ) ;
#4168 = B_SPLINE_CURVE_WITH_KNOTS ( 'NONE', 3,
 ( #4001, #4561, #999, #5201 ),
 .UNSPECIFIED., .F., .F.,
 ( 4, 4 ),
 ( 4.372312305065346000E-012, 2.069608617661169100E-005 ),
 .UNSPECIFIED. ) ;
#4169 = ADVANCED_FACE ( 'NONE', ( #338 ), #2345, .F. ) ;
#4170 = ADVANCED_FACE ( 'NONE', ( #6984 ), #1771, .T. ) ;
#4171 = VECTOR ( 'NONE', #5616, 1000.000000000000000 ) ;
#4172 = EDGE_CURVE ( 'NONE', #6123, #7180, #263, .T. ) ;
#4173 = LINE ( 'NONE', #7091, #2073 ) ;
#4174 = CARTESIAN_POINT ( 'NONE',  ( 5.000000000000000000, 0.8691104827461907400, 0.7573348419493554100 ) ) ;
#4175 = CARTESIAN_POINT ( 'NONE',  ( 4.749999999999999100, 1.399999999999999900, 1.714505518806294400E-016 ) ) ;
#4176 = AXIS2_PLACEMENT_3D ( 'NONE', #2630, #7308, #2082 ) ;
#4177 = DIRECTION ( 'NONE',  ( -1.000000000000000000, 0.0000000000000000000, -0.0000000000000000000 ) ) ;
#4178 = CARTESIAN_POINT ( 'NONE',  ( 1.499999999874999800, 1.000000000041015600, -12.00000000000000000 ) ) ;
#4179 = CARTESIAN_POINT ( 'NONE',  ( 3.698715432999999400, 2.935509734999999700, 1.500000000003573600 ) ) ;
#4180 = ADVANCED_BREP_SHAPE_REPRESENTATION ( '', ( #5524, #4775 ), #482 ) ;
#4181 = CARTESIAN_POINT ( 'NONE',  ( 4.141402880153159500, 10.64144079676861800, -2.002202975380627700E-015 ) ) ;
#4182 = CARTESIAN_POINT ( 'NONE',  ( -1.480000000000018200, -8.529999999999972700, -0.5000000000000000000 ) ) ;
#4183 = FACE_OUTER_BOUND ( 'NONE', #6804, .T. ) ;
#4184 = CARTESIAN_POINT ( 'NONE',  ( -4.500000000000002700, 0.5000000000000000000, -12.00000000000000000 ) ) ;
#4185 = CARTESIAN_POINT ( 'NONE',  ( -4.814933703999999500, 1.339179718999999900, 2.254275905000001000 ) ) ;
#4186 = LINE ( 'NONE', #887, #4116 ) ;
#4187 = DIRECTION ( 'NONE',  ( -1.000000000000000000, -0.0000000000000000000, 0.0000000000000000000 ) ) ;
#4188 = AXIS2_PLACEMENT_3D ( 'NONE', #1356, #5546, #2020 ) ;
#4189 =( BOUNDED_CURVE ( )  B_SPLINE_CURVE ( 3, ( #6554, #6127, #6098, #6692 ),
 .UNSPECIFIED., .F., .T. ) 
 B_SPLINE_CURVE_WITH_KNOTS ( ( 4, 4 ),
 ( 0.0000000000000000000, 1.000000000000000000 ),
 .UNSPECIFIED. ) 
 CURVE ( )  GEOMETRIC_REPRESENTATION_ITEM ( )  RATIONAL_B_SPLINE_CURVE ( ( 0.9999999998841180300, 0.8047378540311103100, 0.8047378540311103100, 0.9999999998841180300 ) ) 
 REPRESENTATION_ITEM ( '' )  );
#4190 = VECTOR ( 'NONE', #272, 1000.000000000000000 ) ;
#4191 = EDGE_CURVE ( 'NONE', #6451, #1694, #107, .T. ) ;
#4192 = EDGE_CURVE ( 'NONE', #4699, #4655, #5625, .T. ) ;
#4193 = EDGE_CURVE ( 'NONE', #3553, #3336, #348, .T. ) ;
#4194 = CARTESIAN_POINT ( 'NONE',  ( 1.500000000000000000, -8.626311989950869100, -0.7994643434423173200 ) ) ;
#4195 = VERTEX_POINT ( 'NONE', #7150 ) ;
#4196 = FACE_OUTER_BOUND ( 'NONE', #3715, .T. ) ;
#4197 = CARTESIAN_POINT ( 'NONE',  ( -3.026179902999999600, 0.2494284840000000600, 2.498660859999999800 ) ) ;
#4198 = ADVANCED_FACE ( 'NONE', ( #2617 ), #5489, .F. ) ;
#4199 = ADVANCED_FACE ( 'NONE', ( #184 ), #1291, .T. ) ;
#4200 = AXIS2_PLACEMENT_3D ( 'NONE', #4723, #4349, #4323 ) ;
#4201 = EDGE_LOOP ( 'NONE', ( #794, #3413, #937, #2120 ) ) ;
#4202 = EDGE_CURVE ( 'NONE', #2221, #2003, #313, .T. ) ;
#4203 = CIRCLE ( 'NONE', #6450, 0.1499999999999887000 ) ;
#4204 = VECTOR ( 'NONE', #3289, 1000.000000000000000 ) ;
#4205 = DIRECTION ( 'NONE',  ( 0.0000000000000000000, 0.0000000000000000000, 1.000000000000000000 ) ) ;
#4206 = CARTESIAN_POINT ( 'NONE',  ( 4.199999999953851300, 10.50000000000000000, -1.011483575062332400E-015 ) ) ;
#4207 = CARTESIAN_POINT ( 'NONE',  ( -1.480000000000060600, -3.846410161513773600, -0.5000000000000000000 ) ) ;
#4208 = VERTEX_POINT ( 'NONE', #3052 ) ;
#4209 = CARTESIAN_POINT ( 'NONE',  ( 0.0000000000000000000, 6.500000000000002700, -12.00000000000000000 ) ) ;
#4210 = CARTESIAN_POINT ( 'NONE',  ( -4.135307710000000200, 0.1523923700000000300, 2.408610884999999900 ) ) ;
#4211 = EDGE_CURVE ( 'NONE', #4489, #803, #571, .T. ) ;
#4212 = CIRCLE ( 'NONE', #6997, 0.3000000000000000400 ) ;
#4213 = B_SPLINE_CURVE_WITH_KNOTS ( 'NONE', 3,
 ( #1634, #5197, #3435, #7568, #4021, #420, #4582, #1018, #5218, #1665 ),
 .UNSPECIFIED., .F., .F.,
 ( 4, 2, 2, 2, 4 ),
 ( 0.0000000000000000000, 0.2499999999999998900, 0.4999999999999997800, 0.7499999999999998900, 1.000000000000000000 ),
 .UNSPECIFIED. ) ;
#4214 = CARTESIAN_POINT ( 'NONE',  ( 3.000000000000000000, 1.000000000000000000, -0.6000000000000000900 ) ) ;
#4215 = CYLINDRICAL_SURFACE ( 'NONE', #7369, 1.030000000000000000 ) ;
#4216 = ORIENTED_EDGE ( 'NONE', *, *, #603, .F. ) ;
#4217 = VECTOR ( 'NONE', #5321, 1000.000000000000000 ) ;
#4218 = CARTESIAN_POINT ( 'NONE',  ( -4.199788107795694900, 10.52624172763895900, 9.014430626576946300E-015 ) ) ;
#4219 = DIRECTION ( 'NONE',  ( 0.9816271834651892900, 0.1908089952863843400, 0.0000000000000000000 ) ) ;
#4220 = LINE ( 'NONE', #250, #4204 ) ;
#4221 = VECTOR ( 'NONE', #2837, 1000.000000000000000 ) ;
#4222 = DIRECTION ( 'NONE',  ( 0.0000000000000000000, 0.0000000000000000000, 1.000000000000000000 ) ) ;
#4223 = EDGE_CURVE ( 'NONE', #1036, #4355, #5749, .T. ) ;
#4224 = CARTESIAN_POINT ( 'NONE',  ( -3.013089991999999800, 0.2500000020000000000, 2.499330381000000000 ) ) ;
#4225 = LINE ( 'NONE', #6574, #4217 ) ;
#4226 = DIRECTION ( 'NONE',  ( 1.000000000000000000, 0.0000000000000000000, 0.0000000000000000000 ) ) ;
#4227 = CARTESIAN_POINT ( 'NONE',  ( -1.575000000000000000, 0.1500000000000000200, -2.299999999999999800 ) ) ;
#4228 = ORIENTED_EDGE ( 'NONE', *, *, #7330, .T. ) ;
#4229 = AXIS2_PLACEMENT_3D ( 'NONE', #7005, #1717, #5871 ) ;
#4230 = FACE_OUTER_BOUND ( 'NONE', #4933, .T. ) ;
#4231 = CIRCLE ( 'NONE', #3285, 4.000000000000000000 ) ;
#4232 = CARTESIAN_POINT ( 'NONE',  ( 0.6245095932013706700, 1.930457971665630700, -1.760722741015161800 ) ) ;
#4233 = AXIS2_PLACEMENT_3D ( 'NONE', #2724, #4465, #895 ) ;
#4234 = CARTESIAN_POINT ( 'NONE',  ( -4.714994167968702000, 0.3497761076635003100, 2.351750628999999200 ) ) ;
#4235 = DIRECTION ( 'NONE',  ( -1.000000000000000000, -3.986037398843766400E-018, 5.084318126393977200E-034 ) ) ;
#4236 = DIRECTION ( 'NONE',  ( 1.000000000000000000, 0.0000000000000000000, -0.0000000000000000000 ) ) ;
#4237 = ADVANCED_FACE ( 'NONE', ( #5411 ), #6684, .F. ) ;
#4238 = CIRCLE ( 'NONE', #1691, 1.300000005773542600 ) ;
#4239 = ADVANCED_FACE ( 'NONE', ( #5465 ), #1875, .T. ) ;
#4240 = ORIENTED_EDGE ( 'NONE', *, *, #3550, .F. ) ;
#4241 = ORIENTED_EDGE ( 'NONE', *, *, #3898, .F. ) ;
#4242 = EDGE_LOOP ( 'NONE', ( #2503, #1461, #4535, #5000 ) ) ;
#4243 = ORIENTED_EDGE ( 'NONE', *, *, #65, .T. ) ;
#4244 = ORIENTED_EDGE ( 'NONE', *, *, #1293, .F. ) ;
#4245 = CARTESIAN_POINT ( 'NONE',  ( -4.143773645375865100, 10.63915519883684400, -8.596755858884761800E-009 ) ) ;
#4246 = CARTESIAN_POINT ( 'NONE',  ( 1.500000000000000000, 0.0000000000000000000, 4.349999999999999600 ) ) ;
#4247 =( GEOMETRIC_REPRESENTATION_CONTEXT ( 3 ) GLOBAL_UNCERTAINTY_ASSIGNED_CONTEXT ( ( #5620 ) ) GLOBAL_UNIT_ASSIGNED_CONTEXT ( ( #2846, #6941, #3425 ) ) REPRESENTATION_CONTEXT ( 'NONE', 'WORKASPACE' ) );
#4248 = CARTESIAN_POINT ( 'NONE',  ( -3.000000000000000000, 0.2500000020000000000, 2.500000000000000000 ) ) ;
#4249 = EDGE_CURVE ( 'NONE', #2641, #7138, #5529, .T. ) ;
#4250 = CARTESIAN_POINT ( 'NONE',  ( 4.500000000000002700, 10.50000000000000000, -3.299999999399999800 ) ) ;
#4251 = LINE ( 'NONE', #3735, #4899 ) ;
#4252 = CARTESIAN_POINT ( 'NONE',  ( -4.985516979306600800, 0.2349979183307312200, -2.343627735417503000 ) ) ;
#4253 = CARTESIAN_POINT ( 'NONE',  ( 3.000000000000000000, 3.949999999999999700, -12.00000000000000000 ) ) ;
#4254 = VECTOR ( 'NONE', #3684, 1000.000000000000000 ) ;
#4255 = VERTEX_POINT ( 'NONE', #4824 ) ;
#4256 = CARTESIAN_POINT ( 'NONE',  ( -4.000000000000000000, 6.499999999589795700, -12.00000000000000000 ) ) ;
#4257 = CARTESIAN_POINT ( 'NONE',  ( 5.099999999999999600, 0.2500000000000000000, 2.474999999999999600 ) ) ;
#4258 = ORIENTED_EDGE ( 'NONE', *, *, #3407, .T. ) ;
#4259 = EDGE_LOOP ( 'NONE', ( #4996, #2984, #3308, #179, #1343 ) ) ;
#4260 = CARTESIAN_POINT ( 'NONE',  ( -1.192528577710327800, 3.058591754923447100, 1.924045490999118000 ) ) ;
#4261 = ORIENTED_EDGE ( 'NONE', *, *, #4950, .F. ) ;
#4262 = CIRCLE ( 'NONE', #5843, 0.6000000000000000900 ) ;
#4263 = EDGE_CURVE ( 'NONE', #5373, #3082, #5499, .T. ) ;
#4264 = CARTESIAN_POINT ( 'NONE',  ( -4.026410642052434600, 10.70027428863842500, -6.650887788123038700E-015 ) ) ;
#4265 = DIRECTION ( 'NONE',  ( 0.0000000000000000000, -0.7999999999999997100, 0.6000000000000004200 ) ) ;
#4266 = PLANE ( 'NONE',  #4692 ) ;
#4267 =( NAMED_UNIT ( * ) PLANE_ANGLE_UNIT ( ) SI_UNIT ( $, .RADIAN. ) );
#4268 = AXIS2_PLACEMENT_3D ( 'NONE', #2350, #6447, #2917 ) ;
#4269 = DIRECTION ( 'NONE',  ( 0.0000000000000000000, 0.0000000000000000000, -1.000000000000000000 ) ) ;
#4270 = ADVANCED_FACE ( 'NONE', ( #5652 ), #1920, .F. ) ;
#4271 = ADVANCED_FACE ( 'NONE', ( #672 ), #5718, .T. ) ;
#4272 = VECTOR ( 'NONE', #4569, 999.9999999999998900 ) ;
#4273 = EDGE_LOOP ( 'NONE', ( #1248, #2698, #2885, #3069, #3167, #3430, #3682, #3894, #4795 ) ) ;
#4274 = DIRECTION ( 'NONE',  ( 0.1908089953761494300, -0.9816271834477406900, 0.0000000000000000000 ) ) ;
#4275 = VERTEX_POINT ( 'NONE', #6078 ) ;
#4276 = FACE_OUTER_BOUND ( 'NONE', #2060, .T. ) ;
#4277 = PLANE ( 'NONE',  #3196 ) ;
#4278 = DIRECTION ( 'NONE',  ( -0.08715574020248444100, 0.9961946983144193100, -0.0000000000000000000 ) ) ;
#4279 = CARTESIAN_POINT ( 'NONE',  ( 3.700000000000000200, 0.1500000000000000200, -2.299999999999999800 ) ) ;
#4280 = AXIS2_PLACEMENT_3D ( 'NONE', #697, #2562, #6663 ) ;
#4281 = LINE ( 'NONE', #470, #4339 ) ;
#4282 = DIRECTION ( 'NONE',  ( 0.0000000000000000000, -0.0000000000000000000, 1.000000000000000000 ) ) ;
#4283 = CARTESIAN_POINT ( 'NONE',  ( 1.500000000000000200, -4.456579543088778900, -0.5000000016711166900 ) ) ;
#4284 = EDGE_LOOP ( 'NONE', ( #4960, #5408 ) ) ;
#4285 = EDGE_CURVE ( 'NONE', #2172, #1561, #5635, .T. ) ;
#4286 = ORIENTED_EDGE ( 'NONE', *, *, #3151, .F. ) ;
#4287 = ORIENTED_EDGE ( 'NONE', *, *, #1496, .T. ) ;
#4288 = DIRECTION ( 'NONE',  ( -0.0000000000000000000, 0.0000000000000000000, -1.000000000000000000 ) ) ;
#4289 = EDGE_CURVE ( 'NONE', #1501, #1575, #2302, .T. ) ;
#4290 = CARTESIAN_POINT ( 'NONE',  ( 3.500000000000000000, 1.000000000000000000, -12.00000000000000000 ) ) ;
#4291 = DIRECTION ( 'NONE',  ( 1.000000000000000000, 0.0000000000000000000, 0.0000000000000000000 ) ) ;
#4292 = CARTESIAN_POINT ( 'NONE',  ( -1.680000000000063700, -7.161999999999992800, 0.0000000000000000000 ) ) ;
#4293 = CARTESIAN_POINT ( 'NONE',  ( 2.254896006998631000, 2.502052164975742300, -0.5000000003381076500 ) ) ;
#4294 = ORIENTED_EDGE ( 'NONE', *, *, #3509, .T. ) ;
#4295 = DIRECTION ( 'NONE',  ( -0.7660444431190222000, 0.6427876096864867400, -0.0000000000000000000 ) ) ;
#4296 = FACE_OUTER_BOUND ( 'NONE', #2310, .T. ) ;
#4297 = VECTOR ( 'NONE', #274, 1000.000000000000000 ) ;
#4298 = CARTESIAN_POINT ( 'NONE',  ( 1.002993834102019900, -3.007006165897969700, -1.250000000000000400 ) ) ;
#4299 = LINE ( 'NONE', #2267, #4221 ) ;
#4300 = AXIS2_PLACEMENT_3D ( 'NONE', #235, #6808, #2138 ) ;
#4301 = ORIENTED_EDGE ( 'NONE', *, *, #1155, .T. ) ;
#4302 = ORIENTED_EDGE ( 'NONE', *, *, #1137, .T. ) ;
#4303 = CARTESIAN_POINT ( 'NONE',  ( -3.749999442914653300E-010, 0.0000000000000000000, 1.250000001218750400 ) ) ;
#4304 = LINE ( 'NONE', #6390, #4090 ) ;
#4305 = CARTESIAN_POINT ( 'NONE',  ( -1.680000000000063700, -3.500000000000000000, -0.5000000000000000000 ) ) ;
#4306 = EDGE_CURVE ( 'NONE', #7697, #3460, #2778, .T. ) ;
#4307 = CYLINDRICAL_SURFACE ( 'NONE', #2521, 0.6000000000000000900 ) ;
#4308 = EDGE_CURVE ( 'NONE', #6195, #3741, #5572, .T. ) ;
#4309 = B_SPLINE_CURVE_WITH_KNOTS ( 'NONE', 3,
 ( #6041, #2300, #3469, #4121, #4067, #4038 ),
 .UNSPECIFIED., .F., .F.,
 ( 4, 2, 4 ),
 ( 0.0000000000000000000, 0.5000000000000000000, 1.000000000000000000 ),
 .UNSPECIFIED. ) ;
#4310 = CARTESIAN_POINT ( 'NONE',  ( -3.000000000025958800, 0.2500000006249999400, -2.499999999379999900 ) ) ;
#4311 = ADVANCED_FACE ( 'NONE', ( #1482 ), #1975, .T. ) ;
#4312 = VECTOR ( 'NONE', #4282, 1000.000000000000000 ) ;
#4313 = DIRECTION ( 'NONE',  ( 0.0000000000000000000, 1.000000000000000000, -0.0000000000000000000 ) ) ;
#4314 = CARTESIAN_POINT ( 'NONE',  ( 1.500000000000000000, -4.456579543088778900, -0.5000000000000000000 ) ) ;
#4315 = VERTEX_POINT ( 'NONE', #4876 ) ;
#4316 = EDGE_LOOP ( 'NONE', ( #5566, #4794, #1326, #2643 ) ) ;
#4317 = PLANE ( 'NONE',  #773 ) ;
#4318 = ORIENTED_EDGE ( 'NONE', *, *, #421, .T. ) ;
#4319 = EDGE_CURVE ( 'NONE', #953, #3827, #5690, .T. ) ;
#4320 = DIRECTION ( 'NONE',  ( 1.156482317317871300E-015, 1.000000000000000000, 0.0000000000000000000 ) ) ;
#4321 = FACE_OUTER_BOUND ( 'NONE', #82, .T. ) ;
#4322 = VECTOR ( 'NONE', #7656, 1000.000000000000000 ) ;
#4323 = DIRECTION ( 'NONE',  ( 1.000000000000000000, 0.0000000000000000000, -0.0000000000000000000 ) ) ;
#4324 = CARTESIAN_POINT ( 'NONE',  ( 2.285425446005945500, 2.344991815594534800, 0.5125227297462723300 ) ) ;
#4325 = ORIENTED_EDGE ( 'NONE', *, *, #1578, .F. ) ;
#4326 = AXIS2_PLACEMENT_3D ( 'NONE', #5278, #1728, #5877 ) ;
#4327 = ORIENTED_EDGE ( 'NONE', *, *, #3484, .T. ) ;
#4328 = ORIENTED_EDGE ( 'NONE', *, *, #2779, .F. ) ;
#4329 = DIRECTION ( 'NONE',  ( 0.0000000000000000000, -1.000000000000000000, 0.0000000000000000000 ) ) ;
#4330 = DIRECTION ( 'NONE',  ( -0.0000000000000000000, 0.0000000000000000000, 1.000000000000000000 ) ) ;
#4331 = AXIS2_PLACEMENT_3D ( 'NONE', #3444, #4591, #6391 ) ;
#4332 = LINE ( 'NONE', #6831, #3732 ) ;
#4333 = EDGE_CURVE ( 'NONE', #7341, #6343, #5421, .T. ) ;
#4334 = VERTEX_POINT ( 'NONE', #1340 ) ;
#4335 = EDGE_CURVE ( 'NONE', #1011, #496, #2694, .T. ) ;
#4336 = DIRECTION ( 'NONE',  ( 0.0000000000000000000, 0.0000000000000000000, -1.000000000000000000 ) ) ;
#4337 = ORIENTED_EDGE ( 'NONE', *, *, #199, .T. ) ;
#4338 = CARTESIAN_POINT ( 'NONE',  ( 0.0000000000000000000, 6.500000000000002700, -12.00000000000000000 ) ) ;
#4339 = VECTOR ( 'NONE', #406, 1000.000000000000000 ) ;
#4340 = PRODUCT_RELATED_PRODUCT_CATEGORY ( 'part', '', ( #7694 ) ) ;
#4341 = DIRECTION ( 'NONE',  ( -0.07948043911960493700, -0.01544943236825694700, 0.9967166973803807100 ) ) ;
#4342 = AXIS2_PLACEMENT_3D ( 'NONE', #3219, #3251, #3602 ) ;
#4343 = CARTESIAN_POINT ( 'NONE',  ( 1.831568693432059200, 2.165086497168806600, -0.4432440784621393100 ) ) ;
#4344 = VERTEX_POINT ( 'NONE', #6693 ) ;
#4345 = CARTESIAN_POINT ( 'NONE',  ( -1.500000000000000000, 0.0000000000000000000, -7.099999999999999600 ) ) ;
#4346 = LINE ( 'NONE', #6252, #3907 ) ;
#4347 = ADVANCED_FACE ( 'NONE', ( #2887 ), #158, .F. ) ;
#4348 = EDGE_CURVE ( 'NONE', #995, #4058, #2140, .T. ) ;
#4349 = DIRECTION ( 'NONE',  ( 0.0000000000000000000, 0.0000000000000000000, 1.000000000000000000 ) ) ;
#4350 = CARTESIAN_POINT ( 'NONE',  ( 0.0000000000000000000, -0.4999999999999996700, -2.500000000000000000 ) ) ;
#4351 = CYLINDRICAL_SURFACE ( 'NONE', #4496, 0.1499999995444208100 ) ;
#4352 = DIRECTION ( 'NONE',  ( -0.0000000000000000000, -1.000000000000000000, 0.0000000000000000000 ) ) ;
#4353 = DIRECTION ( 'NONE',  ( 1.000000000000000000, 0.0000000000000000000, 0.0000000000000000000 ) ) ;
#4354 = EDGE_CURVE ( 'NONE', #2276, #5325, #2855, .T. ) ;
#4355 = VERTEX_POINT ( 'NONE', #1367 ) ;
#4356 = VECTOR ( 'NONE', #2196, 1000.000000000000100 ) ;
#4357 = ORIENTED_EDGE ( 'NONE', *, *, #6310, .F. ) ;
#4358 = CARTESIAN_POINT ( 'NONE',  ( -1.680000000000063700, -3.874368433123866100, 2.191946261828982700 ) ) ;
#4359 = VERTEX_POINT ( 'NONE', #2708 ) ;
#4360 = CARTESIAN_POINT ( 'NONE',  ( 1.941244876816476900, 2.339212891921924600, 0.2501418815674509300 ) ) ;
#4361 = EDGE_CURVE ( 'NONE', #4208, #3649, #2972, .T. ) ;
#4362 = PLANE ( 'NONE',  #2877 ) ;
#4363 = CARTESIAN_POINT ( 'NONE',  ( 3.000000000000000000, 1.000000000000000000, -3.799999996088888400 ) ) ;
#4364 = VECTOR ( 'NONE', #3293, 1000.000000000000000 ) ;
#4365 = DIRECTION ( 'NONE',  ( -0.0000000000000000000, -1.000000000000000000, 0.0000000000000000000 ) ) ;
#4366 = VERTEX_POINT ( 'NONE', #3885 ) ;
#4367 = AXIS2_PLACEMENT_3D ( 'NONE', #2581, #6114, #3713 ) ;
#4368 = CARTESIAN_POINT ( 'NONE',  ( 3.849999999999999600, 6.349999999999999600, 0.0000000000000000000 ) ) ;
#4369 = CARTESIAN_POINT ( 'NONE',  ( 0.2729938341020197700, -3.007006165897969700, -1.250000000000000400 ) ) ;
#4370 = LINE ( 'NONE', #3447, #4364 ) ;
#4371 = ORIENTED_EDGE ( 'NONE', *, *, #5312, .T. ) ;
#4372 = CARTESIAN_POINT ( 'NONE',  ( 0.01767169171539999900, 2.060557387214700100, -1.800693284808099600 ) ) ;
#4373 = LINE ( 'NONE', #5750, #6519 ) ;
#4374 = AXIS2_PLACEMENT_3D ( 'NONE', #1480, #2137, #6249 ) ;
#4375 = CARTESIAN_POINT ( 'NONE',  ( 0.0000000000000000000, -0.3500000000000000300, 1.250000000937500300 ) ) ;
#4376 = ADVANCED_FACE ( 'NONE', ( #3005 ), #1509, .T. ) ;
#4377 = CARTESIAN_POINT ( 'NONE',  ( 2.002491814430924900, 2.351118090594570600, -0.3174141344284258600 ) ) ;
#4378 = EDGE_CURVE ( 'NONE', #2514, #7162, #1903, .T. ) ;
#4379 = CARTESIAN_POINT ( 'NONE',  ( 2.025016295999999500, 2.610175579999999100, -0.3499999999999999800 ) ) ;
#4380 = DIRECTION ( 'NONE',  ( 0.0000000000000000000, -0.0000000000000000000, 1.000000000000000000 ) ) ;
#4381 = CARTESIAN_POINT ( 'NONE',  ( 3.765498581779710600, 2.591940221151569600, 0.4208712150000033000 ) ) ;
#4382 = LINE ( 'NONE', #7429, #4297 ) ;
#4383 = VECTOR ( 'NONE', #3985, 1000.000000000000000 ) ;
#4384 = LINE ( 'NONE', #194, #4410 ) ;
#4385 = CARTESIAN_POINT ( 'NONE',  ( 2.302598255401358000, 2.256645369152201000, 0.6499999995821704700 ) ) ;
#4386 = EDGE_CURVE ( 'NONE', #4655, #4018, #5574, .T. ) ;
#4387 = LINE ( 'NONE', #7155, #4322 ) ;
#4388 = LINE ( 'NONE', #5746, #4605 ) ;
#4389 = CARTESIAN_POINT ( 'NONE',  ( 8.800000000000089500, -6.529999999999971800, -1.250000000000000000 ) ) ;
#4390 = ORIENTED_EDGE ( 'NONE', *, *, #2749, .F. ) ;
#4391 = CARTESIAN_POINT ( 'NONE',  ( -4.139155138058383100, 0.3562264167763756200, -8.578196471667663300E-009 ) ) ;
#4392 = CARTESIAN_POINT ( 'NONE',  ( -1.192528577600043400, 3.058591754963587500, 1.924045491039801500 ) ) ;
#4393 = CARTESIAN_POINT ( 'NONE',  ( 0.1732859260000000100, 2.263953702000000700, -1.800693303999999900 ) ) ;
#4394 = CARTESIAN_POINT ( 'NONE',  ( 2.285425446022455500, 2.344991815364038800, 0.5125227293677123700 ) ) ;
#4395 = EDGE_CURVE ( 'NONE', #6383, #3028, #1888, .T. ) ;
#4396 = B_SPLINE_CURVE_WITH_KNOTS ( 'NONE', 3,
 ( #6199, #6784, #2040, #4502, #4480, #2063, #5633, #933, #1398, #2874, #4343, #3754, #3368, #3991, #3195, #761, #2662, #783, #1371, #6998, #1680, #4428, #439, #2192, #2595, #2109, #3341, #6399, #2008, #2847, #3225, #5210, #4385 ),
 .UNSPECIFIED., .F., .F.,
 ( 4, 1, 1, 1, 1, 2, 2, 1, 1, 2, 2, 2, 1, 1, 2, 2, 1, 1, 1, 2, 2, 4 ),
 ( 0.0000000000000000000, 0.1250000000000032800, 0.1875000000000049700, 0.2187500000000057200, 0.2343750000000057200, 0.2421875000000058800, 0.2500000000000060000, 0.3125000000000049400, 0.3437500000000045000, 0.3593750000000043300, 0.3750000000000041100, 0.5000000000000025500, 0.5625000000000018900, 0.5937500000000014400, 0.6093750000000013300, 0.6250000000000011100, 0.6875000000000003300, 0.7187500000000000000, 0.7343749999999998900, 0.7421874999999998900, 0.7499999999999998900, 1.000000000000000000 ),
 .UNSPECIFIED. ) ;
#4397 = CARTESIAN_POINT ( 'NONE',  ( 0.0000000000000000000, -0.3500000000000000300, 1.250000000000000000 ) ) ;
#4398 = DIRECTION ( 'NONE',  ( 0.0000000000000000000, 0.0000000000000000000, 1.000000000000000000 ) ) ;
#4399 = CARTESIAN_POINT ( 'NONE',  ( -3.011635523076404900, -0.0002540068370133683700, -2.498660953375488000 ) ) ;
#4400 = EDGE_LOOP ( 'NONE', ( #2197, #1885, #1931, #1533 ) ) ;
#4401 = AXIS2_PLACEMENT_3D ( 'NONE', #2227, #6327, #2806 ) ;
#4402 = CARTESIAN_POINT ( 'NONE',  ( 1.747316416999999700, 2.492901251000000200, 0.0000000000000000000 ) ) ;
#4403 = CARTESIAN_POINT ( 'NONE',  ( -3.440799999999999900, 4.500000000000002700, -9.500000000000000000 ) ) ;
#4404 = CARTESIAN_POINT ( 'NONE',  ( -4.500000000000002700, 0.5000000000000000000, -0.2999999999999999300 ) ) ;
#4405 = DIRECTION ( 'NONE',  ( 0.0000000000000000000, -1.000000000000000000, -0.0000000000000000000 ) ) ;
#4406 = ORIENTED_EDGE ( 'NONE', *, *, #3695, .T. ) ;
#4407 = VERTEX_POINT ( 'NONE', #2796 ) ;
#4408 = ADVANCED_FACE ( 'NONE', ( #1281 ), #6316, .T. ) ;
#4409 = PLANE ( 'NONE',  #4200 ) ;
#4410 = VECTOR ( 'NONE', #6178, 1000.000000000000000 ) ;
#4411 = CARTESIAN_POINT ( 'NONE',  ( 4.174055834835141500, 0.3993401238865699800, -6.767121065324965700E-007 ) ) ;
#4412 = CARTESIAN_POINT ( 'NONE',  ( -4.200274288644381600, 0.4735893579850186700, -9.822378540647880800E-015 ) ) ;
#4413 = LINE ( 'NONE', #2910, #4166 ) ;
#4414 = ORIENTED_EDGE ( 'NONE', *, *, #2072, .T. ) ;
#4415 = EDGE_CURVE ( 'NONE', #3210, #1467, #1677, .T. ) ;
#4416 = EDGE_LOOP ( 'NONE', ( #6685, #5841, #4885, #4734, #1788, #1866, #6074, #1149, #4604, #1264, #6601, #4258, #5366, #2463 ) ) ;
#4417 = EDGE_CURVE ( 'NONE', #1865, #5257, #1802, .T. ) ;
#4418 = LINE ( 'NONE', #6294, #3914 ) ;
#4419 = CARTESIAN_POINT ( 'NONE',  ( -6.377659838150026500E-018, 1.600000000000000100, -1.040949779275250400E-016 ) ) ;
#4420 = CARTESIAN_POINT ( 'NONE',  ( 2.326828918379970600E-018, -0.01900000000000000000, -0.5000000000000000000 ) ) ;
#4421 = DIRECTION ( 'NONE',  ( 1.156482317317871300E-015, 1.000000000000000000, 0.0000000000000000000 ) ) ;
#4422 = DIRECTION ( 'NONE',  ( 1.000000000000000000, 0.0000000000000000000, 0.0000000000000000000 ) ) ;
#4423 = CARTESIAN_POINT ( 'NONE',  ( 0.6500000000000001300, -1.600000000000000800, -1.250000000000000200 ) ) ;
#4424 = VECTOR ( 'NONE', #2810, 1000.000000000000100 ) ;
#4425 = AXIS2_PLACEMENT_3D ( 'NONE', #4681, #4164, #4124 ) ;
#4426 = LINE ( 'NONE', #4088, #5958 ) ;
#4427 = CARTESIAN_POINT ( 'NONE',  ( 4.500000000000002700, 6.499999999179588700, -3.299999999999999800 ) ) ;
#4428 = CARTESIAN_POINT ( 'NONE',  ( 1.727426919064897200, 2.144843386883093800, 0.2816290431381511300 ) ) ;
#4429 = CARTESIAN_POINT ( 'NONE',  ( -0.4780032078700002200, 2.780923763949999700, 1.868632587000000000 ) ) ;
#4430 = DIRECTION ( 'NONE',  ( -0.0000000000000000000, -0.0000000000000000000, -1.000000000000000000 ) ) ;
#4431 = CARTESIAN_POINT ( 'NONE',  ( 4.116279868556358000, 0.3368460456383107200, -1.797222972116666200E-007 ) ) ;
#4432 = DIRECTION ( 'NONE',  ( 0.1908089953761494300, -0.9816271834477406900, 0.0000000000000000000 ) ) ;
#4433 = EDGE_CURVE ( 'NONE', #653, #3054, #1839, .T. ) ;
#4434 = ORIENTED_EDGE ( 'NONE', *, *, #457, .F. ) ;
#4435 = EDGE_LOOP ( 'NONE', ( #2117, #839, #6275, #3508, #1304, #7450, #7149, #2038 ) ) ;
#4436 = EDGE_LOOP ( 'NONE', ( #4750, #6138, #5473, #4087 ) ) ;
#4437 = SURFACE_SIDE_STYLE ('',( #5982 ) ) ;
#4438 = LINE ( 'NONE', #7317, #4772 ) ;
#4439 = AXIS2_PLACEMENT_3D ( 'NONE', #7197, #7114, #7085 ) ;
#4440 = DIRECTION ( 'NONE',  ( -1.156482317317871300E-015, -1.000000000000000000, 0.0000000000000000000 ) ) ;
#4441 = CARTESIAN_POINT ( 'NONE',  ( 0.9428882919612058300, -3.297077562849732900, -1.250000000000001300 ) ) ;
#4442 = UNCERTAINTY_MEASURE_WITH_UNIT (LENGTH_MEASURE( 1.000000000000000100E-005 ), #2768, 'distance_accuracy_value', 'NONE');
#4443 = DIRECTION ( 'NONE',  ( 1.000000000000000000, 0.0000000000000000000, -0.0000000000000000000 ) ) ;
#4444 = ORIENTED_EDGE ( 'NONE', *, *, #551, .T. ) ;
#4445 = EDGE_CURVE ( 'NONE', #3766, #2450, #3034, .T. ) ;
#4446 = CARTESIAN_POINT ( 'NONE',  ( -3.000000000000000000, 0.0000000000000000000, -2.500000000000000000 ) ) ;
#4447 = VECTOR ( 'NONE', #3783, 1000.000000000000000 ) ;
#4448 = DIRECTION ( 'NONE',  ( 0.4973841126393425700, 1.062418362510565100E-016, 0.8675304285694962500 ) ) ;
#4449 = ORIENTED_EDGE ( 'NONE', *, *, #2163, .T. ) ;
#4450 = PLANE ( 'NONE',  #5199 ) ;
#4451 = AXIS2_PLACEMENT_3D ( 'NONE', #3677, #4265, #680 ) ;
#4452 = FACE_OUTER_BOUND ( 'NONE', #940, .T. ) ;
#4453 = ORIENTED_EDGE ( 'NONE', *, *, #6219, .F. ) ;
#4454 = AXIS2_PLACEMENT_3D ( 'NONE', #5001, #3820, #5627 ) ;
#4455 = CARTESIAN_POINT ( 'NONE',  ( 3.109248960358342600, -8.626311989950869100, 0.0005356623312256390500 ) ) ;
#4456 = DIRECTION ( 'NONE',  ( 0.7660444431188455600, 0.6427876096866972400, -0.0000000000000000000 ) ) ;
#4457 = EDGE_LOOP ( 'NONE', ( #5518, #4141, #316, #944, #286, #4503, #1287, #7207, #5726, #6773, #3981, #5231, #4817, #57, #5075 ) ) ;
#4458 = B_SPLINE_SURFACE_WITH_KNOTS ( 'NONE', 1, 3, ( 
 ( #2828, #2260, #6895, #3406, #7544, #3997 ),
 ( #395, #4557, #994, #5198, #1635, #5797 ),
 ( #2287, #6382, #2860, #6952, #3436, #7569 ),
 ( #4025, #422, #4583, #1019, #5219, #1667 ) ),
 .UNSPECIFIED., .F., .F., .F.,
 ( 2, 1, 1, 2 ),
 ( 4, 2, 4 ),
 ( -0.01010000000000000000, 0.0000000000000000000, 1.000000000000000000, 1.010000000000000000 ),
 ( 0.0000000000000000000, 0.5000000000000000000, 1.000000000000000000 ),
 .UNSPECIFIED. ) ;
#4459 = EDGE_CURVE ( 'NONE', #555, #1042, #1646, .T. ) ;
#4460 = DIRECTION ( 'NONE',  ( 1.000000000000000000, -1.782250146551514400E-015, 0.0000000000000000000 ) ) ;
#4461 = FACE_OUTER_BOUND ( 'NONE', #1825, .T. ) ;
#4462 = LINE ( 'NONE', #4518, #4424 ) ;
#4463 = SURFACE_STYLE_USAGE ( .BOTH. , #293 ) ;
#4464 = AXIS2_PLACEMENT_3D ( 'NONE', #1577, #5744, #2230 ) ;
#4465 = DIRECTION ( 'NONE',  ( 1.000000000000000000, -0.0000000000000000000, 0.0000000000000000000 ) ) ;
#4466 = CIRCLE ( 'NONE', #4048, 1.175000000000000000 ) ;
#4467 = ORIENTED_EDGE ( 'NONE', *, *, #4556, .T. ) ;
#4468 = LINE ( 'NONE', #6905, #4383 ) ;
#4469 = CARTESIAN_POINT ( 'NONE',  ( -1.050000000000000000, 6.500000000000002700, -9.850000000000001400 ) ) ;
#4470 = VECTOR ( 'NONE', #3130, 1000.000000000000000 ) ;
#4471 = CARTESIAN_POINT ( 'NONE',  ( -4.626322155711077000, 1.542748657338407900, -2.229907223421892000 ) ) ;
#4472 = AXIS2_PLACEMENT_3D ( 'NONE', #360, #2326, #2396 ) ;
#4473 = B_SPLINE_SURFACE_WITH_KNOTS ( 'NONE', 1, 3, ( 
 ( #4093, #1737, #516, #4678, #1113, #5317, #1765, #5913, #2395, #6492, #2979, #7084, #3542, #7688, #4144, #544, #4706, #1142 ),
 ( #5346, #1790, #5942, #2425, #6513, #3000, #7111, #3570, #7711, #4163, #574, #4736, #1162, #5375, #1824, #5973, #2446, #6546 ),
 ( #3021, #7143, #3597, #12, #4185, #600, #4765, #1188, #5403, #1857, #6001, #2467, #6571, #3043, #7169, #3617, #34, #4210 ),
 ( #621, #4791, #1220, #5427, #1884, #6020, #2488, #6592, #3067, #7195, #3638, #56, #4234, #642, #4814, #1247, #5453, #1910 ) ),
 .UNSPECIFIED., .F., .F., .F.,
 ( 2, 1, 1, 2 ),
 ( 4, 2, 2, 2, 2, 2, 2, 2, 4 ),
 ( -0.01000000000000000000, 0.0000000000000000000, 1.000000000000000000, 1.010100000000000000 ),
 ( 0.0000000000000000000, 0.1250000000000000000, 0.2500000000000000000, 0.3750000000000000600, 0.5000000000000000000, 0.6250000000000001100, 0.7500000000000001100, 0.8750000000000001100, 1.000000000000000000 ),
 .UNSPECIFIED. ) ;
#4474 = EDGE_CURVE ( 'NONE', #4572, #5511, #1475, .T. ) ;
#4475 = CARTESIAN_POINT ( 'NONE',  ( -3.000000000011537000, 7.500000376607293700E-010, -2.499999999286250100 ) ) ;
#4476 = CARTESIAN_POINT ( 'NONE',  ( -1.499999999999998900, -4.456579543088778900, -0.5000000000000000000 ) ) ;
#4477 = EDGE_CURVE ( 'NONE', #6424, #5885, #1690, .T. ) ;
#4478 = CARTESIAN_POINT ( 'NONE',  ( 5.000000000000000000, 1.140020430004010700, -0.1803009855646380800 ) ) ;
#4479 = CARTESIAN_POINT ( 'NONE',  ( 0.0000000000000000000, 0.0000000000000000000, 0.0000000000000000000 ) ) ;
#4480 = CARTESIAN_POINT ( 'NONE',  ( 1.970004672943332700, 2.191995725648795200, -0.5553004948243485100 ) ) ;
#4481 = ORIENTED_EDGE ( 'NONE', *, *, #648, .T. ) ;
#4482 = CARTESIAN_POINT ( 'NONE',  ( 0.0000000000000000000, -6.779999999999970900, -1.250000000000000000 ) ) ;
#4483 = PLANE ( 'NONE',  #7411 ) ;
#4484 = ORIENTED_EDGE ( 'NONE', *, *, #5602, .T. ) ;
#4485 = CARTESIAN_POINT ( 'NONE',  ( 0.01918516209976374100, 2.062636743077539900, 1.800697223377079500 ) ) ;
#4486 = CARTESIAN_POINT ( 'NONE',  ( 2.254896006998631000, 2.502052164975742300, -0.5000000003381076500 ) ) ;
#4487 = ORIENTED_EDGE ( 'NONE', *, *, #290, .T. ) ;
#4488 = EDGE_LOOP ( 'NONE', ( #1479, #2938, #2744, #2261, #6524 ) ) ;
#4489 = VERTEX_POINT ( 'NONE', #4571 ) ;
#4490 =( LENGTH_UNIT ( ) NAMED_UNIT ( * ) SI_UNIT ( .MILLI., .METRE. ) );
#4491 = EDGE_LOOP ( 'NONE', ( #5800, #6560, #6557, #3922 ) ) ;
#4492 = EDGE_CURVE ( 'NONE', #5193, #438, #1411, .T. ) ;
#4493 = DIRECTION ( 'NONE',  ( -0.0000000000000000000, 0.0000000000000000000, -1.000000000000000000 ) ) ;
#4494 = LINE ( 'NONE', #4324, #4621 ) ;
#4495 = ORIENTED_EDGE ( 'NONE', *, *, #2058, .T. ) ;
#4496 = AXIS2_PLACEMENT_3D ( 'NONE', #2359, #460, #1053 ) ;
#4497 = DIRECTION ( 'NONE',  ( 1.000000000000000000, 0.0000000000000000000, 0.0000000000000000000 ) ) ;
#4498 = CARTESIAN_POINT ( 'NONE',  ( -4.135307709972227700, 0.1523923714586853700, 2.408610884900779700 ) ) ;
#4499 = DIRECTION ( 'NONE',  ( -0.0000000000000000000, -0.0000000000000000000, -1.000000000000000000 ) ) ;
#4500 = CARTESIAN_POINT ( 'NONE',  ( 4.999999999999999100, 0.2883739763503776500, -1.122824440210228500 ) ) ;
#4501 = DIRECTION ( 'NONE',  ( 1.000000000000000000, 0.0000000000000000000, 0.0000000000000000000 ) ) ;
#4502 = CARTESIAN_POINT ( 'NONE',  ( 2.021842556508449500, 2.202071989476285000, -0.5859318007180984700 ) ) ;
#4503 = ORIENTED_EDGE ( 'NONE', *, *, #2946, .T. ) ;
#4504 = ORIENTED_EDGE ( 'NONE', *, *, #2989, .T. ) ;
#4505 = CARTESIAN_POINT ( 'NONE',  ( 1.194644752127112600, -3.466853515899579900, -1.249375141688955800 ) ) ;
#4506 = ORIENTED_EDGE ( 'NONE', *, *, #7133, .T. ) ;
#4507 = LINE ( 'NONE', #6561, #1873 ) ;
#4508 = EDGE_LOOP ( 'NONE', ( #1593, #2480, #3359, #4026, #4918, #5767, #6675, #5335, #5799, #6139, #6670, #7619, #1514, #2571 ) ) ;
#4509 = CARTESIAN_POINT ( 'NONE',  ( 5.000000000000000000, -1.150000000000000100, 4.553649124439118600E-015 ) ) ;
#4510 = CARTESIAN_POINT ( 'NONE',  ( 0.0000000000000000000, -3.500000000000000000, 0.0000000000000000000 ) ) ;
#4511 = ORIENTED_EDGE ( 'NONE', *, *, #7514, .T. ) ;
#4512 = CARTESIAN_POINT ( 'NONE',  ( 1.500000000000000000, 0.0000000000000000000, 0.0000000000000000000 ) ) ;
#4513 = AXIS2_PLACEMENT_3D ( 'NONE', #5387, #5989, #2456 ) ;
#4514 = ORIENTED_EDGE ( 'NONE', *, *, #6708, .F. ) ;
#4515 = EDGE_CURVE ( 'NONE', #3028, #2720, #6677, .T. ) ;
#4516 = FACE_OUTER_BOUND ( 'NONE', #2696, .T. ) ;
#4517 = CARTESIAN_POINT ( 'NONE',  ( 0.0000000000000000000, 1.050000000000000000, -6.879999999999999900 ) ) ;
#4518 = CARTESIAN_POINT ( 'NONE',  ( 1.500000000000000200, -3.963408842603166600, -1.999813558652137100 ) ) ;
#4519 = DIRECTION ( 'NONE',  ( 1.000000000000000000, 0.0000000000000000000, 0.0000000000000000000 ) ) ;
#4520 = CARTESIAN_POINT ( 'NONE',  ( 1.950618063000000100, 2.532419087999998800, 0.4999999999999998900 ) ) ;
#4521 = CARTESIAN_POINT ( 'NONE',  ( 0.0000000000000000000, 6.500000000000002700, -9.500000000000000000 ) ) ;
#4522 = ORIENTED_EDGE ( 'NONE', *, *, #706, .F. ) ;
#4523 = DIRECTION ( 'NONE',  ( 1.000000000000000000, -0.0000000000000000000, 0.0000000000000000000 ) ) ;
#4524 = VECTOR ( 'NONE', #4739, 1000.000000000000000 ) ;
#4525 = FILL_AREA_STYLE_COLOUR ( '', #6547 ) ;
#4526 = ORIENTED_EDGE ( 'NONE', *, *, #2861, .F. ) ;
#4527 = CARTESIAN_POINT ( 'NONE',  ( -2.500000000000000000, 0.2500000000000000000, -3.500000000000000000 ) ) ;
#4528 = CARTESIAN_POINT ( 'NONE',  ( 5.000000000000000900, -0.5490147344376255000, 1.011965230857905700 ) ) ;
#4529 = CARTESIAN_POINT ( 'NONE',  ( 1.500000000000000000, -4.456579543088778900, -0.5000000000000000000 ) ) ;
#4530 = CIRCLE ( 'NONE', #876, 0.7500000000000000000 ) ;
#4531 = CARTESIAN_POINT ( 'NONE',  ( -7.499998885829306500E-010, 0.0000000000000000000, -3.500000000000000000 ) ) ;
#4532 = CARTESIAN_POINT ( 'NONE',  ( 2.285425446000000100, 2.344991815000000200, 0.0000000000000000000 ) ) ;
#4533 = CIRCLE ( 'NONE', #5401, 0.6000000000000000900 ) ;
#4534 = EDGE_CURVE ( 'NONE', #6171, #7180, #5763, .T. ) ;
#4535 = ORIENTED_EDGE ( 'NONE', *, *, #5036, .T. ) ;
#4536 = VECTOR ( 'NONE', #1789, 1000.000000000000000 ) ;
#4537 =( NAMED_UNIT ( * ) PLANE_ANGLE_UNIT ( ) SI_UNIT ( $, .RADIAN. ) );
#4538 = AXIS2_PLACEMENT_3D ( 'NONE', #7260, #4932, #3750 ) ;
#4539 = CARTESIAN_POINT ( 'NONE',  ( -3.000000000750000100, 1.399999999968750000, -3.799999999793749300 ) ) ;
#4540 = ADVANCED_FACE ( 'NONE', ( #1494 ), #7430, .T. ) ;
#4541 = DIRECTION ( 'NONE',  ( 0.0000000000000000000, -0.0000000000000000000, 1.000000000000000000 ) ) ;
#4542 = CARTESIAN_POINT ( 'NONE',  ( 2.278259423999999800, 2.381857804000000900, 0.4961319480000000400 ) ) ;
#4543 = CARTESIAN_POINT ( 'NONE',  ( 1.483414613336323500, -8.626311989950869100, 0.0005356623312256798100 ) ) ;
#4544 = CIRCLE ( 'NONE', #4835, 1.050000000000000000 ) ;
#4545 = DIRECTION ( 'NONE',  ( -0.0000000000000000000, -0.0000000000000000000, -1.000000000000000000 ) ) ;
#4546 = DIRECTION ( 'NONE',  ( 0.9816271834477411400, 0.1908089953761477600, -0.0000000000000000000 ) ) ;
#4547 = FILL_AREA_STYLE ('',( #389 ) ) ;
#4548 = AXIS2_PLACEMENT_3D ( 'NONE', #4884, #122, #1322 ) ;
#4549 = CIRCLE ( 'NONE', #6617, 1.700000000000000200 ) ;
#4550 = AXIS2_PLACEMENT_3D ( 'NONE', #6160, #2621, #6727 ) ;
#4551 = CARTESIAN_POINT ( 'NONE',  ( -4.890470763130001500, 0.1622071226500000600, -2.351750628999999200 ) ) ;
#4552 = FILL_AREA_STYLE_COLOUR ( '', #3138 ) ;
#4553 = CIRCLE ( 'NONE', #6942, 0.7500000000000000000 ) ;
#4554 = ORIENTED_EDGE ( 'NONE', *, *, #488, .T. ) ;
#4555 = DIRECTION ( 'NONE',  ( -0.0000000000000000000, 0.0000000000000000000, 1.000000000000000000 ) ) ;
#4556 = EDGE_CURVE ( 'NONE', #5344, #3418, #6737, .T. ) ;
#4557 = CARTESIAN_POINT ( 'NONE',  ( 0.5002368539999999500, 1.906301794000000000, 1.768721575999999900 ) ) ;
#4558 = EDGE_CURVE ( 'NONE', #7357, #3939, #1324, .T. ) ;
#4559 = VECTOR ( 'NONE', #801, 1000.000000000000000 ) ;
#4560 = VECTOR ( 'NONE', #6286, 1000.000000000000000 ) ;
#4561 = CARTESIAN_POINT ( 'NONE',  ( 1.500000000044214200, -8.612352447258311700, 0.5004795410200736400 ) ) ;
#4562 = APPLICATION_PROTOCOL_DEFINITION ( 'draft international standard', 'automotive_design', 1998, #399 ) ;
#4563 = LINE ( 'NONE', #6691, #4559 ) ;
#4564 = DIRECTION ( 'NONE',  ( 0.0000000000000000000, -0.0000000000000000000, -1.000000000000000000 ) ) ;
#4565 = AXIS2_PLACEMENT_3D ( 'NONE', #3806, #3834, #3631 ) ;
#4566 = ORIENTED_EDGE ( 'NONE', *, *, #6210, .T. ) ;
#4567 = ORIENTED_EDGE ( 'NONE', *, *, #4515, .F. ) ;
#4568 = EDGE_CURVE ( 'NONE', #6771, #1887, #1357, .T. ) ;
#4569 = DIRECTION ( 'NONE',  ( 0.4999999999999949500, -0.8660254037844415900, -0.0000000000000000000 ) ) ;
#4570 = DIRECTION ( 'NONE',  ( 0.0000000000000000000, 0.0000000000000000000, 1.000000000000000000 ) ) ;
#4571 = CARTESIAN_POINT ( 'NONE',  ( -3.500000000125000500, 1.399999999906249800, -3.799999999381249400 ) ) ;
#4572 = VERTEX_POINT ( 'NONE', #7519 ) ;
#4573 = DIRECTION ( 'NONE',  ( -1.000000000000000000, 0.0000000000000000000, -0.0000000000000000000 ) ) ;
#4574 = EDGE_CURVE ( 'NONE', #3553, #4908, #4168, .T. ) ;
#4575 = CARTESIAN_POINT ( 'NONE',  ( -4.113518773999999200, -0.09665630500000002600, -2.408610884999999900 ) ) ;
#4576 = CYLINDRICAL_SURFACE ( 'NONE', #1822, 1.750000000000000000 ) ;
#4577 = FILL_AREA_STYLE ('',( #4552 ) ) ;
#4578 = ADVANCED_FACE ( 'NONE', ( #1245 ), #5768, .F. ) ;
#4579 = VERTEX_POINT ( 'NONE', #398 ) ;
#4581 = ORIENTED_EDGE ( 'NONE', *, *, #2472, .F. ) ;
#4580 = DIRECTION ( 'NONE',  ( -0.7660444431188455600, -0.6427876096866972400, 0.0000000000000000000 ) ) ;
#4582 = CARTESIAN_POINT ( 'NONE',  ( -4.944791349798965300, 1.102480485699467700, 2.278644585613719200 ) ) ;
#4583 = CARTESIAN_POINT ( 'NONE',  ( 0.4074945723500000300, 2.167590151920000700, 1.776712534000001000 ) ) ;
#4584 = ORIENTED_EDGE ( 'NONE', *, *, #6852, .F. ) ;
#4585 = DIRECTION ( 'NONE',  ( 1.000000000000000000, -0.0000000000000000000, -0.0000000000000000000 ) ) ;
#4586 = ORIENTED_EDGE ( 'NONE', *, *, #2455, .T. ) ;
#4587 = DIRECTION ( 'NONE',  ( 1.000000000000000000, 0.0000000000000000000, -0.0000000000000000000 ) ) ;
#4588 = PRODUCT_CONTEXT ( 'NONE', #2835, 'mechanical' ) ;
#4589 = EDGE_CURVE ( 'NONE', #5162, #4195, #1342, .T. ) ;
#4590 = VERTEX_POINT ( 'NONE', #5802 ) ;
#4591 = DIRECTION ( 'NONE',  ( 0.0000000000000000000, -4.336808689942021700E-016, 1.000000000000000000 ) ) ;
#4592 = SHAPE_REPRESENTATION ( 'DCJ235-05-A-K1-K_revA', ( #6481, #3310, #3703, #4107, #4464, #4875, #5302 ), #5699 ) ;
#4593 = CARTESIAN_POINT ( 'NONE',  ( -1.575000000000000000, 0.1500000000000000200, -2.299999999999999800 ) ) ;
#4594 = DIRECTION ( 'NONE',  ( -1.000000000000000000, 0.0000000000000000000, 0.0000000000000000000 ) ) ;
#4595 = LINE ( 'NONE', #4680, #6341 ) ;
#4596 = EDGE_LOOP ( 'NONE', ( #4243, #4871, #5357, #5721 ) ) ;
#4597 = CARTESIAN_POINT ( 'NONE',  ( 1.882705144003410400, 2.582513093930066000, 0.0000000000000000000 ) ) ;
#4598 = AXIS2_PLACEMENT_3D ( 'NONE', #322, #4493, #922 ) ;
#4599 = EDGE_CURVE ( 'NONE', #4938, #3223, #1124, .T. ) ;
#4600 = LINE ( 'NONE', #7368, #3628 ) ;
#4601 = CARTESIAN_POINT ( 'NONE',  ( -4.500000000000002700, 4.500000000000002700, -12.00000000000000000 ) ) ;
#4602 = ORIENTED_EDGE ( 'NONE', *, *, #5080, .F. ) ;
#4603 = CARTESIAN_POINT ( 'NONE',  ( -5.019686765999999500, 1.485726825000000400, -2.254275905000001000 ) ) ;
#4604 = ORIENTED_EDGE ( 'NONE', *, *, #2549, .T. ) ;
#4605 = VECTOR ( 'NONE', #3384, 1000.000000000000000 ) ;
#4606 = DIRECTION ( 'NONE',  ( 1.000000000000000000, 0.0000000000000000000, 0.0000000000000000000 ) ) ;
#4607 = CARTESIAN_POINT ( 'NONE',  ( -4.000000000000000000, 10.49999999999999800, -0.3000000000144258900 ) ) ;
#4608 = STYLED_ITEM ( 'NONE', ( #5971 ), #6962 ) ;
#4609 = CARTESIAN_POINT ( 'NONE',  ( 4.599999999999999600, -4.592425496802576700E-017, 0.0000000000000000000 ) ) ;
#4610 = AXIS2_PLACEMENT_3D ( 'NONE', #2538, #2513, #2487 ) ;
#4611 = CARTESIAN_POINT ( 'NONE',  ( 0.0000000000000000000, -0.5999999999999999800, -0.5000000000000000000 ) ) ;
#4612 = APPLICATION_CONTEXT ( 'automotive_design' ) ;
#4613 = CARTESIAN_POINT ( 'NONE',  ( -6.325000000000000200, 0.0000000000000000000, 0.0000000000000000000 ) ) ;
#4614 = ORIENTED_EDGE ( 'NONE', *, *, #4308, .T. ) ;
#4615 = EDGE_CURVE ( 'NONE', #7473, #2857, #1259, .T. ) ;
#4616 = ADVANCED_FACE ( 'NONE', ( #6484, #1534 ), #2888, .T. ) ;
#4617 = DIRECTION ( 'NONE',  ( -1.000000000000000000, 0.0000000000000000000, 0.0000000000000000000 ) ) ;
#4618 = FACE_OUTER_BOUND ( 'NONE', #6386, .T. ) ;
#4619 = CARTESIAN_POINT ( 'NONE',  ( 3.727336782000001000, 2.788265658000000300, -1.781851413999999900 ) ) ;
#4620 = CARTESIAN_POINT ( 'NONE',  ( 5.099999999999999600, 0.2500000000000000000, -3.500000000000000000 ) ) ;
#4621 = VECTOR ( 'NONE', #4912, 999.9999999999998900 ) ;
#4622 =( BOUNDED_SURFACE ( )  B_SPLINE_SURFACE ( 3, 3, ( 
 ( #1423, #4379, #5605, #2078 ),
 ( #6196, #2655, #6756, #3248 ),
 ( #7383, #3824, #229, #4402 ),
 ( #825, #5003, #1446, #5630 ) ),
 .UNSPECIFIED., .F., .F., .F. ) 
 B_SPLINE_SURFACE_WITH_KNOTS ( ( 4, 4 ),
 ( 4, 4 ),
 ( 0.0000000000000000000, 1.000000000000000000 ),
 ( 0.0000000000000000000, 1.000000000000000000 ),
 .UNSPECIFIED. ) 
 GEOMETRIC_REPRESENTATION_ITEM ( )  RATIONAL_B_SPLINE_SURFACE ( (
 ( 1.000000000000000000, 0.8047378541243650500, 0.8047378541243650500, 1.000000000000000000),
 ( 0.8047378541243650500, 0.6476030138606881900, 0.6476030138606881900, 0.8047378541243650500),
 ( 0.8047378541243650500, 0.6476030138606881900, 0.6476030138606881900, 0.8047378541243650500),
 ( 1.000000000000000000, 0.8047378541243650500, 0.8047378541243650500, 1.000000000000000000) ) ) 
 REPRESENTATION_ITEM ( '' )  SURFACE ( )  );
#4623 = VERTEX_POINT ( 'NONE', #4060 ) ;
#4624 = ORIENTED_EDGE ( 'NONE', *, *, #919, .F. ) ;
#4625 = ORIENTED_EDGE ( 'NONE', *, *, #6302, .T. ) ;
#4626 = CARTESIAN_POINT ( 'NONE',  ( -1.499999999999998700, -7.284020994830705800, 0.02593636081280864500 ) ) ;
#4627 = CIRCLE ( 'NONE', #2505, 0.4000000000000001900 ) ;
#4628 = PLANE ( 'NONE',  #542 ) ;
#4629 = CARTESIAN_POINT ( 'NONE',  ( -4.913418357999999500, 0.6493483510000001000, -2.319259054999999400 ) ) ;
#4630 = CARTESIAN_POINT ( 'NONE',  ( -1.192528577750724400, 3.058591754908745100, -1.924045491022551300 ) ) ;
#4631 = DIRECTION ( 'NONE',  ( 1.000000000000000000, 0.0000000000000000000, 0.0000000000000000000 ) ) ;
#4632 = ORIENTED_EDGE ( 'NONE', *, *, #5798, .T. ) ;
#4633 = CARTESIAN_POINT ( 'NONE',  ( -1.500000000005094800, -8.605356459711842400, 0.5003667535712955600 ) ) ;
#4634 = ORIENTED_EDGE ( 'NONE', *, *, #4027, .T. ) ;
#4635 = EDGE_CURVE ( 'NONE', #2771, #6869, #1663, .T. ) ;
#4636 = CARTESIAN_POINT ( 'NONE',  ( -3.018024947723879900, -0.0008130086108632634500, 2.497922842759579400 ) ) ;
#4637 = ORIENTED_EDGE ( 'NONE', *, *, #818, .F. ) ;
#4638 = DIRECTION ( 'NONE',  ( -0.9816271834751431100, -0.1908089952351766100, 0.0000000000000000000 ) ) ;
#4639 = AXIS2_PLACEMENT_3D ( 'NONE', #7636, #4089, #493 ) ;
#4640 = FACE_OUTER_BOUND ( 'NONE', #2093, .T. ) ;
#4641 = DIRECTION ( 'NONE',  ( 1.000000000000000000, 0.0000000000000000000, -0.0000000000000000000 ) ) ;
#4642 = LINE ( 'NONE', #6801, #4032 ) ;
#4643 = CARTESIAN_POINT ( 'NONE',  ( 0.9262027371683481100, -3.332917394539888000, 1.249375141688955400 ) ) ;
#4644 = LINE ( 'NONE', #951, #4653 ) ;
#4645 = CIRCLE ( 'NONE', #5940, 1.050000000000000000 ) ;
#4646 = CARTESIAN_POINT ( 'NONE',  ( 5.099999999999999600, 0.0000000000000000000, 3.500000000000000000 ) ) ;
#4647 = DIRECTION ( 'NONE',  ( 0.0000000000000000000, -1.000000000000000000, -0.0000000000000000000 ) ) ;
#4648 = ORIENTED_EDGE ( 'NONE', *, *, #7090, .F. ) ;
#4649 = CARTESIAN_POINT ( 'NONE',  ( -3.500000000000000000, 1.000000000000000000, -3.799999998044444100 ) ) ;
#4650 = DIRECTION ( 'NONE',  ( 0.0000000000000000000, 0.0000000000000000000, 1.000000000000000000 ) ) ;
#4651 = DIRECTION ( 'NONE',  ( -1.000000000000000000, 0.0000000000000000000, 0.0000000000000000000 ) ) ;
#4652 = ORIENTED_EDGE ( 'NONE', *, *, #1524, .T. ) ;
#4653 = VECTOR ( 'NONE', #7495, 1000.000000000000000 ) ;
#4654 = AXIS2_PLACEMENT_3D ( 'NONE', #7300, #3744, #151 ) ;
#4655 = VERTEX_POINT ( 'NONE', #1049 ) ;
#4656 = DIRECTION ( 'NONE',  ( -1.734163393375838900E-018, 1.000000000000000000, 0.0000000000000000000 ) ) ;
#4657 = DIRECTION ( 'NONE',  ( 1.000000000000000000, 0.0000000000000000000, 0.0000000000000000000 ) ) ;
#4658 = AXIS2_PLACEMENT_3D ( 'NONE', #6067, #2539, #6642 ) ;
#4659 = CARTESIAN_POINT ( 'NONE',  ( -4.488375533630601500, 0.2038434907963000400, -2.376119310999999600 ) ) ;
#4660 = FACE_OUTER_BOUND ( 'NONE', #4491, .T. ) ;
#4661 = ADVANCED_FACE ( 'NONE', ( #1024 ), #7604, .T. ) ;
#4662 = CARTESIAN_POINT ( 'NONE',  ( 1.500000000000000000, -7.487389315480188000, -0.4308363684040416600 ) ) ;
#4663 = CARTESIAN_POINT ( 'NONE',  ( -1.055052551000000800, 3.108628940000000000, -1.914801945000000000 ) ) ;
#4664 = EDGE_CURVE ( 'NONE', #2193, #7471, #7285, .T. ) ;
#4665 = DIRECTION ( 'NONE',  ( 0.0000000000000000000, -0.0000000000000000000, -1.000000000000000000 ) ) ;
#4666 = EDGE_CURVE ( 'NONE', #5023, #3659, #6247, .T. ) ;
#4667 = VERTEX_POINT ( 'NONE', #6409 ) ;
#4668 = CARTESIAN_POINT ( 'NONE',  ( -3.039220084058482200, 0.2482876156220920600, 2.497991429604630800 ) ) ;
#4669 = ORIENTED_EDGE ( 'NONE', *, *, #4558, .T. ) ;
#4670 = EDGE_LOOP ( 'NONE', ( #5341, #3199, #3555, #253 ) ) ;
#4671 = CARTESIAN_POINT ( 'NONE',  ( 1.194644752127113500, -3.466853515899579900, -1.250000000000000400 ) ) ;
#4672 = VERTEX_POINT ( 'NONE', #7017 ) ;
#4673 = DIRECTION ( 'NONE',  ( -0.9816271834314184200, -0.1908089954601206500, 0.0000000000000000000 ) ) ;
#4674 = DIRECTION ( 'NONE',  ( -1.000000000000000000, -3.097720492815727200E-016, -0.0000000000000000000 ) ) ;
#4675 = DIRECTION ( 'NONE',  ( 0.0000000000000000000, 0.0000000000000000000, 1.000000000000000000 ) ) ;
#4676 = AXIS2_PLACEMENT_3D ( 'NONE', #472, #187, #410 ) ;
#4677 = CARTESIAN_POINT ( 'NONE',  ( 0.2729938341020197700, -3.007006165897969700, -1.250000000000000400 ) ) ;
#4678 = CARTESIAN_POINT ( 'NONE',  ( -4.944707348469999700, 1.582100784590000100, 2.246153011000000100 ) ) ;
#4679 = EDGE_LOOP ( 'NONE', ( #2927, #2801, #6882, #7362 ) ) ;
#4680 = CARTESIAN_POINT ( 'NONE',  ( -4.457189624224314500, 1.604307861918356800, -2.213661436024850100 ) ) ;
#4681 = CARTESIAN_POINT ( 'NONE',  ( 0.0000000000000000000, 0.0000000000000000000, 2.474999999999999600 ) ) ;
#4682 = CARTESIAN_POINT ( 'NONE',  ( -3.749999442914653300E-010, 0.2500000000000000000, 1.250000001500000300 ) ) ;
#4683 = B_SPLINE_CURVE_WITH_KNOTS ( 'NONE', 3,
 ( #4668, #2991, #3437, #2075 ),
 .UNSPECIFIED., .F., .F.,
 ( 4, 4 ),
 ( 0.0000000000000000000, 1.000000000000000000 ),
 .UNSPECIFIED. ) ;
#4684 = EDGE_LOOP ( 'NONE', ( #2900, #3995, #7035, #823 ) ) ;
#4685 = EDGE_CURVE ( 'NONE', #278, #5236, #3717, .T. ) ;
#4686 = CARTESIAN_POINT ( 'NONE',  ( -1.680000000000063700, -8.300922675490229000, -0.06862797732823650000 ) ) ;
#4687 = CARTESIAN_POINT ( 'NONE',  ( -4.540618240199401100, 1.571255283082799700, -2.221785356959600200 ) ) ;
#4688 = VECTOR ( 'NONE', #2824, 1000.000000000000000 ) ;
#4689 = DIRECTION ( 'NONE',  ( 0.0000000000000000000, -0.0000000000000000000, 1.000000000000000000 ) ) ;
#4690 = FILL_AREA_STYLE_COLOUR ( '', #1241 ) ;
#4691 = PLANE ( 'NONE',  #3349 ) ;
#4692 = AXIS2_PLACEMENT_3D ( 'NONE', #5488, #5657, #136 ) ;
#4693 = FACE_OUTER_BOUND ( 'NONE', #1396, .T. ) ;
#4694 = CARTESIAN_POINT ( 'NONE',  ( -3.017827014815920100, -0.0007956917405755090800, 2.497945705173052500 ) ) ;
#4695 = CIRCLE ( 'NONE', #787, 0.8299999999999999600 ) ;
#4696 = EDGE_CURVE ( 'NONE', #2409, #1939, #1307, .T. ) ;
#4697 = DIRECTION ( 'NONE',  ( 0.0000000000000000000, 0.0000000000000000000, -1.000000000000000000 ) ) ;
#4698 = ORIENTED_EDGE ( 'NONE', *, *, #5650, .F. ) ;
#4699 = VERTEX_POINT ( 'NONE', #509 ) ;
#4700 = DIRECTION ( 'NONE',  ( 1.000000000000000000, 0.0000000000000000000, 0.0000000000000000000 ) ) ;
#4701 = CARTESIAN_POINT ( 'NONE',  ( -1.455892581746800700, -8.991223932371823900, 0.4515964848409222400 ) ) ;
#4702 = FACE_OUTER_BOUND ( 'NONE', #6973, .T. ) ;
#4703 = ADVANCED_FACE ( 'NONE', ( #1226 ), #1072, .T. ) ;
#4704 = AXIS2_PLACEMENT_3D ( 'NONE', #1696, #2346, #6441 ) ;
#4705 = CARTESIAN_POINT ( 'NONE',  ( 2.302598256000000000, 2.256645368999999200, 0.6500000000000001300 ) ) ;
#4706 = CARTESIAN_POINT ( 'NONE',  ( -4.233149711920000300, -0.1096322049400000200, 2.400486960959999900 ) ) ;
#4707 = ORIENTED_EDGE ( 'NONE', *, *, #894, .T. ) ;
#4708 = DIRECTION ( 'NONE',  ( -1.000000000000000000, 0.0000000000000000000, 0.0000000000000000000 ) ) ;
#4709 = AXIS2_PLACEMENT_3D ( 'NONE', #3468, #4617, #5261 ) ;
#4710 = VERTEX_POINT ( 'NONE', #4112 ) ;
#4711 = EDGE_CURVE ( 'NONE', #3972, #1596, #6050, .T. ) ;
#4712 = EDGE_CURVE ( 'NONE', #3272, #2597, #5844, .T. ) ;
#4713 = EDGE_CURVE ( 'NONE', #6929, #625, #6533, .T. ) ;
#4714 = DIRECTION ( 'NONE',  ( 1.000000000000000000, 0.0000000000000000000, -0.0000000000000000000 ) ) ;
#4715 = ORIENTED_EDGE ( 'NONE', *, *, #4685, .F. ) ;
#4716 = ORIENTED_EDGE ( 'NONE', *, *, #4054, .F. ) ;
#4717 = PRODUCT_DEFINITION_CONTEXT ( 'detailed design', #6388, 'design' ) ;
#4718 = PRODUCT_DEFINITION_FORMATION_WITH_SPECIFIED_SOURCE ( '任何', '', #1306, .NOT_KNOWN. ) ;
#4719 = CARTESIAN_POINT ( 'NONE',  ( -3.017629081907959900, -0.0007783748702877547000, 2.497968567586526000 ) ) ;
#4720 = ORIENTED_EDGE ( 'NONE', *, *, #5550, .T. ) ;
#4721 = ADVANCED_FACE ( 'NONE', ( #1626 ), #1905, .T. ) ;
#4722 = VERTEX_POINT ( 'NONE', #7101 ) ;
#4723 = CARTESIAN_POINT ( 'NONE',  ( -1.680000000000063700, -3.500000000000000000, 0.0000000000000000000 ) ) ;
#4724 = ADVANCED_FACE ( 'NONE', ( #5853 ), #1163, .T. ) ;
#4725 = AXIS2_PLACEMENT_3D ( 'NONE', #3723, #826, #1150 ) ;
#4726 = CARTESIAN_POINT ( 'NONE',  ( 0.8000000000000003800, 0.0000000000000000000, 1.000000000000000000 ) ) ;
#4727 = ORIENTED_EDGE ( 'NONE', *, *, #3403, .T. ) ;
#4728 = DIRECTION ( 'NONE',  ( -0.7313537008391507400, -0.6819983608989673700, -2.285255321116379900E-010 ) ) ;
#4729 = LINE ( 'NONE', #3036, #6061 ) ;
#4730 = CARTESIAN_POINT ( 'NONE',  ( 3.999999999996152400, 10.70000000000336700, -1.011483575055214500E-015 ) ) ;
#4731 = ORIENTED_EDGE ( 'NONE', *, *, #4589, .F. ) ;
#4732 = DIRECTION ( 'NONE',  ( -0.1908089953761447600, 0.9816271834477418000, 5.059610153632707800E-015 ) ) ;
#4733 = EDGE_LOOP ( 'NONE', ( #3920, #2559, #3969, #849 ) ) ;
#4734 = ORIENTED_EDGE ( 'NONE', *, *, #3877, .T. ) ;
#4735 = DIRECTION ( 'NONE',  ( -0.0000000000000000000, -0.0000000000000000000, 1.000000000000000000 ) ) ;
#4736 = CARTESIAN_POINT ( 'NONE',  ( -4.972583489000000700, 0.2525805330000000500, 2.343627736000000200 ) ) ;
#4737 = VECTOR ( 'NONE', #6935, 1000.000000000000000 ) ;
#4738 = EDGE_LOOP ( 'NONE', ( #7011, #413, #446, #533 ) ) ;
#4739 = DIRECTION ( 'NONE',  ( -1.000000000000000000, -0.0000000000000000000, -0.0000000000000000000 ) ) ;
#4740 = EDGE_CURVE ( 'NONE', #7582, #3009, #4645, .T. ) ;
#4741 = B_SPLINE_CURVE_WITH_KNOTS ( 'NONE', 3,
 ( #789, #196, #6182, #2644, #6744, #3234, #7370, #3808, #218, #4391, #813, #4991, #1436, #5618, #2090, #6205, #2673, #6768, #3256, #7394, #3839, #240, #4412, #838 ),
 .UNSPECIFIED., .F., .F.,
 ( 4, 2, 2, 1, 1, 2, 2, 2, 2, 2, 2, 2, 4 ),
 ( 0.0000000000000000000, 0.2499999999991589000, 0.3749999999987383400, 0.4374999999985247900, 0.4687499999984211500, 0.4843749999983693600, 0.4999999999983175700, 0.5624999999985268500, 0.5937499999986314300, 0.6093749999986837200, 0.6249999999987361200, 0.7499999999991573400, 1.000000000000000000 ),
 .UNSPECIFIED. ) ;
#4742 = CARTESIAN_POINT ( 'NONE',  ( -4.135307709822331600, 0.1523923714717995400, -2.408610884895927600 ) ) ;
#4743 = VERTEX_POINT ( 'NONE', #4726 ) ;
#4744 = LINE ( 'NONE', #7113, #4737 ) ;
#4745 = LINE ( 'NONE', #3354, #4560 ) ;
#4746 = CARTESIAN_POINT ( 'NONE',  ( 3.775039030999999900, 2.542858861999999200, -1.499999999965216700 ) ) ;
#4747 = CARTESIAN_POINT ( 'NONE',  ( 5.000000000000000900, 1.011965344003912200, 0.5490146214934289400 ) ) ;
#4748 = ADVANCED_FACE ( 'NONE', ( #987 ), #6117, .F. ) ;
#4749 = B_SPLINE_SURFACE_WITH_KNOTS ( 'NONE', 1, 3, ( 
 ( #200, #4372, #4969, #1410, #5591, #2071 ),
 ( #6185, #2647, #6746, #3237, #7373, #3811 ),
 ( #222, #4393, #814, #4994, #1439, #5621 ),
 ( #2092, #6211, #2677, #6770, #1868, #6003 ) ),
 .UNSPECIFIED., .F., .F., .F.,
 ( 2, 1, 1, 2 ),
 ( 4, 2, 4 ),
 ( -0.01010000000000000000, 0.0000000000000000000, 1.000000000000000000, 1.010000000000000000 ),
 ( 0.0000000000000000000, 0.5000000000000000000, 1.000000000000000000 ),
 .UNSPECIFIED. ) ;
#4750 = ORIENTED_EDGE ( 'NONE', *, *, #1086, .T. ) ;
#4751 = EDGE_LOOP ( 'NONE', ( #1552, #4850 ) ) ;
#4752 = PLANE ( 'NONE',  #4513 ) ;
#4753 = EDGE_CURVE ( 'NONE', #1184, #487, #5272, .T. ) ;
#4754 = FACE_OUTER_BOUND ( 'NONE', #1472, .T. ) ;
#4755 = FACE_OUTER_BOUND ( 'NONE', #6064, .T. ) ;
#4756 = CARTESIAN_POINT ( 'NONE',  ( -4.000000000000000000, 10.69999999999999900, -0.3000000000000000400 ) ) ;
#4757 = VERTEX_POINT ( 'NONE', #4178 ) ;
#4758 = AXIS2_PLACEMENT_3D ( 'NONE', #7271, #4329, #742 ) ;
#4759 = DIRECTION ( 'NONE',  ( 0.0000000000000000000, 0.0000000000000000000, 1.000000000000000000 ) ) ;
#4760 = VECTOR ( 'NONE', #6714, 1000.000000000000000 ) ;
#4761 = CARTESIAN_POINT ( 'NONE',  ( 4.143945310680574100, 10.63904972801055100, 5.829670979472667800E-009 ) ) ;
#4762 = CIRCLE ( 'NONE', #4598, 1.050000000000000000 ) ;
#4763 = ORIENTED_EDGE ( 'NONE', *, *, #4975, .T. ) ;
#4764 = DIRECTION ( 'NONE',  ( -4.629791292039925600E-017, 1.000000000000000000, 0.0000000000000000000 ) ) ;
#4765 = CARTESIAN_POINT ( 'NONE',  ( -4.930427008000003200, 1.094628486999999800, 2.278644586000000000 ) ) ;
#4766 = ORIENTED_EDGE ( 'NONE', *, *, #5469, .F. ) ;
#4767 = PLANE ( 'NONE',  #7255 ) ;
#4768 = DIRECTION ( 'NONE',  ( 0.9816271834475899200, 0.1908089953769258600, 2.128564658446812500E-015 ) ) ;
#4769 = ADVANCED_FACE ( 'NONE', ( #5866 ), #4919, .T. ) ;
#4770 = ADVANCED_FACE ( 'NONE', ( #1174 ), #5778, .F. ) ;
#4771 = ORIENTED_EDGE ( 'NONE', *, *, #1121, .T. ) ;
#4772 = VECTOR ( 'NONE', #2602, 1000.000000000000000 ) ;
#4773 = ORIENTED_EDGE ( 'NONE', *, *, #1030, .T. ) ;
#4774 = CARTESIAN_POINT ( 'NONE',  ( 3.849999999999999600, 0.0000000000000000000, 0.0000000000000000000 ) ) ;
#4775 = AXIS2_PLACEMENT_3D ( 'NONE', #3937, #334, #4501 ) ;
#4776 = DIRECTION ( 'NONE',  ( 0.0000000000000000000, 0.0000000000000000000, 1.000000000000000000 ) ) ;
#4777 = ORIENTED_EDGE ( 'NONE', *, *, #4202, .F. ) ;
#4778 = EDGE_CURVE ( 'NONE', #2053, #6809, #6292, .T. ) ;
#4779 = FACE_OUTER_BOUND ( 'NONE', #6035, .T. ) ;
#4780 = DIRECTION ( 'NONE',  ( -0.9816271834477781100, -0.1908089953759578000, 0.0000000000000000000 ) ) ;
#4781 = ORIENTED_EDGE ( 'NONE', *, *, #1132, .F. ) ;
#4782 = ADVANCED_BREP_SHAPE_REPRESENTATION ( '', ( #2687, #4775 ), #2314 ) ;
#4783 = ORIENTED_EDGE ( 'NONE', *, *, #4361, .F. ) ;
#4784 = CARTESIAN_POINT ( 'NONE',  ( 1.479999999999869600, -1.559519156663412100, -0.5000000000000000000 ) ) ;
#4785 = VERTEX_POINT ( 'NONE', #1211 ) ;
#4786 = VERTEX_POINT ( 'NONE', #4787 ) ;
#4787 = CARTESIAN_POINT ( 'NONE',  ( -0.8421720712301092900, -0.01899999999999989900, 0.0000000000000000000 ) ) ;
#4788 = EDGE_CURVE ( 'NONE', #487, #3913, #4729, .T. ) ;
#4789 = EDGE_LOOP ( 'NONE', ( #3498, #349, #5838, #1855, #1495 ) ) ;
#4790 = CARTESIAN_POINT ( 'NONE',  ( 1.147155192000000300, 2.032049988999998600, 0.5885345699999999800 ) ) ;
#4791 = CARTESIAN_POINT ( 'NONE',  ( -4.540618240199401100, 1.571255283082799700, 2.221785356959600200 ) ) ;
#4792 = ORIENTED_EDGE ( 'NONE', *, *, #1813, .T. ) ;
#4793 = ORIENTED_EDGE ( 'NONE', *, *, #842, .T. ) ;
#4794 = ORIENTED_EDGE ( 'NONE', *, *, #3441, .T. ) ;
#4795 = ORIENTED_EDGE ( 'NONE', *, *, #1563, .T. ) ;
#4796 = CARTESIAN_POINT ( 'NONE',  ( 3.700000000000000200, 0.1500000000000000200, -2.299999999999999800 ) ) ;
#4797 = DIRECTION ( 'NONE',  ( 0.0000000000000000000, 0.0000000000000000000, -1.000000000000000000 ) ) ;
#4798 = CYLINDRICAL_SURFACE ( 'NONE', #4548, 0.5000000000000004400 ) ;
#4799 = EDGE_CURVE ( 'NONE', #946, #5916, #5920, .T. ) ;
#4800 = CARTESIAN_POINT ( 'NONE',  ( -3.000000000000000000, 4.500000000000002700, -12.00000000000000000 ) ) ;
#4801 = FACE_OUTER_BOUND ( 'NONE', #1550, .T. ) ;
#4802 = CARTESIAN_POINT ( 'NONE',  ( -4.457189624630668600, 1.604307862987362800, 2.213661436020710300 ) ) ;
#4803 = DIRECTION ( 'NONE',  ( 0.0000000000000000000, 0.0000000000000000000, 1.000000000000000000 ) ) ;
#4804 = DIRECTION ( 'NONE',  ( -0.7660444431190086600, 0.6427876096865027300, 0.0000000000000000000 ) ) ;
#4805 = AXIS2_PLACEMENT_3D ( 'NONE', #7467, #3949, #346 ) ;
#4806 = ORIENTED_EDGE ( 'NONE', *, *, #7668, .T. ) ;
#4807 = CARTESIAN_POINT ( 'NONE',  ( -3.000000000025958800, 0.2500000006249999400, -2.499999999379999900 ) ) ;
#4808 = ADVANCED_FACE ( 'NONE', ( #5808 ), #4576, .F. ) ;
#4809 = ADVANCED_FACE ( 'NONE', ( #5308 ), #636, .T. ) ;
#4810 = DIRECTION ( 'NONE',  ( 0.0000000000000000000, -0.0000000000000000000, 1.000000000000000000 ) ) ;
#4811 = ORIENTED_EDGE ( 'NONE', *, *, #150, .F. ) ;
#4812 = PLANE ( 'NONE',  #1316 ) ;
#4813 = AXIS2_PLACEMENT_3D ( 'NONE', #5978, #2451, #6549 ) ;
#4814 = CARTESIAN_POINT ( 'NONE',  ( -4.488375533630601500, 0.2038434907963000400, 2.376119310999999600 ) ) ;
#4815 = VECTOR ( 'NONE', #7578, 1000.000000000000000 ) ;
#4816 = DIRECTION ( 'NONE',  ( 0.0000000000000000000, 0.0000000000000000000, 1.000000000000000000 ) ) ;
#4817 = ORIENTED_EDGE ( 'NONE', *, *, #4477, .T. ) ;
#4818 = CIRCLE ( 'NONE', #3269, 1.000000000000000000 ) ;
#4819 = EDGE_LOOP ( 'NONE', ( #3144, #1613, #6704, #2112 ) ) ;
#4820 = EDGE_CURVE ( 'NONE', #6558, #2781, #3242, .T. ) ;
#4821 = EDGE_CURVE ( 'NONE', #4149, #4366, #5319, .T. ) ;
#4822 = CARTESIAN_POINT ( 'NONE',  ( -4.141343594187119900, 10.64149526051656400, -2.885867451760375800E-016 ) ) ;
#4823 = PLANE ( 'NONE',  #3173 ) ;
#4824 = CARTESIAN_POINT ( 'NONE',  ( 1.500000000000000000, 1.299999999670682800, 3.039192161824466600E-011 ) ) ;
#4825 = ORIENTED_EDGE ( 'NONE', *, *, #6630, .T. ) ;
#4826 = VERTEX_POINT ( 'NONE', #1930 ) ;
#4827 = VERTEX_POINT ( 'NONE', #6636 ) ;
#4828 = FACE_OUTER_BOUND ( 'NONE', #5787, .T. ) ;
#4829 = CONTEXT_DEPENDENT_SHAPE_REPRESENTATION ( #486, #2201 ) ;
#4830 = ORIENTED_EDGE ( 'NONE', *, *, #3119, .T. ) ;
#4831 = CARTESIAN_POINT ( 'NONE',  ( 6.229507320615768500, -0.7330222215593946700, -0.5000000000000000000 ) ) ;
#4832 = CARTESIAN_POINT ( 'NONE',  ( -3.017431149000000100, -0.0007610580000000003300, 2.497991429999999900 ) ) ;
#4833 = CARTESIAN_POINT ( 'NONE',  ( 1.211609546878158900, -3.431153008076171900, 1.250000000000000900 ) ) ;
#4834 = VERTEX_POINT ( 'NONE', #2532 ) ;
#4835 = AXIS2_PLACEMENT_3D ( 'NONE', #3267, #2981, #2870 ) ;
#4836 = CARTESIAN_POINT ( 'NONE',  ( -4.352588339862864900, -0.1175721818250361300, -2.392365097682062300 ) ) ;
#4837 = LINE ( 'NONE', #1618, #5081 ) ;
#4838 = TOROIDAL_SURFACE ( 'NONE', #5305, 0.2000000000000014000, 0.3000000000000010400 ) ;
#4839 = ORIENTED_EDGE ( 'NONE', *, *, #1858, .F. ) ;
#4840 = CARTESIAN_POINT ( 'NONE',  ( 1.164999999999994700, -2.492006165897975300, 1.250000000000000000 ) ) ;
#4841 = CARTESIAN_POINT ( 'NONE',  ( 4.600000000000000500, 0.7500000000000000000, 0.0000000000000000000 ) ) ;
#4842 = ORIENTED_EDGE ( 'NONE', *, *, #2605, .F. ) ;
#4843 = DIRECTION ( 'NONE',  ( -0.9816271834475903700, -0.1908089953769233100, 0.0000000000000000000 ) ) ;
#4844 = ORIENTED_EDGE ( 'NONE', *, *, #5279, .F. ) ;
#4845 = EDGE_CURVE ( 'NONE', #2436, #5980, #5049, .T. ) ;
#4846 = VECTOR ( 'NONE', #3311, 1000.000000000000000 ) ;
#4847 = B_SPLINE_CURVE_WITH_KNOTS ( 'NONE', 3,
 ( #6810, #3908, #5564, #6740, #6700, #6669, #1430, #47, #764, #237, #96, #7412, #7336, #7314, #7266, #7234, #7184, #6861 ),
 .UNSPECIFIED., .F., .F.,
 ( 4, 1, 1, 2, 2, 2, 1, 1, 2, 2, 4 ),
 ( 0.0000000000000000000, 0.06249999999999975000, 0.09374999999999962500, 0.1093749999999995800, 0.1249999999999995600, 0.2499999999999997200, 0.3124999999999998300, 0.3437499999999998900, 0.3593749999999999400, 0.3750000000000000000, 0.5000000000000000000 ),
 .UNSPECIFIED. ) ;
#4848 = ADVANCED_FACE ( 'NONE', ( #5212 ), #5905, .F. ) ;
#4849 = ADVANCED_FACE ( 'NONE', ( #5123 ), #4984, .T. ) ;
#4850 = ORIENTED_EDGE ( 'NONE', *, *, #6760, .F. ) ;
#4851 = ORIENTED_EDGE ( 'NONE', *, *, #1535, .T. ) ;
#4852 = AXIS2_PLACEMENT_3D ( 'NONE', #7172, #4523, #3599 ) ;
#4853 = PLANE ( 'NONE',  #414 ) ;
#4854 = CARTESIAN_POINT ( 'NONE',  ( 1.211609546878159100, -3.431153008076171400, -2.168404344971008900E-016 ) ) ;
#4855 = DIRECTION ( 'NONE',  ( -1.000000000000000000, 0.0000000000000000000, 0.0000000000000000000 ) ) ;
#4856 = CIRCLE ( 'NONE', #1659, 1.000000000000000000 ) ;
#4857 = CIRCLE ( 'NONE', #5013, 0.6499999999999873700 ) ;
#4858 = ORIENTED_EDGE ( 'NONE', *, *, #7701, .T. ) ;
#4859 = EDGE_CURVE ( 'NONE', #484, #3665, #5285, .T. ) ;
#4860 = CARTESIAN_POINT ( 'NONE',  ( -3.011635512999999400, -0.0002540060000000000300, 2.498660859999999800 ) ) ;
#4861 = DIRECTION ( 'NONE',  ( -0.0000000000000000000, -0.0000000000000000000, 1.000000000000000000 ) ) ;
#4862 = ORIENTED_EDGE ( 'NONE', *, *, #3175, .T. ) ;
#4863 = DIRECTION ( 'NONE',  ( 0.0000000000000000000, -0.9986295347531488600, -0.05233595627013538900 ) ) ;
#4864 = ORIENTED_EDGE ( 'NONE', *, *, #6630, .F. ) ;
#4865 = ITEM_DEFINED_TRANSFORMATION ( 'NONE', 'NONE', #5302,  #4775 ) ;
#4866 = CARTESIAN_POINT ( 'NONE',  ( 2.999999999833332900, 4.500000000000002700, -9.950000000208334000 ) ) ;
#4867 = ORIENTED_EDGE ( 'NONE', *, *, #5705, .T. ) ;
#4868 = ORIENTED_EDGE ( 'NONE', *, *, #4859, .F. ) ;
#4869 = CONTEXT_DEPENDENT_SHAPE_REPRESENTATION ( #7633, #616 ) ;
#4870 = ORIENTED_EDGE ( 'NONE', *, *, #6331, .T. ) ;
#4871 = ORIENTED_EDGE ( 'NONE', *, *, #2780, .F. ) ;
#4872 = EDGE_LOOP ( 'NONE', ( #3156, #2426, #1363, #4294 ) ) ;
#4873 = DIRECTION ( 'NONE',  ( 0.0000000000000000000, 0.0000000000000000000, -1.000000000000000000 ) ) ;
#4874 = DIRECTION ( 'NONE',  ( -1.000000000000000000, 0.0000000000000000000, -0.0000000000000000000 ) ) ;
#4875 = AXIS2_PLACEMENT_3D ( 'NONE', #6334, #2808, #6903 ) ;
#4876 = CARTESIAN_POINT ( 'NONE',  ( -3.000000000000000000, 4.500000000000002700, -9.950000003066669800 ) ) ;
#4877 = DIRECTION ( 'NONE',  ( -0.0000000000000000000, 1.000000000000000000, 0.0000000000000000000 ) ) ;
#4878 = EDGE_CURVE ( 'NONE', #550, #4757, #6923, .T. ) ;
#4879 = AXIS2_PLACEMENT_3D ( 'NONE', #498, #2794, #7500 ) ;
#4880 = EDGE_CURVE ( 'NONE', #3238, #6721, #7259, .T. ) ;
#4881 = ADVANCED_FACE ( 'NONE', ( #5097 ), #4798, .T. ) ;
#4882 = EDGE_CURVE ( 'NONE', #2771, #3680, #4251, .T. ) ;
#4883 = CARTESIAN_POINT ( 'NONE',  ( 4.000000000000000000, 6.500000000000002700, -12.00000000000000000 ) ) ;
#4884 = CARTESIAN_POINT ( 'NONE',  ( 4.000000000000000000, 0.5000000000000000000, -12.00000000000000000 ) ) ;
#4885 = ORIENTED_EDGE ( 'NONE', *, *, #4459, .T. ) ;
#4886 = CARTESIAN_POINT ( 'NONE',  ( 8.800000000000089500, -6.779999999999970900, -1.250000000000000000 ) ) ;
#4887 = LINE ( 'NONE', #2896, #4190 ) ;
#4888 = ITEM_DEFINED_TRANSFORMATION ( 'NONE', 'NONE', #4875,  #4775 ) ;
#4889 = CIRCLE ( 'NONE', #10, 0.5000000000000000000 ) ;
#4890 = EDGE_LOOP ( 'NONE', ( #4099, #4301, #5052, #4958 ) ) ;
#4891 = DIRECTION ( 'NONE',  ( 1.000000000000000000, -0.0000000000000000000, 0.0000000000000000000 ) ) ;
#4892 = CARTESIAN_POINT ( 'NONE',  ( 4.200000000000000200, 10.50000000000000000, -0.3000000000000000400 ) ) ;
#4893 = ORIENTED_EDGE ( 'NONE', *, *, #5742, .F. ) ;
#4894 = VERTEX_POINT ( 'NONE', #2554 ) ;
#4895 = CONTEXT_DEPENDENT_SHAPE_REPRESENTATION ( #7018, #4007 ) ;
#4896 = CARTESIAN_POINT ( 'NONE',  ( 0.4611989148589135100, -1.872986928011503000, -1.250000000000000200 ) ) ;
#4897 = ORIENTED_EDGE ( 'NONE', *, *, #6732, .F. ) ;
#4898 = FACE_BOUND ( 'NONE', #1798, .T. ) ;
#4899 = VECTOR ( 'NONE', #144, 1000.000000000000000 ) ;
#4900 = EDGE_CURVE ( 'NONE', #1908, #3765, #4494, .T. ) ;
#4901 = CARTESIAN_POINT ( 'NONE',  ( 3.999999999961532500, 0.2999999999999990500, -0.2999999999999999900 ) ) ;
#4902 = CARTESIAN_POINT ( 'NONE',  ( 8.800000000000089500, -8.029999999999970900, 4.336808689942017700E-016 ) ) ;
#4903 = ORIENTED_EDGE ( 'NONE', *, *, #719, .F. ) ;
#4904 = DIRECTION ( 'NONE',  ( -0.0000000000000000000, 1.000000000000000000, 0.0000000000000000000 ) ) ;
#4905 = AXIS2_PLACEMENT_3D ( 'NONE', #5281, #2950, #7045 ) ;
#4906 = CARTESIAN_POINT ( 'NONE',  ( -3.000000000000000000, 2.000000000000001400E-009, 2.500000000000000000 ) ) ;
#4907 = CARTESIAN_POINT ( 'NONE',  ( 8.650000000000101600, -0.6499999999999889200, -0.5000000000000000000 ) ) ;
#4908 = VERTEX_POINT ( 'NONE', #6674 ) ;
#4909 = VERTEX_POINT ( 'NONE', #5542 ) ;
#4910 = LINE ( 'NONE', #5006, #4524 ) ;
#4911 = EDGE_CURVE ( 'NONE', #575, #5026, #7250, .T. ) ;
#4912 = DIRECTION ( 'NONE',  ( 0.9816271834477415800, 0.1908089953761459600, -0.0000000000000000000 ) ) ;
#4913 = DIRECTION ( 'NONE',  ( -1.000000000000000000, -0.0000000000000000000, -0.0000000000000000000 ) ) ;
#4914 = VERTEX_POINT ( 'NONE', #2013 ) ;
#4915 = CARTESIAN_POINT ( 'NONE',  ( -4.542694661499955300, 1.839231019088658300, -2.213661436058028900 ) ) ;
#4916 = ORIENTED_EDGE ( 'NONE', *, *, #134, .T. ) ;
#4917 = CYLINDRICAL_SURFACE ( 'NONE', #1242, 0.8299999999999999600 ) ;
#4918 = ORIENTED_EDGE ( 'NONE', *, *, #1757, .F. ) ;
#4919 = CYLINDRICAL_SURFACE ( 'NONE', #959, 0.3000000000000000400 ) ;
#4920 = STYLED_ITEM ( 'NONE', ( #7470 ), #7449 ) ;
#4921 = DIRECTION ( 'NONE',  ( 1.000000000000000000, 0.0000000000000000000, 0.0000000000000000000 ) ) ;
#4922 = ADVANCED_FACE ( 'NONE', ( #4276 ), #2579, .T. ) ;
#4923 = ORIENTED_EDGE ( 'NONE', *, *, #6049, .F. ) ;
#4924 = EDGE_LOOP ( 'NONE', ( #89, #1769, #1996, #1100 ) ) ;
#4925 = EDGE_CURVE ( 'NONE', #1331, #717, #4438, .T. ) ;
#4926 = FACE_OUTER_BOUND ( 'NONE', #3499, .T. ) ;
#4927 = ITEM_DEFINED_TRANSFORMATION ( 'NONE', 'NONE', #4464,  #4775 ) ;
#4928 = EDGE_LOOP ( 'NONE', ( #5148, #4135, #6530, #5594 ) ) ;
#4929 = DIRECTION ( 'NONE',  ( -0.0000000000000000000, 0.0000000000000000000, -1.000000000000000000 ) ) ;
#4930 = DIRECTION ( 'NONE',  ( -0.0000000000000000000, -0.0000000000000000000, 1.000000000000000000 ) ) ;
#4931 = CARTESIAN_POINT ( 'NONE',  ( 3.799999999955616700, 2.002687271685073900E-016, 0.7499999998685780200 ) ) ;
#4932 = DIRECTION ( 'NONE',  ( -0.9816271834475900300, -0.1908089953769253300, -1.419043095888858200E-015 ) ) ;
#4933 = EDGE_LOOP ( 'NONE', ( #4286, #2477, #3973, #5057 ) ) ;
#4934 = CARTESIAN_POINT ( 'NONE',  ( 0.0000000000000000000, 6.349999999999999600, -1.399999999999999900 ) ) ;
#4935 = DIRECTION ( 'NONE',  ( -3.986037398843766400E-018, 1.000000000000000000, 0.0000000000000000000 ) ) ;
#4936 = FACE_OUTER_BOUND ( 'NONE', #2149, .T. ) ;
#4937 = CYLINDRICAL_SURFACE ( 'NONE', #2491, 4.000000000000000000 ) ;
#4938 = VERTEX_POINT ( 'NONE', #4350 ) ;
#4939 = ORIENTED_EDGE ( 'NONE', *, *, #3642, .T. ) ;
#4940 = VECTOR ( 'NONE', #1500, 1000.000000000000000 ) ;
#4941 = DIRECTION ( 'NONE',  ( -1.000000000000000000, 0.0000000000000000000, 0.0000000000000000000 ) ) ;
#4942 = AXIS2_PLACEMENT_3D ( 'NONE', #6192, #5599, #4398 ) ;
#4943 = ORIENTED_EDGE ( 'NONE', *, *, #5141, .F. ) ;
#4944 = ORIENTED_EDGE ( 'NONE', *, *, #2341, .F. ) ;
#4945 = CARTESIAN_POINT ( 'NONE',  ( 3.746417681614180300, 2.690102939925004500, -0.6500000000000001300 ) ) ;
#4946 = ORIENTED_EDGE ( 'NONE', *, *, #776, .F. ) ;
#4947 = LINE ( 'NONE', #5054, #4846 ) ;
#4948 = DIRECTION ( 'NONE',  ( 1.000000000000000000, 1.734163393375838500E-018, 0.0000000000000000000 ) ) ;
#4949 = EDGE_LOOP ( 'NONE', ( #1431, #4371, #7, #2557 ) ) ;
#4950 = EDGE_CURVE ( 'NONE', #982, #2121, #4959, .T. ) ;
#4951 = LINE ( 'NONE', #4160, #3749 ) ;
#4952 = CARTESIAN_POINT ( 'NONE',  ( 1.917565289313711800, 2.334610046380791300, 0.2136163875527527200 ) ) ;
#4953 = VERTEX_POINT ( 'NONE', #1349 ) ;
#4954 = AXIS2_PLACEMENT_3D ( 'NONE', #4381, #3319, #2274 ) ;
#4955 = DIRECTION ( 'NONE',  ( 0.0000000000000000000, -1.000000000000000000, 0.0000000000000000000 ) ) ;
#4956 = CONTEXT_DEPENDENT_SHAPE_REPRESENTATION ( #6442, #7099 ) ;
#4957 = CARTESIAN_POINT ( 'NONE',  ( 0.0000000000000000000, 0.0000000000000000000, -0.5000000000000000000 ) ) ;
#4958 = ORIENTED_EDGE ( 'NONE', *, *, #3027, .T. ) ;
#4959 = LINE ( 'NONE', #768, #3778 ) ;
#4960 = ORIENTED_EDGE ( 'NONE', *, *, #2167, .F. ) ;
#4961 = ADVANCED_FACE ( 'NONE', ( #4516 ), #2045, .T. ) ;
#4962 = ADVANCED_FACE ( 'NONE', ( #6930 ), #6907, .F. ) ;
#4963 = CARTESIAN_POINT ( 'NONE',  ( 0.0000000000000000000, -0.4999999999999997800, -0.5000000000000000000 ) ) ;
#4964 = CARTESIAN_POINT ( 'NONE',  ( 9.300000000000064700, -6.529999999999971800, -1.250000000000000000 ) ) ;
#4965 = AXIS2_PLACEMENT_3D ( 'NONE', #6135, #6702, #3177 ) ;
#4966 = EDGE_LOOP ( 'NONE', ( #6898, #2182, #699, #2840 ) ) ;
#4967 = CIRCLE ( 'NONE', #2184, 0.3000000000000000400 ) ;
#4968 = CARTESIAN_POINT ( 'NONE',  ( 0.3500000000000000300, -1.457986928011507200, -1.250000000000000000 ) ) ;
#4969 = CARTESIAN_POINT ( 'NONE',  ( 0.1281114325138000000, 1.990218083323400400, -1.792702327000000000 ) ) ;
#4970 = AXIS2_PLACEMENT_3D ( 'NONE', #6679, #3182, #7324 ) ;
#4971 = EDGE_LOOP ( 'NONE', ( #6381, #6799, #7387, #694 ) ) ;
#4972 = EDGE_CURVE ( 'NONE', #5263, #2745, #4533, .T. ) ;
#4973 = EDGE_CURVE ( 'NONE', #6258, #4572, #4143, .T. ) ;
#4974 = ORIENTED_EDGE ( 'NONE', *, *, #4878, .F. ) ;
#4975 = EDGE_CURVE ( 'NONE', #1011, #6558, #4384, .T. ) ;
#4976 = DIRECTION ( 'NONE',  ( 0.0000000000000000000, 1.000000000000000000, 0.0000000000000000000 ) ) ;
#4977 = PRODUCT_DEFINITION_SHAPE ( 'NONE', 'NONE',  #6840 ) ;
#4978 = CARTESIAN_POINT ( 'NONE',  ( 2.021511268173306100, 2.354815097894325400, -0.3332045661077769900 ) ) ;
#4979 = CIRCLE ( 'NONE', #6339, 0.5000000000000000000 ) ;
#4980 = CARTESIAN_POINT ( 'NONE',  ( -1.500000000000000000, 1.000000000028125100, -12.00000000000000000 ) ) ;
#4981 = ITEM_DEFINED_TRANSFORMATION ( 'NONE', 'NONE', #4107,  #4775 ) ;
#4982 = CARTESIAN_POINT ( 'NONE',  ( 9.300000000000064700, -6.529999999999971800, -1.850000000000000100 ) ) ;
#4983 = AXIS2_PLACEMENT_3D ( 'NONE', #3275, #3254, #3033 ) ;
#4984 = CYLINDRICAL_SURFACE ( 'NONE', #3784, 1.175000000000000000 ) ;
#4985 = EDGE_CURVE ( 'NONE', #1645, #3178, #3604, .T. ) ;
#4986 = FACE_OUTER_BOUND ( 'NONE', #7264, .T. ) ;
#4987 = CONTEXT_DEPENDENT_SHAPE_REPRESENTATION ( #5854, #2791 ) ;
#4989 = ORIENTED_EDGE ( 'NONE', *, *, #4820, .T. ) ;
#4988 = CARTESIAN_POINT ( 'NONE',  ( 0.7000000000000000700, 0.0000000000000000000, 1.700000000000000000 ) ) ;
#4990 = DIRECTION ( 'NONE',  ( 0.0000000000000000000, 0.0000000000000000000, -1.000000000000000000 ) ) ;
#4991 = CARTESIAN_POINT ( 'NONE',  ( -4.141495319565082800, 0.3586564636928127900, 6.183291616560549400E-017 ) ) ;
#4992 = ORIENTED_EDGE ( 'NONE', *, *, #2588, .F. ) ;
#4993 = EDGE_CURVE ( 'NONE', #3054, #5947, #4600, .T. ) ;
#4994 = CARTESIAN_POINT ( 'NONE',  ( 0.4071231740000000300, 2.165082170999999900, -1.776712534000001000 ) ) ;
#4995 = CARTESIAN_POINT ( 'NONE',  ( 5.000000000000000900, 0.7012974296012125500, 0.9248487111948756600 ) ) ;
#4996 = ORIENTED_EDGE ( 'NONE', *, *, #2405, .F. ) ;
#4997 = DIRECTION ( 'NONE',  ( -0.9968356693233257900, 0.0000000000000000000, 0.07948992618386926900 ) ) ;
#4998 = LINE ( 'NONE', #5259, #3259 ) ;
#4999 = ADVANCED_FACE ( 'NONE', ( #3227 ), #4215, .T. ) ;
#5000 = ORIENTED_EDGE ( 'NONE', *, *, #3441, .F. ) ;
#5001 = CARTESIAN_POINT ( 'NONE',  ( 0.1000000000000007400, 0.0000000000000000000, -1.040949779275250400E-016 ) ) ;
#5002 = EDGE_CURVE ( 'NONE', #5325, #1881, #3046, .T. ) ;
#5003 = CARTESIAN_POINT ( 'NONE',  ( 1.967384062000000300, 2.446165503999999700, -0.4999999999999999400 ) ) ;
#5004 = CARTESIAN_POINT ( 'NONE',  ( 4.000000000000000000, 10.49999999999999800, -0.2999999999999999300 ) ) ;
#5005 = CARTESIAN_POINT ( 'NONE',  ( -0.7245357177202311800, 2.817258573920768100, 1.887103555015190000 ) ) ;
#5006 = CARTESIAN_POINT ( 'NONE',  ( -3.849999999999999600, 0.0000000000000000000, 4.349999999999999600 ) ) ;
#5007 = VERTEX_POINT ( 'NONE', #2716 ) ;
#5008 = FACE_OUTER_BOUND ( 'NONE', #4284, .T. ) ;
#5009 = ITEM_DEFINED_TRANSFORMATION ( 'NONE', 'NONE', #3703,  #4775 ) ;
#5010 = DIRECTION ( 'NONE',  ( 1.000000000000000000, 0.0000000000000000000, -0.0000000000000000000 ) ) ;
#5011 = AXIS2_PLACEMENT_3D ( 'NONE', #3277, #7416, #3865 ) ;
#5012 = ORIENTED_EDGE ( 'NONE', *, *, #7204, .T. ) ;
#5013 = AXIS2_PLACEMENT_3D ( 'NONE', #5724, #2208, #6308 ) ;
#5014 = CARTESIAN_POINT ( 'NONE',  ( 4.157125157519132600, 0.3752160138585573000, -3.253533482706001900E-007 ) ) ;
#5015 = VERTEX_POINT ( 'NONE', #7392 ) ;
#5016 = LINE ( 'NONE', #280, #5225 ) ;
#5017 = CONTEXT_DEPENDENT_SHAPE_REPRESENTATION ( #5256, #1774 ) ;
#5018 = ORIENTED_EDGE ( 'NONE', *, *, #2623, .F. ) ;
#5019 = ORIENTED_EDGE ( 'NONE', *, *, #2967, .T. ) ;
#5020 = CARTESIAN_POINT ( 'NONE',  ( -1.680000000000063700, -3.760040521065266100, -1.543040829830836900 ) ) ;
#5021 = DIRECTION ( 'NONE',  ( -0.4464537378656401900, -0.8948067165292168400, 0.0000000000000000000 ) ) ;
#5022 = ORIENTED_EDGE ( 'NONE', *, *, #233, .F. ) ;
#5023 = VERTEX_POINT ( 'NONE', #6813 ) ;
#5024 = FACE_OUTER_BOUND ( 'NONE', #130, .T. ) ;
#5025 = LINE ( 'NONE', #44, #7594 ) ;
#5026 = VERTEX_POINT ( 'NONE', #7440 ) ;
#5027 = PRESENTATION_LAYER_ASSIGNMENT (  '', '', ( #4608 ) ) ;
#5028 = DIRECTION ( 'NONE',  ( -0.0000000000000000000, 1.000000000000000000, 0.0000000000000000000 ) ) ;
#5029 = EDGE_CURVE ( 'NONE', #555, #7531, #3459, .T. ) ;
#5030 = EDGE_LOOP ( 'NONE', ( #2949, #6699, #5796, #451, #6428, #27, #221, #417, #684, #868 ) ) ;
#5031 = PLANE ( 'NONE',  #6093 ) ;
#5032 = AXIS2_PLACEMENT_3D ( 'NONE', #4619, #3596, #7588 ) ;
#5033 = DIRECTION ( 'NONE',  ( 1.000000000000000000, 0.0000000000000000000, 0.0000000000000000000 ) ) ;
#5034 = VECTOR ( 'NONE', #7331, 1000.000000000000000 ) ;
#5035 = VECTOR ( 'NONE', #5028, 1000.000000000000000 ) ;
#5036 = EDGE_CURVE ( 'NONE', #2471, #4149, #4186, .T. ) ;
#5037 = EDGE_LOOP ( 'NONE', ( #2476, #1443, #4449, #4903 ) ) ;
#5038 = DIRECTION ( 'NONE',  ( -1.000000000000000000, 0.0000000000000000000, -0.0000000000000000000 ) ) ;
#5039 = EDGE_LOOP ( 'NONE', ( #3977, #1466 ) ) ;
#5040 = DIRECTION ( 'NONE',  ( -1.000000000000000000, -0.0000000000000000000, 0.0000000000000000000 ) ) ;
#5041 = CIRCLE ( 'NONE', #2670, 0.7500000000000000000 ) ;
#5042 = CARTESIAN_POINT ( 'NONE',  ( 3.746417681614180800, 2.690102939925004500, -0.6500000000000001300 ) ) ;
#5043 = CARTESIAN_POINT ( 'NONE',  ( 4.099537471930354100, 0.3253506529030889500, -4.476742348866894900E-007 ) ) ;
#5044 = CARTESIAN_POINT ( 'NONE',  ( 3.757866221918159300, 2.631205308728609400, 0.5125227293211576100 ) ) ;
#5045 = ORIENTED_EDGE ( 'NONE', *, *, #329, .F. ) ;
#5046 = PLANE ( 'NONE',  #1643 ) ;
#5047 = CIRCLE ( 'NONE', #3257, 0.8421720712301092900 ) ;
#5048 = ORIENTED_EDGE ( 'NONE', *, *, #7226, .T. ) ;
#5049 = CIRCLE ( 'NONE', #167, 0.8421720712301092900 ) ;
#5050 = CARTESIAN_POINT ( 'NONE',  ( 3.150000000000000400, 6.500000000000002700, 9.616652222436709300 ) ) ;
#5051 =( LENGTH_UNIT ( ) NAMED_UNIT ( * ) SI_UNIT ( .MILLI., .METRE. ) );
#5052 = ORIENTED_EDGE ( 'NONE', *, *, #7513, .F. ) ;
#5053 = EDGE_CURVE ( 'NONE', #4894, #1412, #3579, .T. ) ;
#5054 = CARTESIAN_POINT ( 'NONE',  ( 4.500000000000002700, 0.5000000000000000000, -0.2999999999999999300 ) ) ;
#5055 = ITEM_DEFINED_TRANSFORMATION ( 'NONE', 'NONE', #3310,  #4775 ) ;
#5056 = DIRECTION ( 'NONE',  ( 1.416282368173844800E-031, 1.224646799147353200E-016, 1.000000000000000000 ) ) ;
#5057 = ORIENTED_EDGE ( 'NONE', *, *, #6696, .F. ) ;
#5058 = CARTESIAN_POINT ( 'NONE',  ( 0.1000000000000003700, 2.081899558550500800E-016, -1.700000000000000400 ) ) ;
#5059 = VERTEX_POINT ( 'NONE', #6274 ) ;
#5060 = DIRECTION ( 'NONE',  ( -0.1908089957481797200, 0.9816271833754255400, -1.523269372682985000E-010 ) ) ;
#5061 = DIRECTION ( 'NONE',  ( 0.9366073255799468600, 0.3408971875881902600, 0.08096805026948301900 ) ) ;
#5062 = CARTESIAN_POINT ( 'NONE',  ( 3.849999999999999600, 0.0000000000000000000, 4.349999999999999600 ) ) ;
#5063 = DIRECTION ( 'NONE',  ( 0.0000000000000000000, 0.0000000000000000000, 1.000000000000000000 ) ) ;
#5064 = ORIENTED_EDGE ( 'NONE', *, *, #7537, .F. ) ;
#5065 = SHAPE_DEFINITION_REPRESENTATION ( #5514, #450 ) ;
#5066 = CARTESIAN_POINT ( 'NONE',  ( 0.0000000000000000000, -0.4999999999999996700, -2.500000000000000000 ) ) ;
#5067 = DIRECTION ( 'NONE',  ( 0.0000000000000000000, -0.0000000000000000000, 1.000000000000000000 ) ) ;
#5068 = EDGE_LOOP ( 'NONE', ( #5555, #3838, #519, #4793 ) ) ;
#5069 = ORIENTED_EDGE ( 'NONE', *, *, #1697, .T. ) ;
#5070 = CARTESIAN_POINT ( 'NONE',  ( 4.500000000000002700, 4.500000000000002700, -9.950000000104166600 ) ) ;
#5071 = AXIS2_PLACEMENT_3D ( 'NONE', #7277, #3718, #3142 ) ;
#5072 = DIRECTION ( 'NONE',  ( 0.0000000000000000000, -0.0000000000000000000, -1.000000000000000000 ) ) ;
#5073 = DIRECTION ( 'NONE',  ( 0.0000000000000000000, 1.000000000000000000, 0.0000000000000000000 ) ) ;
#5074 = SHAPE_DEFINITION_REPRESENTATION ( #6824, #2136 ) ;
#5075 = ORIENTED_EDGE ( 'NONE', *, *, #4696, .F. ) ;
#5076 = UNCERTAINTY_MEASURE_WITH_UNIT (LENGTH_MEASURE( 1.000000000000000100E-005 ), #3367, 'distance_accuracy_value', 'NONE');
#5077 = EDGE_CURVE ( 'NONE', #1694, #5162, #750, .T. ) ;
#5078 = ORIENTED_EDGE ( 'NONE', *, *, #2019, .T. ) ;
#5079 =( NAMED_UNIT ( * ) PLANE_ANGLE_UNIT ( ) SI_UNIT ( $, .RADIAN. ) );
#5080 = EDGE_CURVE ( 'NONE', #2725, #1484, #4332, .T. ) ;
#5081 = VECTOR ( 'NONE', #435, 1000.000000000000000 ) ;
#5082 = SHAPE_DEFINITION_REPRESENTATION ( #2550, #2667 ) ;
#5083 = PLANE ( 'NONE',  #6228 ) ;
#5084 = LINE ( 'NONE', #139, #6208 ) ;
#5085 = DIRECTION ( 'NONE',  ( -1.000000000000000000, 0.0000000000000000000, 0.0000000000000000000 ) ) ;
#5086 = CARTESIAN_POINT ( 'NONE',  ( -3.000000000000000400, 3.950000000018517800, -9.950000002725925400 ) ) ;
#5087 = DIRECTION ( 'NONE',  ( -1.156482317317871300E-015, -1.000000000000000000, 0.0000000000000000000 ) ) ;
#5088 = ORIENTED_EDGE ( 'NONE', *, *, #5137, .T. ) ;
#5089 = ORIENTED_EDGE ( 'NONE', *, *, #7547, .T. ) ;
#5090 = DIRECTION ( 'NONE',  ( -0.0000000000000000000, 0.0000000000000000000, 1.000000000000000000 ) ) ;
#5091 = SHAPE_DEFINITION_REPRESENTATION ( #722, #5661 ) ;
#5092 = CARTESIAN_POINT ( 'NONE',  ( 5.000000000000000000, 1.094122993252324400, -0.3546485247340913600 ) ) ;
#5093 = CIRCLE ( 'NONE', #3835, 0.5000000000000000000 ) ;
#5094 = AXIS2_PLACEMENT_3D ( 'NONE', #6150, #3800, #4935 ) ;
#5095 = CARTESIAN_POINT ( 'NONE',  ( 1.500000000005097000, -8.362965930854768400, -0.04405130251952428500 ) ) ;
#5096 = DIRECTION ( 'NONE',  ( 1.000000000000000000, 0.0000000000000000000, 0.0000000000000000000 ) ) ;
#5097 = FACE_OUTER_BOUND ( 'NONE', #3342, .T. ) ;
#5098 = ORIENTED_EDGE ( 'NONE', *, *, #7404, .T. ) ;
#5099 = SHAPE_DEFINITION_REPRESENTATION ( #6711, #7352 ) ;
#5100 = DIRECTION ( 'NONE',  ( 0.0000000000000000000, 0.0000000000000000000, 1.000000000000000000 ) ) ;
#5101 = DIRECTION ( 'NONE',  ( 1.000000000000000000, 0.0000000000000000000, 0.0000000000000000000 ) ) ;
#5102 = EDGE_LOOP ( 'NONE', ( #53, #6604, #6542, #1583 ) ) ;
#5103 = CARTESIAN_POINT ( 'NONE',  ( -3.000000000000000000, 0.0000000000000000000, -3.000000000000000000 ) ) ;
#5104 = EDGE_CURVE ( 'NONE', #4590, #6151, #3815, .T. ) ;
#5105 = ORIENTED_EDGE ( 'NONE', *, *, #7514, .F. ) ;
#5106 = EDGE_LOOP ( 'NONE', ( #2663, #1970 ) ) ;
#5107 = FACE_OUTER_BOUND ( 'NONE', #5525, .T. ) ;
#5108 = PRODUCT_DEFINITION_CONTEXT ( 'detailed design', #5202, 'design' ) ;
#5109 = SHAPE_DEFINITION_REPRESENTATION ( #4977, #7482 ) ;
#5110 =( NAMED_UNIT ( * ) SI_UNIT ( $, .STERADIAN. ) SOLID_ANGLE_UNIT ( ) );
#5111 = AXIS2_PLACEMENT_3D ( 'NONE', #4521, #4499, #4422 ) ;
#5112 = CARTESIAN_POINT ( 'NONE',  ( -8.888890780841171000E-010, 0.0000000000000000000, -2.474999999999999600 ) ) ;
#5113 = EDGE_LOOP ( 'NONE', ( #3998, #6504 ) ) ;
#5114 = VERTEX_POINT ( 'NONE', #2775 ) ;
#5115 = CARTESIAN_POINT ( 'NONE',  ( -1.280000000000073100, -3.500000000000000000, -0.5000000000000000000 ) ) ;
#5116 = LINE ( 'NONE', #4476, #5289 ) ;
#5117 = SHAPE_DEFINITION_REPRESENTATION ( #3633, #4592 ) ;
#5118 = EDGE_CURVE ( 'NONE', #6643, #1561, #4553, .T. ) ;
#5119 = DIRECTION ( 'NONE',  ( -1.000000000000000000, -0.0000000000000000000, 0.0000000000000000000 ) ) ;
#5120 = CARTESIAN_POINT ( 'NONE',  ( 3.008290412578037200, -7.487389316499744900, -0.4308363706940034900 ) ) ;
#5121 = CARTESIAN_POINT ( 'NONE',  ( 8.650000000000087400, -0.4999999999999997800, -2.500000000000000000 ) ) ;
#5122 = DIRECTION ( 'NONE',  ( 1.000000000000000000, -0.0000000000000000000, -0.0000000000000000000 ) ) ;
#5123 = FACE_OUTER_BOUND ( 'NONE', #3233, .T. ) ;
#5124 = EDGE_LOOP ( 'NONE', ( #4484, #1655 ) ) ;
#5125 = CARTESIAN_POINT ( 'NONE',  ( 5.000000000000000000, -1.408343819019457500E-016, -1.150000000000000800 ) ) ;
#5126 = ORIENTED_EDGE ( 'NONE', *, *, #397, .T. ) ;
#5127 = ORIENTED_EDGE ( 'NONE', *, *, #7433, .F. ) ;
#5128 = FILL_AREA_STYLE ('',( #932 ) ) ;
#5129 = AXIS2_PLACEMENT_3D ( 'NONE', #1101, #5306, #1759 ) ;
#5130 = VECTOR ( 'NONE', #3664, 1000.000000000000000 ) ;
#5131 = ORIENTED_EDGE ( 'NONE', *, *, #4211, .T. ) ;
#5132 = AXIS2_PLACEMENT_3D ( 'NONE', #1077, #1735, #5882 ) ;
#5133 = CARTESIAN_POINT ( 'NONE',  ( -4.113300884639999200, -0.09914679175000003200, -2.408610884999999900 ) ) ;
#5134 = DIRECTION ( 'NONE',  ( 1.000000000000000000, 0.0000000000000000000, 0.0000000000000000000 ) ) ;
#5135 = ORIENTED_EDGE ( 'NONE', *, *, #5975, .F. ) ;
#5136 = DIRECTION ( 'NONE',  ( 1.000000000000000000, 0.0000000000000000000, 0.0000000000000000000 ) ) ;
#5137 = EDGE_CURVE ( 'NONE', #3336, #381, #3706, .T. ) ;
#5138 = FACE_BOUND ( 'NONE', #4751, .T. ) ;
#5139 = ORIENTED_EDGE ( 'NONE', *, *, #3228, .F. ) ;
#5140 = DIRECTION ( 'NONE',  ( 0.0000000000000000000, 0.0000000000000000000, 1.000000000000000000 ) ) ;
#5141 = EDGE_CURVE ( 'NONE', #3460, #381, #3438, .T. ) ;
#5142 = LINE ( 'NONE', #3846, #5035 ) ;
#5143 = ORIENTED_EDGE ( 'NONE', *, *, #4433, .F. ) ;
#5144 = ORIENTED_EDGE ( 'NONE', *, *, #5785, .F. ) ;
#5145 = DIRECTION ( 'NONE',  ( 0.0000000000000000000, 0.0000000000000000000, -1.000000000000000000 ) ) ;
#5146 = PRODUCT_RELATED_PRODUCT_CATEGORY ( 'part', '', ( #1306 ) ) ;
#5147 = LINE ( 'NONE', #3190, #4760 ) ;
#5148 = ORIENTED_EDGE ( 'NONE', *, *, #7428, .T. ) ;
#5149 = VECTOR ( 'NONE', #822, 1000.000000000000000 ) ;
#5150 = CARTESIAN_POINT ( 'NONE',  ( 5.000000000000000000, 0.0000000000000000000, 0.0000000000000000000 ) ) ;
#5151 = AXIS2_PLACEMENT_3D ( 'NONE', #7126, #6624, #5924 ) ;
#5152 = ORIENTED_EDGE ( 'NONE', *, *, #3331, .F. ) ;
#5153 = CARTESIAN_POINT ( 'NONE',  ( 2.285425446000000100, 2.344991815000000200, 0.5125227289999998400 ) ) ;
#5154 = CARTESIAN_POINT ( 'NONE',  ( 4.599999999999999600, -4.592425496802575500E-017, 0.0000000000000000000 ) ) ;
#5155 = CARTESIAN_POINT ( 'NONE',  ( 0.8000000000000003800, 0.0000000000000000000, 0.0000000000000000000 ) ) ;
#5156 = VECTOR ( 'NONE', #3564, 1000.000000000000000 ) ;
#5157 = LINE ( 'NONE', #2609, #5034 ) ;
#5158 = CARTESIAN_POINT ( 'NONE',  ( 1.302993834102019700, -3.007006165897969700, -1.250000000000000400 ) ) ;
#5159 = CARTESIAN_POINT ( 'NONE',  ( -0.06711242999581354400, 2.155179592995510400, -1.891056179000000200 ) ) ;
#5160 = SURFACE_SIDE_STYLE ('',( #3084 ) ) ;
#5161 = ORIENTED_EDGE ( 'NONE', *, *, #6580, .F. ) ;
#5162 = VERTEX_POINT ( 'NONE', #6322 ) ;
#5163 = LINE ( 'NONE', #6200, #4312 ) ;
#5164 = EDGE_CURVE ( 'NONE', #5441, #3726, #3879, .T. ) ;
#5165 = CARTESIAN_POINT ( 'NONE',  ( 5.000000000000000000, -0.4600816869378139300, 1.054130440243623100 ) ) ;
#5166 = CARTESIAN_POINT ( 'NONE',  ( 6.550901125459059700, -0.3500000000000343900, -2.500000000000000000 ) ) ;
#5167 = VECTOR ( 'NONE', #726, 999.9999999999998900 ) ;
#5168 = VERTEX_POINT ( 'NONE', #3976 ) ;
#5169 = ADVANCED_FACE ( 'NONE', ( #3663 ), #370, .F. ) ;
#5170 = DIRECTION ( 'NONE',  ( -0.0000000000000000000, 0.0000000000000000000, -1.000000000000000000 ) ) ;
#5171 = LINE ( 'NONE', #2483, #6503 ) ;
#5172 = CARTESIAN_POINT ( 'NONE',  ( -1.500000000000000200, 0.4000000001958854400, -7.099999999904225600 ) ) ;
#5173 = DIRECTION ( 'NONE',  ( -0.9816271834635452700, -0.1908089952948423800, 0.0000000000000000000 ) ) ;
#5174 = ORIENTED_EDGE ( 'NONE', *, *, #58, .F. ) ;
#5175 = EDGE_LOOP ( 'NONE', ( #7663, #3709, #723, #3752 ) ) ;
#5176 = ORIENTED_EDGE ( 'NONE', *, *, #1470, .F. ) ;
#5177 = ORIENTED_EDGE ( 'NONE', *, *, #648, .F. ) ;
#5178 = EDGE_LOOP ( 'NONE', ( #7515, #5433, #7102, #947, #3657, #792 ) ) ;
#5179 = EDGE_CURVE ( 'NONE', #946, #1036, #3721, .T. ) ;
#5180 = CARTESIAN_POINT ( 'NONE',  ( 9.300000000000064700, -0.6500000000017959200, -2.500000000000000000 ) ) ;
#5181 = ORIENTED_EDGE ( 'NONE', *, *, #5550, .F. ) ;
#5182 = CARTESIAN_POINT ( 'NONE',  ( 1.304226210999999600, 2.192524927000000000, -0.4961319479999998800 ) ) ;
#5183 = DIRECTION ( 'NONE',  ( -1.000000000000000000, 1.156482317317871300E-015, -0.0000000000000000000 ) ) ;
#5184 = ORIENTED_EDGE ( 'NONE', *, *, #340, .T. ) ;
#5185 = CARTESIAN_POINT ( 'NONE',  ( 0.0000000000000000000, 6.500000000000002700, 9.616652222436709300 ) ) ;
#5186 = PLANE ( 'NONE',  #5262 ) ;
#5187 = CARTESIAN_POINT ( 'NONE',  ( -0.7500000000000000000, -3.500000000000000000, -0.5000000000000000000 ) ) ;
#5188 = VECTOR ( 'NONE', #284, 1000.000000000000200 ) ;
#5189 = SURFACE_STYLE_USAGE ( .BOTH. , #985 ) ;
#5190 = EDGE_LOOP ( 'NONE', ( #103, #5176, #1803, #6848 ) ) ;
#5191 = CARTESIAN_POINT ( 'NONE',  ( 1.500000000000000000, -7.161999999999992800, -0.5000000050133501800 ) ) ;
#5192 = FACE_OUTER_BOUND ( 'NONE', #4890, .T. ) ;
#5193 = VERTEX_POINT ( 'NONE', #7539 ) ;
#5194 = CARTESIAN_POINT ( 'NONE',  ( -5.105983888349999900, 0.4524464484900001000, -2.327381948000001100 ) ) ;
#5195 = DIRECTION ( 'NONE',  ( 0.0000000000000000000, 0.0000000000000000000, 1.000000000000000000 ) ) ;
#5196 = DIRECTION ( 'NONE',  ( 0.0000000000000000000, 0.0000000000000000000, 1.000000000000000000 ) ) ;
#5197 = CARTESIAN_POINT ( 'NONE',  ( -4.314609884390838700, 0.1367054623350564300, 2.392365097392383300 ) ) ;
#5198 = CARTESIAN_POINT ( 'NONE',  ( 0.1292968560000000200, 1.992487858000000300, 1.792702327000000000 ) ) ;
#5199 = AXIS2_PLACEMENT_3D ( 'NONE', #5066, #5688, #2169 ) ;
#5200 = EDGE_CURVE ( 'NONE', #1184, #2720, #3333, .T. ) ;
#5201 = CARTESIAN_POINT ( 'NONE',  ( 1.499878708363748400, -8.626311989950869100, 0.5005356623312253700 ) ) ;
#5202 = APPLICATION_CONTEXT ( 'automotive_design' ) ;
#5203 = ORIENTED_EDGE ( 'NONE', *, *, #3405, .T. ) ;
#5204 = ADVANCED_FACE ( 'NONE', ( #3494 ), #990, .F. ) ;
#5205 = CARTESIAN_POINT ( 'NONE',  ( 1.480000000000019700, -4.456579543088778900, -0.5000000000000000000 ) ) ;
#5206 = EDGE_CURVE ( 'NONE', #1354, #995, #3170, .T. ) ;
#5207 = ORIENTED_EDGE ( 'NONE', *, *, #6855, .F. ) ;
#5208 = DIRECTION ( 'NONE',  ( -1.000000000000000000, 0.0000000000000000000, -0.0000000000000000000 ) ) ;
#5209 = CARTESIAN_POINT ( 'NONE',  ( -3.039220084016470900, 0.2482876156257676200, -2.497991429999999900 ) ) ;
#5210 = CARTESIAN_POINT ( 'NONE',  ( 2.159238189976056000, 2.228778995170796100, 0.6493351035734288300 ) ) ;
#5211 = DIRECTION ( 'NONE',  ( -1.850848881167519900E-016, 1.850848880977673600E-016, -1.000000000000000000 ) ) ;
#5212 = FACE_OUTER_BOUND ( 'NONE', #5102, .T. ) ;
#5213 = CARTESIAN_POINT ( 'NONE',  ( -4.354457450999999100, -0.09582523000000003900, -2.392365097999999500 ) ) ;
#5214 = SURFACE_STYLE_USAGE ( .BOTH. , #1015 ) ;
#5215 = VERTEX_POINT ( 'NONE', #6379 ) ;
#5216 = VECTOR ( 'NONE', #69, 999.9999999999998900 ) ;
#5217 = ORIENTED_EDGE ( 'NONE', *, *, #1799, .T. ) ;
#5218 = CARTESIAN_POINT ( 'NONE',  ( -4.626322155711607200, 1.542748657334178400, 2.229907223422862300 ) ) ;
#5219 = CARTESIAN_POINT ( 'NONE',  ( 0.1748265084600000000, 2.265967327530000700, 1.800693304190000000 ) ) ;
#5220 = EDGE_CURVE ( 'NONE', #3636, #1753, #6122, .T. ) ;
#5221 = DIRECTION ( 'NONE',  ( -0.0000000000000000000, 0.0000000000000000000, 1.000000000000000000 ) ) ;
#5222 = ORIENTED_EDGE ( 'NONE', *, *, #4348, .T. ) ;
#5223 = MANIFOLD_SOLID_BREP ( '?D3y-à-éì1', #2028 ) ;
#5224 = ORIENTED_EDGE ( 'NONE', *, *, #1387, .T. ) ;
#5225 = VECTOR ( 'NONE', #411, 1000.000000000000000 ) ;
#5226 = DIRECTION ( 'NONE',  ( 1.000000000000000000, 0.0000000000000000000, -0.0000000000000000000 ) ) ;
#5227 = APPLICATION_PROTOCOL_DEFINITION ( 'draft international standard', 'automotive_design', 1998, #1027 ) ;
#5228 = DIRECTION ( 'NONE',  ( 1.000000000000000000, 0.0000000000000000000, 0.0000000000000000000 ) ) ;
#5229 = ORIENTED_EDGE ( 'NONE', *, *, #6494, .F. ) ;
#5230 = CARTESIAN_POINT ( 'NONE',  ( 6.872294930302236300, -0.7330222215594896000, -2.500000000000000000 ) ) ;
#5231 = ORIENTED_EDGE ( 'NONE', *, *, #1549, .T. ) ;
#5232 = CARTESIAN_POINT ( 'NONE',  ( 4.599999999999997900, -1.150000000000000800, 1.408343819019457300E-016 ) ) ;
#5233 = CARTESIAN_POINT ( 'NONE',  ( -3.700000000000000200, 0.1499999995984500100, -1.399999999999999900 ) ) ;
#5234 = CARTESIAN_POINT ( 'NONE',  ( 2.226274658000000400, 2.649296242000000600, 0.3500000000000000300 ) ) ;
#5235 = FACE_OUTER_BOUND ( 'NONE', #5294, .T. ) ;
#5236 = VERTEX_POINT ( 'NONE', #7565 ) ;
#5237 = CARTESIAN_POINT ( 'NONE',  ( 1.180000000000000400, -1.457986928011507200, -1.250000000000000000 ) ) ;
#5238 = ORIENTED_EDGE ( 'NONE', *, *, #3241, .F. ) ;
#5239 = AXIS2_PLACEMENT_3D ( 'NONE', #2429, #3003, #7116 ) ;
#5240 = ORIENTED_EDGE ( 'NONE', *, *, #1813, .F. ) ;
#5241 = CARTESIAN_POINT ( 'NONE',  ( -4.500000000000002700, 4.500000000000002700, -9.950000001533332700 ) ) ;
#5242 = LINE ( 'NONE', #6166, #5149 ) ;
#5243 = AXIS2_PLACEMENT_3D ( 'NONE', #3930, #326, #4497 ) ;
#5244 = CARTESIAN_POINT ( 'NONE',  ( -4.760708033000000200, 1.736652725000000100, -2.229907224000000200 ) ) ;
#5245 = ADVANCED_FACE ( 'NONE', ( #7645 ), #416, .F. ) ;
#5246 = CARTESIAN_POINT ( 'NONE',  ( 0.0000000000000000000, 6.500000000000002700, 0.0000000000000000000 ) ) ;
#5247 = ORIENTED_EDGE ( 'NONE', *, *, #3792, .F. ) ;
#5248 = CARTESIAN_POINT ( 'NONE',  ( 4.000000000000000000, 10.50000000000000000, -3.299999999999999800 ) ) ;
#5249 = EDGE_CURVE ( 'NONE', #3086, #4095, #1012, .T. ) ;
#5250 = VECTOR ( 'NONE', #1779, 1000.000000000000100 ) ;
#5251 = DIRECTION ( 'NONE',  ( 0.0000000000000000000, -1.000000000000000000, -4.336808689942013800E-016 ) ) ;
#5252 = EDGE_CURVE ( 'NONE', #6832, #207, #557, .T. ) ;
#5253 = CARTESIAN_POINT ( 'NONE',  ( -1.333333617126175600E-009, 0.0000000000000000000, -2.474999999999999600 ) ) ;
#5254 = CONICAL_SURFACE ( 'NONE', #37, 0.7499999998685780200, 1.050215493078114700 ) ;
#5255 = FACE_OUTER_BOUND ( 'NONE', #4457, .T. ) ;
#5256 =( REPRESENTATION_RELATIONSHIP ('NONE','NONE', #4592, #450 ) REPRESENTATION_RELATIONSHIP_WITH_TRANSFORMATION ( #5055 )SHAPE_REPRESENTATION_RELATIONSHIP( ) );
#5257 = VERTEX_POINT ( 'NONE', #2982 ) ;
#5258 = DIRECTION ( 'NONE',  ( 0.0000000000000000000, -0.0000000000000000000, -1.000000000000000000 ) ) ;
#5259 = CARTESIAN_POINT ( 'NONE',  ( -7.499998885829306500E-010, 0.2500000000000000000, -3.500000000000000000 ) ) ;
#5260 = PLANE ( 'NONE',  #5878 ) ;
#5261 = DIRECTION ( 'NONE',  ( 0.0000000000000000000, 0.0000000000000000000, 1.000000000000000000 ) ) ;
#5262 = AXIS2_PLACEMENT_3D ( 'NONE', #4423, #3856, #3571 ) ;
#5263 = VERTEX_POINT ( 'NONE', #6496 ) ;
#5264 = CIRCLE ( 'NONE', #1004, 0.3999999999999904200 ) ;
#5265 = CARTESIAN_POINT ( 'NONE',  ( 1.026482917000000100, 2.008593675000000200, 0.6500000000000001300 ) ) ;
#5266 = DIRECTION ( 'NONE',  ( 0.0000000000000000000, 0.0000000000000000000, 1.000000000000000000 ) ) ;
#5267 = CARTESIAN_POINT ( 'NONE',  ( 0.0000000000000000000, 6.500000000000002700, -9.500000000000000000 ) ) ;
#5268 = DIRECTION ( 'NONE',  ( -1.000000000000000000, 0.0000000000000000000, 0.0000000000000000000 ) ) ;
#5269 = ORIENTED_EDGE ( 'NONE', *, *, #5528, .F. ) ;
#5270 = CARTESIAN_POINT ( 'NONE',  ( 5.000000000000000900, 4.030266345676414900E-031, 0.0000000000000000000 ) ) ;
#5271 = ORIENTED_EDGE ( 'NONE', *, *, #4788, .T. ) ;
#5272 = LINE ( 'NONE', #3587, #1089 ) ;
#5273 = ORIENTED_EDGE ( 'NONE', *, *, #1638, .F. ) ;
#5274 = EDGE_CURVE ( 'NONE', #982, #4938, #3361, .T. ) ;
#5275 = CARTESIAN_POINT ( 'NONE',  ( -4.955865156999999900, 0.9164481030000000100, -2.294890372999999900 ) ) ;
#5276 = CARTESIAN_POINT ( 'NONE',  ( 1.575000000000000000, 3.149999999999999900, -2.299999999999999800 ) ) ;
#5277 = ORIENTED_EDGE ( 'NONE', *, *, #491, .T. ) ;
#5278 = CARTESIAN_POINT ( 'NONE',  ( 6.550901125459059700, -0.3500000000000343900, -0.5000000000000000000 ) ) ;
#5279 = EDGE_CURVE ( 'NONE', #5527, #7516, #1203, .T. ) ;
#5280 = CARTESIAN_POINT ( 'NONE',  ( -3.000000000008972800, 5.000000251071529100E-010, 2.499999999129999900 ) ) ;
#5281 = CARTESIAN_POINT ( 'NONE',  ( 0.6036000000000001400, -0.3500000000000000300, -1.250000000000000000 ) ) ;
#5282 = DIRECTION ( 'NONE',  ( -1.000000000000000000, 0.0000000000000000000, -0.0000000000000000000 ) ) ;
#5283 = ADVANCED_FACE ( 'NONE', ( #7658 ), #5950, .T. ) ;
#5284 = CARTESIAN_POINT ( 'NONE',  ( 8.800000000000089500, -6.779999999999970900, -2.500000000000000000 ) ) ;
#5285 = LINE ( 'NONE', #7267, #4470 ) ;
#5286 = AXIS2_PLACEMENT_3D ( 'NONE', #4854, #5460, #87 ) ;
#5287 = CARTESIAN_POINT ( 'NONE',  ( -3.000000000000000000, 0.0000000000000000000, -3.500000000000000000 ) ) ;
#5288 = DIRECTION ( 'NONE',  ( 0.0000000000000000000, 0.0000000000000000000, -1.000000000000000000 ) ) ;
#5289 = VECTOR ( 'NONE', #4570, 1000.000000000000000 ) ;
#5290 = FACE_OUTER_BOUND ( 'NONE', #5444, .T. ) ;
#5291 = ORIENTED_EDGE ( 'NONE', *, *, #4568, .F. ) ;
#5292 = AXIS2_PLACEMENT_3D ( 'NONE', #3264, #3850, #249 ) ;
#5293 = EDGE_LOOP ( 'NONE', ( #1441, #1517, #2222, #2851 ) ) ;
#5294 = EDGE_LOOP ( 'NONE', ( #344, #3096, #131, #4567, #1131 ) ) ;
#5295 = DIRECTION ( 'NONE',  ( 0.0000000000000000000, 1.000000000000000000, 0.0000000000000000000 ) ) ;
#5296 = CARTESIAN_POINT ( 'NONE',  ( -4.714994167968702000, 0.3497761076635003100, -2.351750628999999200 ) ) ;
#5297 = ORIENTED_EDGE ( 'NONE', *, *, #6666, .F. ) ;
#5298 = CIRCLE ( 'NONE', #1882, 0.5300000000000003600 ) ;
#5299 = CIRCLE ( 'NONE', #5337, 1.700000000000000200 ) ;
#5300 = CARTESIAN_POINT ( 'NONE',  ( 1.396380774790442000, -9.155069627123566500, 0.3881447541302605100 ) ) ;
#5301 = CARTESIAN_POINT ( 'NONE',  ( -0.6187968430000001500, 3.048976715000000200, -1.887103554999999900 ) ) ;
#5302 = AXIS2_PLACEMENT_3D ( 'NONE', #3382, #7520, #3982 ) ;
#5303 = CARTESIAN_POINT ( 'NONE',  ( -3.005817774000000100, 2.000000000000001400E-009, 2.499330381000000000 ) ) ;
#5304 = ORIENTED_EDGE ( 'NONE', *, *, #6116, .T. ) ;
#5305 = AXIS2_PLACEMENT_3D ( 'NONE', #3497, #4040, #1503 ) ;
#5306 = DIRECTION ( 'NONE',  ( 0.0000000000000000000, -1.807003620809174100E-016, -1.000000000000000000 ) ) ;
#5307 = EDGE_CURVE ( 'NONE', #4572, #4120, #7647, .T. ) ;
#5308 = FACE_OUTER_BOUND ( 'NONE', #4966, .T. ) ;
#5309 = CARTESIAN_POINT ( 'NONE',  ( -6.325000000000000200, 0.0000000000000000000, 0.0000000000000000000 ) ) ;
#5310 = EDGE_LOOP ( 'NONE', ( #352, #1286, #5604, #1545, #2387 ) ) ;
#5311 = EDGE_LOOP ( 'NONE', ( #3915, #4839, #5595, #6521, #3007, #3746, #4126, #5105 ) ) ;
#5312 = EDGE_CURVE ( 'NONE', #6272, #3817, #7559, .T. ) ;
#5313 = PLANE ( 'NONE',  #7451 ) ;
#5314 = VECTOR ( 'NONE', #1845, 1000.000000000000000 ) ;
#5315 = VERTEX_POINT ( 'NONE', #4742 ) ;
#5316 = CARTESIAN_POINT ( 'NONE',  ( 0.8421720712301092900, -0.01900000000000000000, -2.882022329970921300 ) ) ;
#5317 = CARTESIAN_POINT ( 'NONE',  ( -5.137451887160000100, 1.276266980780000000, 2.270521692000000400 ) ) ;
#5318 = CARTESIAN_POINT ( 'NONE',  ( 4.600000000000001400, 1.150000000000000800, 0.0000000000000000000 ) ) ;
#5319 = LINE ( 'NONE', #6612, #5352 ) ;
#5320 = ORIENTED_EDGE ( 'NONE', *, *, #4477, .F. ) ;
#5321 = DIRECTION ( 'NONE',  ( -0.0000000000000000000, -1.000000000000000000, 0.0000000000000000000 ) ) ;
#5322 = EDGE_LOOP ( 'NONE', ( #4033, #2582, #1826, #3651 ) ) ;
#5323 = LINE ( 'NONE', #5316, #7542 ) ;
#5324 = DIRECTION ( 'NONE',  ( 0.0000000000000000000, 0.0000000000000000000, 1.000000000000000000 ) ) ;
#5325 = VERTEX_POINT ( 'NONE', #3024 ) ;
#5326 = ADVANCED_FACE ( 'NONE', ( #7462 ), #578, .T. ) ;
#5327 = ORIENTED_EDGE ( 'NONE', *, *, #4568, .T. ) ;
#5328 = FACE_OUTER_BOUND ( 'NONE', #2631, .T. ) ;
#5329 = ORIENTED_EDGE ( 'NONE', *, *, #2952, .T. ) ;
#5330 = DIRECTION ( 'NONE',  ( 0.0000000000000000000, 0.0000000000000000000, 1.000000000000000000 ) ) ;
#5331 = ORIENTED_EDGE ( 'NONE', *, *, #1893, .T. ) ;
#5332 = EDGE_CURVE ( 'NONE', #5919, #4008, #7609, .T. ) ;
#5333 = CARTESIAN_POINT ( 'NONE',  ( 2.273976906932738500, 2.403889446515878000, 0.4208712150000003500 ) ) ;
#5334 = ORIENTED_EDGE ( 'NONE', *, *, #970, .T. ) ;
#5335 = ORIENTED_EDGE ( 'NONE', *, *, #7377, .F. ) ;
#5336 = CARTESIAN_POINT ( 'NONE',  ( 1.194644752127112600, -3.466853515899580400, -1.250000000000000400 ) ) ;
#5337 = AXIS2_PLACEMENT_3D ( 'NONE', #3536, #7684, #4138 ) ;
#5338 = CIRCLE ( 'NONE', #485, 0.5000000000000004400 ) ;
#5339 = CARTESIAN_POINT ( 'NONE',  ( 7.150000000000093600, -0.4999999999999997800, -2.500000000000000000 ) ) ;
#5340 = CIRCLE ( 'NONE', #1223, 0.5000000000000004400 ) ;
#5341 = ORIENTED_EDGE ( 'NONE', *, *, #1399, .T. ) ;
#5342 = DIRECTION ( 'NONE',  ( 1.000000000000000000, -0.0000000000000000000, -0.0000000000000000000 ) ) ;
#5343 = CARTESIAN_POINT ( 'NONE',  ( -1.498793337151581400, -8.719731370345297000, 0.5005356623312253700 ) ) ;
#5344 = VERTEX_POINT ( 'NONE', #5407 ) ;
#5345 = PLANE ( 'NONE',  #7427 ) ;
#5346 = CARTESIAN_POINT ( 'NONE',  ( -4.542694660999999600, 1.839231019999999900, 2.213661436000001100 ) ) ;
#5347 = CARTESIAN_POINT ( 'NONE',  ( 0.6500000000000001300, -1.600000000000000500, 1.250000000000000000 ) ) ;
#5348 = DIRECTION ( 'NONE',  ( -1.000000000000000000, -2.431951964360947700E-016, 0.0000000000000000000 ) ) ;
#5349 = CARTESIAN_POINT ( 'NONE',  ( 6.133787368051004700, 0.0000000000000000000, -0.5000000000000000000 ) ) ;
#5350 = DIRECTION ( 'NONE',  ( -0.0000000000000000000, -1.000000000000000000, 0.0000000000000000000 ) ) ;
#5351 = ADVANCED_FACE ( 'NONE', ( #7422 ), #7239, .F. ) ;
#5352 = VECTOR ( 'NONE', #6059, 1000.000000000000000 ) ;
#5353 = CARTESIAN_POINT ( 'NONE',  ( 0.6000000000000000900, -0.3500000000358927700, 1.250000000750000100 ) ) ;
#5354 = ORIENTED_EDGE ( 'NONE', *, *, #4308, .F. ) ;
#5355 = DIRECTION ( 'NONE',  ( 0.0000000000000000000, -0.0000000000000000000, 1.000000000000000000 ) ) ;
#5356 = AXIS2_PLACEMENT_3D ( 'NONE', #1260, #5462, #1923 ) ;
#5357 = ORIENTED_EDGE ( 'NONE', *, *, #79, .F. ) ;
#5358 = DIRECTION ( 'NONE',  ( 0.0000000000000000000, 0.0000000000000000000, 1.000000000000000000 ) ) ;
#5359 = EDGE_CURVE ( 'NONE', #725, #4366, #7284, .T. ) ;
#5360 = DIRECTION ( 'NONE',  ( -1.000000000000000000, 0.0000000000000000000, 0.0000000000000000000 ) ) ;
#5361 = ORIENTED_EDGE ( 'NONE', *, *, #968, .F. ) ;
#5362 = LINE ( 'NONE', #6125, #5167 ) ;
#5363 = CARTESIAN_POINT ( 'NONE',  ( 0.0000000000000000000, 0.0000000000000000000, -1.040949779275250400E-016 ) ) ;
#5364 = VERTEX_POINT ( 'NONE', #3620 ) ;
#5365 = DIRECTION ( 'NONE',  ( -0.0000000000000000000, -1.000000000000000000, 0.0000000000000000000 ) ) ;
#5366 = ORIENTED_EDGE ( 'NONE', *, *, #6954, .T. ) ;
#5367 = CARTESIAN_POINT ( 'NONE',  ( 3.109248960358342600, -8.626311989950869100, -0.7994643434423173200 ) ) ;
#5368 = ORIENTED_EDGE ( 'NONE', *, *, #4285, .F. ) ;
#5369 = CARTESIAN_POINT ( 'NONE',  ( 4.026241727636271000, 10.69978810778219500, -2.018089345782988400E-015 ) ) ;
#5370 = ADVANCED_FACE ( 'NONE', ( #7192 ), #3047, .T. ) ;
#5371 = CARTESIAN_POINT ( 'NONE',  ( -4.200000000000000200, 0.5000000000000000000, -0.3000000000000000400 ) ) ;
#5372 = VERTEX_POINT ( 'NONE', #623 ) ;
#5373 = VERTEX_POINT ( 'NONE', #1886 ) ;
#5374 = ORIENTED_EDGE ( 'NONE', *, *, #530, .T. ) ;
#5375 = CARTESIAN_POINT ( 'NONE',  ( -4.695217760999999400, 0.02214172500000000400, 2.367996417000001400 ) ) ;
#5376 = ORIENTED_EDGE ( 'NONE', *, *, #1899, .F. ) ;
#5377 = DIRECTION ( 'NONE',  ( -2.431951964360947700E-016, 1.000000000000000000, 0.0000000000000000000 ) ) ;
#5378 = CARTESIAN_POINT ( 'NONE',  ( 0.0000000000000000000, 6.500000000000002700, -3.300000000000000700 ) ) ;
#5379 = B_SPLINE_CURVE_WITH_KNOTS ( 'NONE', 3,
 ( #6966, #641, #1856, #6661, #6641, #6570 ),
 .UNSPECIFIED., .F., .F.,
 ( 4, 2, 4 ),
 ( 0.0000000000000000000, 0.5000000000000000000, 1.000000000000000000 ),
 .UNSPECIFIED. ) ;
#5380 = CARTESIAN_POINT ( 'NONE',  ( -4.500000000000002700, 0.5000000000000000000, -12.00000000000000000 ) ) ;
#5381 = VECTOR ( 'NONE', #6146, 1000.000000000000000 ) ;
#5382 = ORIENTED_EDGE ( 'NONE', *, *, #5858, .T. ) ;
#5383 = EDGE_LOOP ( 'NONE', ( #1445, #3547, #1002, #5139 ) ) ;
#5384 = EDGE_CURVE ( 'NONE', #2924, #3714, #7178, .T. ) ;
#5385 = CARTESIAN_POINT ( 'NONE',  ( -1.192528577736237300, 3.058591754914018200, -1.924045491051574300 ) ) ;
#5386 = CARTESIAN_POINT ( 'NONE',  ( 5.000000000000000000, 1.054130480652912100, 0.4600816466005996900 ) ) ;
#5387 = CARTESIAN_POINT ( 'NONE',  ( 4.500000000000002700, 0.5000000000000000000, -0.3000000000000000400 ) ) ;
#5388 = FACE_OUTER_BOUND ( 'NONE', #4670, .T. ) ;
#5389 = PRESENTATION_STYLE_ASSIGNMENT (( #320 ) ) ;
#5390 = ADVANCED_FACE ( 'NONE', ( #7078, #7381, #7086 ), #7199, .F. ) ;
#5391 = DIRECTION ( 'NONE',  ( 0.0000000000000000000, 0.0000000000000000000, 1.000000000000000000 ) ) ;
#5392 = ADVANCED_FACE ( 'NONE', ( #7276 ), #6870, .F. ) ;
#5393 = VECTOR ( 'NONE', #5925, 1000.000000000000000 ) ;
#5394 = DIRECTION ( 'NONE',  ( 0.0000000000000000000, 0.0000000000000000000, -1.000000000000000000 ) ) ;
#5395 = CARTESIAN_POINT ( 'NONE',  ( 1.882705144003410400, 2.582513093930066000, 0.0000000000000000000 ) ) ;
#5396 = MANIFOLD_SOLID_BREP ( '?2??1', #7252 ) ;
#5397 = SURFACE_STYLE_FILL_AREA ( #7469 ) ;
#5398 = ORIENTED_EDGE ( 'NONE', *, *, #6951, .T. ) ;
#5399 = CARTESIAN_POINT ( 'NONE',  ( 4.153391502295115800, 10.62869698047638200, -4.338977569295229800E-008 ) ) ;
#5400 = PLANE ( 'NONE',  #7115 ) ;
#5401 = AXIS2_PLACEMENT_3D ( 'NONE', #4964, #1404, #5589 ) ;
#5402 = CARTESIAN_POINT ( 'NONE',  ( 0.9262027371683481100, -3.332917394539888000, -1.249375141688955800 ) ) ;
#5403 = CARTESIAN_POINT ( 'NONE',  ( -4.952374692000000200, 0.8250690190000004000, 2.303013267000000300 ) ) ;
#5404 = ORIENTED_EDGE ( 'NONE', *, *, #5359, .T. ) ;
#5405 = PLANE ( 'NONE',  #4852 ) ;
#5406 = COLOUR_RGB ( '',0.2509803921568627400, 0.2509803921568627400, 0.2509803921568627400 ) ;
#5407 = CARTESIAN_POINT ( 'NONE',  ( 3.500000000000000000, 1.000000000020507800, -12.00000000000000000 ) ) ;
#5408 = ORIENTED_EDGE ( 'NONE', *, *, #5409, .F. ) ;
#5409 = EDGE_CURVE ( 'NONE', #7344, #7151, #7036, .T. ) ;
#5410 = EDGE_CURVE ( 'NONE', #2014, #7132, #6879, .T. ) ;
#5411 = FACE_OUTER_BOUND ( 'NONE', #3933, .T. ) ;
#5412 = EDGE_CURVE ( 'NONE', #3813, #1739, #6446, .T. ) ;
#5413 = CARTESIAN_POINT ( 'NONE',  ( -1.500000000000000000, 0.0000000000000000000, -12.00000000000000000 ) ) ;
#5414 = CARTESIAN_POINT ( 'NONE',  ( 2.254896007198371700, 2.502052165038560500, 0.3500000000000000300 ) ) ;
#5415 = ORIENTED_EDGE ( 'NONE', *, *, #6553, .T. ) ;
#5416 = LINE ( 'NONE', #231, #333 ) ;
#5417 = CARTESIAN_POINT ( 'NONE',  ( 6.550901125459059700, -0.3500000000000343900, -2.500000000000000000 ) ) ;
#5418 = CARTESIAN_POINT ( 'NONE',  ( 0.0000000000000000000, 0.2500000000000000000, 2.475000000083333000 ) ) ;
#5419 = ORIENTED_EDGE ( 'NONE', *, *, #3950, .F. ) ;
#5420 = CYLINDRICAL_SURFACE ( 'NONE', #3462, 0.7500000082913591500 ) ;
#5421 = LINE ( 'NONE', #4902, #2751 ) ;
#5422 = PLANE ( 'NONE',  #358 ) ;
#5423 = PLANE ( 'NONE',  #510 ) ;
#5424 = CARTESIAN_POINT ( 'NONE',  ( 5.000000000000000000, 0.0000000000000000000, 0.0000000000000000000 ) ) ;
#5425 = VERTEX_POINT ( 'NONE', #4283 ) ;
#5426 = CARTESIAN_POINT ( 'NONE',  ( 0.4814028460000000500, 2.666678362999999500, -1.830396426000000100 ) ) ;
#5427 = CARTESIAN_POINT ( 'NONE',  ( -4.755433560095299100, 1.408464402904100000, 2.246153011000000100 ) ) ;
#5428 = CIRCLE ( 'NONE', #7181, 0.1000000000000002600 ) ;
#5429 = EDGE_CURVE ( 'NONE', #3613, #5257, #6359, .T. ) ;
#5430 = PLANE ( 'NONE',  #1529 ) ;
#5431 = CARTESIAN_POINT ( 'NONE',  ( -1.680000000000063700, -3.500000000000000000, -0.5000000000000000000 ) ) ;
#5432 = ADVANCED_FACE ( 'NONE', ( #6345 ), #1277, .T. ) ;
#5433 = ORIENTED_EDGE ( 'NONE', *, *, #1119, .T. ) ;
#5434 = ADVANCED_FACE ( 'NONE', ( #6304 ), #6172, .T. ) ;
#5435 = VERTEX_POINT ( 'NONE', #4310 ) ;
#5436 = LINE ( 'NONE', #99, #5314 ) ;
#5437 = VECTOR ( 'NONE', #1998, 1000.000000000000000 ) ;
#5438 = EDGE_LOOP ( 'NONE', ( #2198, #3280, #7535, #195, #1633, #1768, #2046, #2178 ) ) ;
#5439 = ORIENTED_EDGE ( 'NONE', *, *, #3769, .F. ) ;
#5440 = DIRECTION ( 'NONE',  ( -0.0000000000000000000, -1.000000000000000000, 0.0000000000000000000 ) ) ;
#5441 = VERTEX_POINT ( 'NONE', #4896 ) ;
#5442 = EDGE_CURVE ( 'NONE', #7582, #3452, #6975, .T. ) ;
#5443 = CIRCLE ( 'NONE', #815, 0.2999999999999999300 ) ;
#5444 = EDGE_LOOP ( 'NONE', ( #3366, #6408, #7157, #6588 ) ) ;
#5445 = DIRECTION ( 'NONE',  ( -1.000000000000000000, 0.0000000000000000000, 0.0000000000000000000 ) ) ;
#5446 = DIRECTION ( 'NONE',  ( 0.0000000000000000000, -0.0000000000000000000, -1.000000000000000000 ) ) ;
#5447 = AXIS2_PLACEMENT_3D ( 'NONE', #2934, #529, #4689 ) ;
#5448 = LINE ( 'NONE', #454, #5250 ) ;
#5449 = DIRECTION ( 'NONE',  ( 9.962174560774483700E-017, -0.4067366430758052000, 0.9135454576425986500 ) ) ;
#5450 = CARTESIAN_POINT ( 'NONE',  ( -1.480000000000245600, -1.559519156663134800, -0.5000000000000000000 ) ) ;
#5451 = DIRECTION ( 'NONE',  ( 0.4973841126393425700, 0.0000000000000000000, -0.8675304285694962500 ) ) ;
#5452 = CARTESIAN_POINT ( 'NONE',  ( 3.700000000000000200, 3.149999999999999900, -2.299999999999999800 ) ) ;
#5453 = CARTESIAN_POINT ( 'NONE',  ( -4.224888338220798900, 0.1470897252894000400, 2.400486965040399900 ) ) ;
#5454 = CARTESIAN_POINT ( 'NONE',  ( 0.0000000000000000000, 6.500000000000002700, -12.00000000000000000 ) ) ;
#5455 = CARTESIAN_POINT ( 'NONE',  ( 5.099999999999999600, 0.2500000000000000000, -3.500000000000000000 ) ) ;
#5456 = LINE ( 'NONE', #3147, #5437 ) ;
#5457 = CARTESIAN_POINT ( 'NONE',  ( -4.131772649313109700, 10.65065810029062700, -2.527833056126568600E-008 ) ) ;
#5458 = CARTESIAN_POINT ( 'NONE',  ( 0.0000000000000000000, 0.0000000000000000000, 0.0000000000000000000 ) ) ;
#5459 = MECHANICAL_DESIGN_GEOMETRIC_PRESENTATION_REPRESENTATION (  '', ( #4608 ), #5850 ) ;
#5460 = DIRECTION ( 'NONE',  ( 0.8948067165292168400, -0.4464537378656401300, 0.0000000000000000000 ) ) ;
#5461 = ORIENTED_EDGE ( 'NONE', *, *, #7122, .T. ) ;
#5462 = DIRECTION ( 'NONE',  ( 0.0000000000000000000, 0.0000000000000000000, 1.000000000000000000 ) ) ;
#5463 = ORIENTED_EDGE ( 'NONE', *, *, #3045, .F. ) ;
#5464 = EDGE_CURVE ( 'NONE', #2702, #3255, #6177, .T. ) ;
#5465 = FACE_OUTER_BOUND ( 'NONE', #464, .T. ) ;
#5466 = CARTESIAN_POINT ( 'NONE',  ( 0.0000000000000000000, 0.0000000000000000000, -0.5000000000000000000 ) ) ;
#5467 = EDGE_LOOP ( 'NONE', ( #6900, #7472, #791, #1979 ) ) ;
#5468 = ADVANCED_FACE ( 'NONE', ( #6092 ), #2587, .T. ) ;
#5469 = EDGE_CURVE ( 'NONE', #5817, #5552, #6048, .T. ) ;
#5470 = DIRECTION ( 'NONE',  ( -1.923461390163083400E-010, -1.000000000000000000, 0.0000000000000000000 ) ) ;
#5471 = ADVANCED_FACE ( 'NONE', ( #6263 ), #5893, .F. ) ;
#5472 = ORIENTED_EDGE ( 'NONE', *, *, #2654, .T. ) ;
#5473 = ORIENTED_EDGE ( 'NONE', *, *, #7125, .F. ) ;
#5474 = CARTESIAN_POINT ( 'NONE',  ( 4.599999999999998800, -0.7500000000000000000, 1.165956399666337500E-016 ) ) ;
#5475 = DIRECTION ( 'NONE',  ( -0.0000000000000000000, -0.0000000000000000000, 1.000000000000000000 ) ) ;
#5476 = DIRECTION ( 'NONE',  ( -1.000000000000000000, 0.0000000000000000000, -0.0000000000000000000 ) ) ;
#5477 = VECTOR ( 'NONE', #5440, 1000.000000000000000 ) ;
#5478 = CARTESIAN_POINT ( 'NONE',  ( 0.9320838304849038400, -3.321130189385447000, -1.249791814578857800 ) ) ;
#5479 = CARTESIAN_POINT ( 'NONE',  ( -7.500000000000000000, 0.0000000000000000000, 7.194799944990699600E-017 ) ) ;
#5480 = ORIENTED_EDGE ( 'NONE', *, *, #4306, .F. ) ;
#5481 = CARTESIAN_POINT ( 'NONE',  ( 0.0000000000000000000, 6.500000000000002700, -0.5999999999999998700 ) ) ;
#5482 = B_SPLINE_CURVE_WITH_KNOTS ( 'NONE', 3,
 ( #1537, #160, #6650, #5005, #705, #2658 ),
 .UNSPECIFIED., .F., .F.,
 ( 4, 2, 4 ),
 ( 0.0000000000000000000, 0.5000000000000000000, 1.000000000000000000 ),
 .UNSPECIFIED. ) ;
#5483 = ORIENTED_EDGE ( 'NONE', *, *, #5464, .F. ) ;
#5484 = EDGE_CURVE ( 'NONE', #2720, #6332, #6002, .T. ) ;
#5485 = FACE_OUTER_BOUND ( 'NONE', #3812, .T. ) ;
#5486 = DIRECTION ( 'NONE',  ( -1.000000000000000000, -1.734163393375838900E-018, 1.943176853288052200E-036 ) ) ;
#5487 = CARTESIAN_POINT ( 'NONE',  ( 0.7500000000000000000, -3.500000000000000000, -0.5000000000000000000 ) ) ;
#5488 = CARTESIAN_POINT ( 'NONE',  ( 0.6500000000000001300, -1.600000000000000500, -1.250000000000000400 ) ) ;
#5489 = CYLINDRICAL_SURFACE ( 'NONE', #2533, 0.8421720712301092900 ) ;
#5490 = CARTESIAN_POINT ( 'NONE',  ( 0.6500000000000001300, -1.457986928011507600, -1.250000000000000200 ) ) ;
#5491 = AXIS2_PLACEMENT_3D ( 'NONE', #7047, #3513, #7662 ) ;
#5492 = EDGE_LOOP ( 'NONE', ( #2739, #7303, #2242, #888 ) ) ;
#5493 = CARTESIAN_POINT ( 'NONE',  ( -7.500000000000000000, 0.0000000000000000000, 0.0000000000000000000 ) ) ;
#5494 = CARTESIAN_POINT ( 'NONE',  ( 4.500000000000002700, 6.500000000000001800, -12.00000000000000000 ) ) ;
#5495 = PLANE ( 'NONE',  #2252 ) ;
#5496 = VERTEX_POINT ( 'NONE', #6709 ) ;
#5497 = AXIS2_PLACEMENT_3D ( 'NONE', #4375, #797, #4976 ) ;
#5498 = CARTESIAN_POINT ( 'NONE',  ( 1.147155192000000300, 2.032049988999998600, -0.5885345699999999800 ) ) ;
#5499 = LINE ( 'NONE', #3094, #5598 ) ;
#5500 = AXIS2_PLACEMENT_3D ( 'NONE', #4532, #969, #5173 ) ;
#5501 = CARTESIAN_POINT ( 'NONE',  ( 0.2729938341020197700, -3.007006165897969700, 1.250000000000000000 ) ) ;
#5502 = ADVANCED_FACE ( 'NONE', ( #6007 ), #720, .F. ) ;
#5503 = CIRCLE ( 'NONE', #6585, 0.3999999999999904200 ) ;
#5504 = EDGE_CURVE ( 'NONE', #1176, #2514, #5807, .T. ) ;
#5505 = EDGE_CURVE ( 'NONE', #3329, #1648, #5904, .T. ) ;
#5506 = CARTESIAN_POINT ( 'NONE',  ( 3.799999999955616700, 1.084202172485504400E-016, 0.0000000000000000000 ) ) ;
#5507 = CARTESIAN_POINT ( 'NONE',  ( 1.211609546971308600, -3.431153007889476700, -1.250000000000002200 ) ) ;
#5508 = DIRECTION ( 'NONE',  ( -0.0000000000000000000, 0.0000000000000000000, -1.000000000000000000 ) ) ;
#5509 = ORIENTED_EDGE ( 'NONE', *, *, #5646, .T. ) ;
#5510 = VECTOR ( 'NONE', #6545, 1000.000000000000000 ) ;
#5511 = VERTEX_POINT ( 'NONE', #3793 ) ;
#5512 = CARTESIAN_POINT ( 'NONE',  ( -2.499999999999999600, 0.0000000000000000000, 3.500000000000000000 ) ) ;
#5513 = VERTEX_POINT ( 'NONE', #1416 ) ;
#5514 = PRODUCT_DEFINITION_SHAPE ( 'NONE', 'NONE',  #1127 ) ;
#5515 = DIRECTION ( 'NONE',  ( 0.0000000000000000000, 0.0000000000000000000, 1.000000000000000000 ) ) ;
#5516 = AXIS2_PLACEMENT_3D ( 'NONE', #1709, #305, #6827 ) ;
#5517 = CARTESIAN_POINT ( 'NONE',  ( 4.749999999999999100, 0.0000000000000000000, 0.0000000000000000000 ) ) ;
#5518 = ORIENTED_EDGE ( 'NONE', *, *, #7584, .T. ) ;
#5519 = LINE ( 'NONE', #4649, #5130 ) ;
#5520 = ORIENTED_EDGE ( 'NONE', *, *, #4335, .F. ) ;
#5521 = DIRECTION ( 'NONE',  ( 0.0000000000000000000, 0.0000000000000000000, -1.000000000000000000 ) ) ;
#5522 = DIRECTION ( 'NONE',  ( 0.0000000000000000000, 0.0000000000000000000, -1.000000000000000000 ) ) ;
#5523 = ORIENTED_EDGE ( 'NONE', *, *, #5858, .F. ) ;
#5524 = MANIFOLD_SOLID_BREP ( 'í1ì¨-à-éì1', #1427 ) ;
#5525 = EDGE_LOOP ( 'NONE', ( #4637, #4851, #4731, #3073 ) ) ;
#5526 = CIRCLE ( 'NONE', #1559, 2.149999999999947500 ) ;
#5527 = VERTEX_POINT ( 'NONE', #5597 ) ;
#5528 = EDGE_CURVE ( 'NONE', #5685, #501, #5242, .T. ) ;
#5529 = CIRCLE ( 'NONE', #1703, 1.175000000000000000 ) ;
#5530 = AXIS2_PLACEMENT_3D ( 'NONE', #7501, #7455, #3903 ) ;
#5531 = DIRECTION ( 'NONE',  ( 1.923461390163084200E-010, 1.000000000000000000, 0.0000000000000000000 ) ) ;
#5532 = DIRECTION ( 'NONE',  ( 0.0000000000000000000, 0.0000000000000000000, 1.000000000000000000 ) ) ;
#5533 = CARTESIAN_POINT ( 'NONE',  ( 4.199999999953851300, 10.50000000000000000, 0.0000000000000000000 ) ) ;
#5534 = VECTOR ( 'NONE', #2544, 1000.000000000000000 ) ;
#5535 = ORIENTED_EDGE ( 'NONE', *, *, #5611, .F. ) ;
#5536 = DIRECTION ( 'NONE',  ( -1.000000000000000000, -1.353137538078077700E-014, 0.0000000000000000000 ) ) ;
#5537 = EDGE_CURVE ( 'NONE', #7488, #2392, #5298, .T. ) ;
#5538 = CARTESIAN_POINT ( 'NONE',  ( -3.017431149066954500, -0.0007610584192797506800, -2.529999999999999800 ) ) ;
#5539 = ADVANCED_FACE ( 'NONE', ( #5255 ), #3816, .T. ) ;
#5540 = FACE_OUTER_BOUND ( 'NONE', #1632, .T. ) ;
#5541 = CARTESIAN_POINT ( 'NONE',  ( 0.0000000000000000000, 6.500000000000002700, -9.500000000000000000 ) ) ;
#5542 = CARTESIAN_POINT ( 'NONE',  ( 8.650000000000094500, -0.5000000000000000000, -2.500000000000000000 ) ) ;
#5543 = VECTOR ( 'NONE', #2545, 1000.000000000000000 ) ;
#5544 = CARTESIAN_POINT ( 'NONE',  ( 6.229507320615820000, -0.7330222215594375300, -0.5000000000000000000 ) ) ;
#5545 = DIRECTION ( 'NONE',  ( 1.000000000000000000, 0.0000000000000000000, 0.0000000000000000000 ) ) ;
#5546 = DIRECTION ( 'NONE',  ( 0.0000000000000000000, 0.0000000000000000000, 1.000000000000000000 ) ) ;
#5547 = AXIS2_PLACEMENT_3D ( 'NONE', #4161, #569, #4732 ) ;
#5548 = VERTEX_POINT ( 'NONE', #2099 ) ;
#5549 = EDGE_CURVE ( 'NONE', #7222, #1412, #1914, .T. ) ;
#5550 = EDGE_CURVE ( 'NONE', #4827, #3618, #5041, .T. ) ;
#5551 = EDGE_CURVE ( 'NONE', #2857, #1850, #5142, .T. ) ;
#5552 = VERTEX_POINT ( 'NONE', #872 ) ;
#5553 = EDGE_LOOP ( 'NONE', ( #798, #913, #1118, #6956 ) ) ;
#5554 = ORIENTED_EDGE ( 'NONE', *, *, #5307, .F. ) ;
#5555 = ORIENTED_EDGE ( 'NONE', *, *, #4433, .T. ) ;
#5556 = ORIENTED_EDGE ( 'NONE', *, *, #1578, .T. ) ;
#5557 = EDGE_LOOP ( 'NONE', ( #3742, #1196, #6766, #3548 ) ) ;
#5558 = CARTESIAN_POINT ( 'NONE',  ( -4.000000000000000000, 0.5000000000000000000, -12.00000000000000000 ) ) ;
#5559 = PRODUCT_DEFINITION_FORMATION_WITH_SPECIFIED_SOURCE ( '任何', '', #15, .NOT_KNOWN. ) ;
#5560 = VECTOR ( 'NONE', #1233, 1000.000000000000000 ) ;
#5561 = AXIS2_PLACEMENT_3D ( 'NONE', #1366, #1800, #1198 ) ;
#5562 = DIRECTION ( 'NONE',  ( 0.0000000000000000000, 0.0000000000000000000, -1.000000000000000000 ) ) ;
#5563 = EDGE_CURVE ( 'NONE', #2471, #2386, #5859, .T. ) ;
#5564 = CARTESIAN_POINT ( 'NONE',  ( 4.999999999999999100, -0.1811643243852932300, -1.139679446892882400 ) ) ;
#5565 = VERTEX_POINT ( 'NONE', #7425 ) ;
#5566 = ORIENTED_EDGE ( 'NONE', *, *, #7247, .T. ) ;
#5567 = DIRECTION ( 'NONE',  ( 1.000000000000000000, -0.0000000000000000000, 0.0000000000000000000 ) ) ;
#5568 = EDGE_LOOP ( 'NONE', ( #3797, #630, #1713, #4328, #1746, #3358 ) ) ;
#5569 = EDGE_LOOP ( 'NONE', ( #512, #4867, #3136, #1602 ) ) ;
#5570 = CARTESIAN_POINT ( 'NONE',  ( 3.000000000000000000, 1.399999999999999700, -3.799999999999999800 ) ) ;
#5571 = EDGE_CURVE ( 'NONE', #1654, #14, #4947, .T. ) ;
#5572 = LINE ( 'NONE', #5507, #2175 ) ;
#5573 = VERTEX_POINT ( 'NONE', #2160 ) ;
#5574 = B_SPLINE_CURVE_WITH_KNOTS ( 'NONE', 3,
 ( #2734, #6270, #4478, #904, #5092, #1540, #5713, #2189, #6290, #2766, #6856, #3338, #7477, #3935, #332, #4500, #931, #5125 ),
 .UNSPECIFIED., .F., .F.,
 ( 4, 1, 1, 2, 2, 2, 1, 1, 2, 2, 4 ),
 ( 0.5000000000000000000, 0.5625000000000002200, 0.5937500000000003300, 0.6093750000000004400, 0.6250000000000004400, 0.7500000000000006700, 0.8125000000000006700, 0.8437500000000007800, 0.8593750000000007800, 0.8750000000000006700, 1.000000000000000000 ),
 .UNSPECIFIED. ) ;
#5575 = DIRECTION ( 'NONE',  ( 0.0000000000000000000, -0.9135454576426004200, -0.4067366430758009900 ) ) ;
#5576 = ADVANCED_FACE ( 'NONE', ( #4898, #4755 ), #295, .F. ) ;
#5577 = CARTESIAN_POINT ( 'NONE',  ( 1.860750596841984000, 2.323566388889552100, 0.07048953580282706100 ) ) ;
#5578 = EDGE_CURVE ( 'NONE', #7531, #166, #5093, .T. ) ;
#5579 = DIRECTION ( 'NONE',  ( 0.0000000000000000000, 0.0000000000000000000, 1.000000000000000000 ) ) ;
#5580 = DIRECTION ( 'NONE',  ( 0.0000000000000000000, -0.0000000000000000000, 1.000000000000000000 ) ) ;
#5581 = ORIENTED_EDGE ( 'NONE', *, *, #5672, .F. ) ;
#5582 = CARTESIAN_POINT ( 'NONE',  ( 2.254896007101357700, 2.502052165111044300, 0.4999999997094347100 ) ) ;
#5583 = DIRECTION ( 'NONE',  ( -1.000000000000000000, 0.0000000000000000000, -0.0000000000000000000 ) ) ;
#5584 = DIRECTION ( 'NONE',  ( 0.0000000000000000000, -1.000000000000000000, -0.0000000000000000000 ) ) ;
#5585 = UNCERTAINTY_MEASURE_WITH_UNIT (LENGTH_MEASURE( 1.000000000000000100E-005 ), #7608, 'distance_accuracy_value', 'NONE');
#5586 = DIRECTION ( 'NONE',  ( -0.9929238893273586400, -0.08686958458693327900, 0.08096805096286273400 ) ) ;
#5587 = ORIENTED_EDGE ( 'NONE', *, *, #2129, .F. ) ;
#5588 = CIRCLE ( 'NONE', #6965, 1.600000000000000100 ) ;
#5589 = DIRECTION ( 'NONE',  ( 0.0000000000000000000, 0.0000000000000000000, -1.000000000000000000 ) ) ;
#5590 = CARTESIAN_POINT ( 'NONE',  ( -1.500000000250000000, 0.0000000000000000000, 4.349999999999999600 ) ) ;
#5591 = CARTESIAN_POINT ( 'NONE',  ( 0.5003002597900999500, 1.903741859180700000, -1.768721576191900000 ) ) ;
#5592 = EDGE_LOOP ( 'NONE', ( #265, #635, #704, #741 ) ) ;
#5593 = LINE ( 'NONE', #2424, #6416 ) ;
#5594 = ORIENTED_EDGE ( 'NONE', *, *, #5549, .F. ) ;
#5595 = ORIENTED_EDGE ( 'NONE', *, *, #3711, .F. ) ;
#5596 =( GEOMETRIC_REPRESENTATION_CONTEXT ( 3 ) GLOBAL_UNCERTAINTY_ASSIGNED_CONTEXT ( ( #4442 ) ) GLOBAL_UNIT_ASSIGNED_CONTEXT ( ( #2768, #6859, #3340 ) ) REPRESENTATION_CONTEXT ( 'NONE', 'WORKASPACE' ) );
#5597 = CARTESIAN_POINT ( 'NONE',  ( -3.500000000187500200, 1.399999999937499900, -12.00000000000000000 ) ) ;
#5598 = VECTOR ( 'NONE', #7231, 1000.000000000000000 ) ;
#5599 = DIRECTION ( 'NONE',  ( -1.000000000000000000, 0.0000000000000000000, 0.0000000000000000000 ) ) ;
#5600 = ORIENTED_EDGE ( 'NONE', *, *, #5252, .F. ) ;
#5601 = CARTESIAN_POINT ( 'NONE',  ( 2.182040865820071000, 2.386018890724842300, -0.4206335473325880100 ) ) ;
#5602 = EDGE_CURVE ( 'NONE', #6365, #172, #4762, .T. ) ;
#5603 = FACE_BOUND ( 'NONE', #1797, .T. ) ;
#5604 = ORIENTED_EDGE ( 'NONE', *, *, #176, .T. ) ;
#5605 = CARTESIAN_POINT ( 'NONE',  ( 1.882705143999999300, 2.582513093999999800, -0.2050252530000000200 ) ) ;
#5606 = PLANE ( 'NONE',  #4879 ) ;
#5607 = ORIENTED_EDGE ( 'NONE', *, *, #1261, .T. ) ;
#5608 = EDGE_LOOP ( 'NONE', ( #201, #1389 ) ) ;
#5609 = PLANE ( 'NONE',  #2829 ) ;
#5610 = CARTESIAN_POINT ( 'NONE',  ( -0.9360134689999999300, 2.353822285999999800, -1.947134036999999900 ) ) ;
#5611 = EDGE_CURVE ( 'NONE', #4120, #725, #4857, .T. ) ;
#5612 = LINE ( 'NONE', #560, #5216 ) ;
#5613 = ORIENTED_EDGE ( 'NONE', *, *, #4574, .F. ) ;
#5614 = ADVANCED_FACE ( 'NONE', ( #4702 ), #5083, .F. ) ;
#5615 = CARTESIAN_POINT ( 'NONE',  ( 1.479999999999791300, -3.153589838486141200, -0.5000000000000000000 ) ) ;
#5616 = DIRECTION ( 'NONE',  ( -0.0000000000000000000, -1.000000000000000000, -0.0000000000000000000 ) ) ;
#5617 = ORIENTED_EDGE ( 'NONE', *, *, #6436, .F. ) ;
#5618 = CARTESIAN_POINT ( 'NONE',  ( -4.150658182932317300, 0.3682274432710900300, -2.527886189569044300E-008 ) ) ;
#5619 = DIRECTION ( 'NONE',  ( -0.0000000000000000000, -1.000000000000000000, -0.0000000000000000000 ) ) ;
#5620 = UNCERTAINTY_MEASURE_WITH_UNIT (LENGTH_MEASURE( 1.000000000000000100E-005 ), #2846, 'distance_accuracy_value', 'NONE');
#5621 = CARTESIAN_POINT ( 'NONE',  ( 0.5768073449999999700, 2.175864764000000000, -1.760722740999999900 ) ) ;
#5622 = DIRECTION ( 'NONE',  ( -0.07948043909261272300, -0.01544943250712000500, -0.9967166973803807100 ) ) ;
#5623 = VERTEX_POINT ( 'NONE', #5112 ) ;
#5624 = EDGE_CURVE ( 'NONE', #1412, #2871, #4745, .T. ) ;
#5625 = B_SPLINE_CURVE_WITH_KNOTS ( 'NONE', 3,
 ( #3552, #7093, #5955, #2434, #6523, #3008, #7127, #3578, #4995, #4174, #584, #4747, #1170, #5386, #1836, #5983, #2453, #6555 ),
 .UNSPECIFIED., .F., .F.,
 ( 4, 1, 1, 2, 2, 2, 1, 1, 2, 2, 4 ),
 ( 0.0000000000000000000, 0.06249999999999993100, 0.09374999999999988900, 0.1093749999999998500, 0.1249999999999998100, 0.2499999999999997200, 0.3124999999999997200, 0.3437499999999996700, 0.3593749999999997200, 0.3749999999999997200, 0.5000000000000000000 ),
 .UNSPECIFIED. ) ;
#5626 = LINE ( 'NONE', #703, #5534 ) ;
#5627 = DIRECTION ( 'NONE',  ( -3.986037398843766400E-018, 1.000000000000000000, -2.026628219942565400E-051 ) ) ;
#5628 = ORIENTED_EDGE ( 'NONE', *, *, #5528, .T. ) ;
#5629 = AXIS2_PLACEMENT_3D ( 'NONE', #942, #5738, #3377 ) ;
#5630 = CARTESIAN_POINT ( 'NONE',  ( 1.764082415000000100, 2.406647666999999700, 0.0000000000000000000 ) ) ;
#5631 = CARTESIAN_POINT ( 'NONE',  ( 2.025016295999999500, 2.610175579999999100, 0.3499999999999999800 ) ) ;
#5632 = DIRECTION ( 'NONE',  ( 0.0000000000000000000, -0.0000000000000000000, 1.000000000000000000 ) ) ;
#5633 = CARTESIAN_POINT ( 'NONE',  ( 1.933961396140533300, 2.184989622364966100, -0.5305444366564414600 ) ) ;
#5634 = ORIENTED_EDGE ( 'NONE', *, *, #530, .F. ) ;
#5635 = LINE ( 'NONE', #5487, #5727 ) ;
#5636 = ORIENTED_EDGE ( 'NONE', *, *, #1918, .F. ) ;
#5637 = PRESENTATION_STYLE_ASSIGNMENT (( #4463 ) ) ;
#5638 = DIRECTION ( 'NONE',  ( -1.000000000000000000, 1.923451512925774100E-010, -4.935597015573939400E-015 ) ) ;
#5639 = ORIENTED_EDGE ( 'NONE', *, *, #1228, .T. ) ;
#5640 = CARTESIAN_POINT ( 'NONE',  ( 4.146080063942046800, 0.3631593211698687700, -3.782138359570610000E-008 ) ) ;
#5641 = ORIENTED_EDGE ( 'NONE', *, *, #3983, .T. ) ;
#5642 = CARTESIAN_POINT ( 'NONE',  ( -1.500000000000000000, 0.0000000000000000000, 4.349999999999999600 ) ) ;
#5643 = ORIENTED_EDGE ( 'NONE', *, *, #3405, .F. ) ;
#5644 = AXIS2_PLACEMENT_3D ( 'NONE', #5729, #2211, #6311 ) ;
#5645 = SURFACE_STYLE_FILL_AREA ( #3897 ) ;
#5646 = EDGE_CURVE ( 'NONE', #351, #5513, #4644, .T. ) ;
#5647 = ORIENTED_EDGE ( 'NONE', *, *, #5873, .T. ) ;
#5648 = VECTOR ( 'NONE', #4891, 1000.000000000000000 ) ;
#5649 = VERTEX_POINT ( 'NONE', #2233 ) ;
#5650 = EDGE_CURVE ( 'NONE', #6681, #4024, #4462, .T. ) ;
#5651 = CARTESIAN_POINT ( 'NONE',  ( 0.4071231742795631300, 2.165082170218140000, -1.776712533964066600 ) ) ;
#5652 = FACE_OUTER_BOUND ( 'NONE', #6717, .T. ) ;
#5653 = DIRECTION ( 'NONE',  ( -1.000000000000000000, 0.0000000000000000000, 0.0000000000000000000 ) ) ;
#5654 = CARTESIAN_POINT ( 'NONE',  ( -3.150000000000000400, 6.500000000000002700, 0.0000000000000000000 ) ) ;
#5655 = DIRECTION ( 'NONE',  ( 0.0000000000000000000, 0.0000000000000000000, 1.000000000000000000 ) ) ;
#5656 = COLOUR_RGB ( '',0.2509803921568627400, 0.2509803921568627400, 0.2509803921568627400 ) ;
#5657 = DIRECTION ( 'NONE',  ( 0.8660254037844415900, 0.4999999999999949500, -0.0000000000000000000 ) ) ;
#5658 = CARTESIAN_POINT ( 'NONE',  ( -1.396380774790439300, -9.155069627123568300, 0.3881447541302601200 ) ) ;
#5659 = AXIS2_PLACEMENT_3D ( 'NONE', #2639, #2529, #2170 ) ;
#5660 = VERTEX_POINT ( 'NONE', #6336 ) ;
#5661 = SHAPE_REPRESENTATION ( 'DCJ235-05-center pin', ( #4775 ), #4247 ) ;
#5662 = CARTESIAN_POINT ( 'NONE',  ( -3.013089969360483800, 0.2500000019989930800, -2.499330476253333300 ) ) ;
#5663 = CYLINDRICAL_SURFACE ( 'NONE', #3077, 0.5000000085980611500 ) ;
#5664 = VECTOR ( 'NONE', #1442, 1000.000000000000000 ) ;
#5666 = ORIENTED_EDGE ( 'NONE', *, *, #4192, .T. ) ;
#5665 = DIRECTION ( 'NONE',  ( -0.0000000000000000000, 1.000000000000000000, 0.0000000000000000000 ) ) ;
#5667 = DIRECTION ( 'NONE',  ( 0.1908089953769243600, -0.9816271834475901500, 0.0000000000000000000 ) ) ;
#5668 = CARTESIAN_POINT ( 'NONE',  ( 4.052920399981443800, 0.3048489855692173000, -3.344514640312959100E-007 ) ) ;
#5669 = VECTOR ( 'NONE', #4448, 1000.000000000000000 ) ;
#5670 = CARTESIAN_POINT ( 'NONE',  ( -3.500000000000000000, 1.000000000000000000, -0.5999999999999998700 ) ) ;
#5671 = DIRECTION ( 'NONE',  ( -1.000000000000000000, 0.0000000000000000000, -0.0000000000000000000 ) ) ;
#5672 = EDGE_CURVE ( 'NONE', #1939, #4672, #4468, .T. ) ;
#5673 = LINE ( 'NONE', #2572, #7320 ) ;
#5674 = ORIENTED_EDGE ( 'NONE', *, *, #7419, .T. ) ;
#5675 = PRESENTATION_STYLE_ASSIGNMENT (( #6190 ) ) ;
#5676 =( NAMED_UNIT ( * ) SI_UNIT ( $, .STERADIAN. ) SOLID_ANGLE_UNIT ( ) );
#5677 = AXIS2_PLACEMENT_3D ( 'NONE', #5481, #4816, #4708 ) ;
#5678 = CARTESIAN_POINT ( 'NONE',  ( 6.550901125459059700, -0.3500000000000343900, -2.500000000000000000 ) ) ;
#5679 = ORIENTED_EDGE ( 'NONE', *, *, #3465, .F. ) ;
#5680 = DIRECTION ( 'NONE',  ( -0.9816271834651892900, -0.1908089952863843400, -0.0000000000000000000 ) ) ;
#5681 = LINE ( 'NONE', #5512, #7333 ) ;
#5682 = CARTESIAN_POINT ( 'NONE',  ( 1.164999999999994700, -2.492006165897975300, -1.250000000000000400 ) ) ;
#5683 = EDGE_CURVE ( 'NONE', #6343, #4275, #4388, .T. ) ;
#5684 = CARTESIAN_POINT ( 'NONE',  ( 2.273976906746785000, 2.403889446177697400, -0.4208712150029537100 ) ) ;
#5685 = VERTEX_POINT ( 'NONE', #4539 ) ;
#5686 = DIRECTION ( 'NONE',  ( -0.1908089952351766400, 0.9816271834751432200, 0.0000000000000000000 ) ) ;
#5687 = CIRCLE ( 'NONE', #1894, 0.4000000000000006300 ) ;
#5688 = DIRECTION ( 'NONE',  ( -1.000000000000000000, 0.0000000000000000000, 0.0000000000000000000 ) ) ;
#5689 = AXIS2_PLACEMENT_3D ( 'NONE', #2568, #3149, #7281 ) ;
#5690 = LINE ( 'NONE', #3724, #1554 ) ;
#5691 = FACE_OUTER_BOUND ( 'NONE', #4872, .T. ) ;
#5692 = DIRECTION ( 'NONE',  ( -1.000000000000000000, 0.0000000000000000000, 0.0000000000000000000 ) ) ;
#5693 = VERTEX_POINT ( 'NONE', #974 ) ;
#5694 = ORIENTED_EDGE ( 'NONE', *, *, #5412, .F. ) ;
#5695 = DIRECTION ( 'NONE',  ( 0.0000000000000000000, 0.0000000000000000000, 1.000000000000000000 ) ) ;
#5696 = EDGE_CURVE ( 'NONE', #2745, #5263, #4262, .T. ) ;
#5697 = DIRECTION ( 'NONE',  ( -0.0000000000000000000, -0.0000000000000000000, -1.000000000000000000 ) ) ;
#5698 = FACE_OUTER_BOUND ( 'NONE', #4971, .T. ) ;
#5699 =( GEOMETRIC_REPRESENTATION_CONTEXT ( 3 ) GLOBAL_UNCERTAINTY_ASSIGNED_CONTEXT ( ( #763 ) ) GLOBAL_UNIT_ASSIGNED_CONTEXT ( ( #378, #4537, #973 ) ) REPRESENTATION_CONTEXT ( 'NONE', 'WORKASPACE' ) );
#5700 = CARTESIAN_POINT ( 'NONE',  ( 2.302598255999999100, 2.256645368999999200, 0.5885345699999997600 ) ) ;
#5701 = ORIENTED_EDGE ( 'NONE', *, *, #563, .T. ) ;
#5702 = DIRECTION ( 'NONE',  ( 1.000000000000000000, 0.0000000000000000000, 0.0000000000000000000 ) ) ;
#5703 = AXIS2_PLACEMENT_3D ( 'NONE', #6885, #927, #5655 ) ;
#5704 = ORIENTED_EDGE ( 'NONE', *, *, #5206, .T. ) ;
#5705 = EDGE_CURVE ( 'NONE', #6721, #6518, #4299, .T. ) ;
#5706 = CARTESIAN_POINT ( 'NONE',  ( 0.4611989148589135100, -1.872986928011503000, 1.250000000000000000 ) ) ;
#5707 = VECTOR ( 'NONE', #1320, 1000.000000000000000 ) ;
#5708 = VECTOR ( 'NONE', #114, 1000.000000000000000 ) ;
#5709 = ORIENTED_EDGE ( 'NONE', *, *, #4713, .F. ) ;
#5710 = EDGE_CURVE ( 'NONE', #6013, #7357, #4549, .T. ) ;
#5711 = COLOUR_RGB ( '',0.2509803921568627400, 0.2509803921568627400, 0.2509803921568627400 ) ;
#5712 = EDGE_CURVE ( 'NONE', #786, #7574, #4212, .T. ) ;
#5713 = CARTESIAN_POINT ( 'NONE',  ( 5.000000000000001800, 1.076517348645483500, -0.4049249153815891500 ) ) ;
#5714 = ORIENTED_EDGE ( 'NONE', *, *, #1615, .F. ) ;
#5715 = SURFACE_STYLE_FILL_AREA ( #206 ) ;
#5716 = DIRECTION ( 'NONE',  ( 0.9929238894649428100, 0.08686958361383598200, 0.08096805031967102600 ) ) ;
#5717 = CARTESIAN_POINT ( 'NONE',  ( -3.849999999999999600, 0.0000000000000000000, -1.470000000000000000 ) ) ;
#5718 = CYLINDRICAL_SURFACE ( 'NONE', #5286, 1.250000000000002000 ) ;
#5719 = DIRECTION ( 'NONE',  ( 0.0000000000000000000, -1.000000000000000000, -0.0000000000000000000 ) ) ;
#5720 = CARTESIAN_POINT ( 'NONE',  ( 1.764082414951059900, 2.406647667251770300, -0.2928932190000000400 ) ) ;
#5721 = ORIENTED_EDGE ( 'NONE', *, *, #4055, .T. ) ;
#5722 = CARTESIAN_POINT ( 'NONE',  ( 0.0000000000000000000, 0.0000000000000000000, 0.0000000000000000000 ) ) ;
#5723 = EDGE_CURVE ( 'NONE', #4757, #5344, #4304, .T. ) ;
#5724 = CARTESIAN_POINT ( 'NONE',  ( 8.650000000000101600, -0.6499999999999889200, -2.500000000000000000 ) ) ;
#5725 = ORIENTED_EDGE ( 'NONE', *, *, #443, .T. ) ;
#5726 = ORIENTED_EDGE ( 'NONE', *, *, #6581, .F. ) ;
#5727 = VECTOR ( 'NONE', #7258, 1000.000000000000000 ) ;
#5728 = AXIS2_PLACEMENT_3D ( 'NONE', #1134, #5342, #1783 ) ;
#5729 = CARTESIAN_POINT ( 'NONE',  ( -1.499999999999998700, -7.161999999999989300, 0.2999999999999999300 ) ) ;
#5730 = CARTESIAN_POINT ( 'NONE',  ( 1.483414613336323500, -8.626311989950869100, 0.0005356623312256798100 ) ) ;
#5731 = PLANE ( 'NONE',  #6307 ) ;
#5732 = ORIENTED_EDGE ( 'NONE', *, *, #7692, .F. ) ;
#5733 = SURFACE_STYLE_USAGE ( .BOTH. , #1565 ) ;
#5734 = DIRECTION ( 'NONE',  ( 0.0000000000000000000, -1.000000000000000000, 0.0000000000000000000 ) ) ;
#5735 = ORIENTED_EDGE ( 'NONE', *, *, #945, .T. ) ;
#5736 = ORIENTED_EDGE ( 'NONE', *, *, #5053, .F. ) ;
#5737 = CARTESIAN_POINT ( 'NONE',  ( 5.000000000000000000, -1.140020430004065300, 0.1803009855646285600 ) ) ;
#5738 = DIRECTION ( 'NONE',  ( 1.000000000000000000, 3.986037398843766400E-018, -5.084318126393977200E-034 ) ) ;
#5739 = PLANE ( 'NONE',  #7061 ) ;
#5740 = EDGE_LOOP ( 'NONE', ( #6368, #6498, #7064, #920 ) ) ;
#5741 = AXIS2_PLACEMENT_3D ( 'NONE', #5417, #1869, #6559 ) ;
#5742 = EDGE_CURVE ( 'NONE', #2565, #2053, #4128, .T. ) ;
#5743 = ORIENTED_EDGE ( 'NONE', *, *, #1683, .F. ) ;
#5744 = DIRECTION ( 'NONE',  ( 1.000000000000000000, 0.0000000000000000000, 0.0000000000000000000 ) ) ;
#5745 = CIRCLE ( 'NONE', #4342, 0.09999999999999982500 ) ;
#5746 = CARTESIAN_POINT ( 'NONE',  ( 8.800000000000089500, -0.6499999999999770400, -2.500000000000000000 ) ) ;
#5747 = ADVANCED_FACE ( 'NONE', ( #4044 ), #3895, .F. ) ;
#5748 = DIRECTION ( 'NONE',  ( 6.195440985631454300E-016, -1.000000000000000000, 0.0000000000000000000 ) ) ;
#5749 = LINE ( 'NONE', #628, #5477 ) ;
#5750 = CARTESIAN_POINT ( 'NONE',  ( -3.000000000000000000, 0.2500000000000000000, -2.474999999999999600 ) ) ;
#5751 = ORIENTED_EDGE ( 'NONE', *, *, #5104, .T. ) ;
#5752 = SURFACE_STYLE_USAGE ( .BOTH. , #88 ) ;
#5753 = CARTESIAN_POINT ( 'NONE',  ( -1.499999999999998900, -4.456579543088778900, -0.5000000000000000000 ) ) ;
#5754 = ORIENTED_EDGE ( 'NONE', *, *, #6899, .F. ) ;
#5755 = DIRECTION ( 'NONE',  ( 0.0000000000000000000, 0.0000000000000000000, 1.000000000000000000 ) ) ;
#5756 = AXIS2_PLACEMENT_3D ( 'NONE', #7376, #5622, #4997 ) ;
#5757 =( LENGTH_UNIT ( ) NAMED_UNIT ( * ) SI_UNIT ( .MILLI., .METRE. ) );
#5758 = CARTESIAN_POINT ( 'NONE',  ( 5.000000000000000000, -0.2883739763505043800, 1.122824440210228500 ) ) ;
#5759 = DIRECTION ( 'NONE',  ( 1.000000000000000000, 1.734163393375838500E-018, 0.0000000000000000000 ) ) ;
#5760 = EDGE_LOOP ( 'NONE', ( #6280, #2021, #318, #6837, #6022, #3131 ) ) ;
#5761 = CARTESIAN_POINT ( 'NONE',  ( -1.499999999999999600, 0.0000000000000000000, -7.099999998733332000 ) ) ;
#5762 = CARTESIAN_POINT ( 'NONE',  ( 3.775039031408328400, 2.542858862079370800, -1.781851413999999900 ) ) ;
#5763 = LINE ( 'NONE', #2845, #1440 ) ;
#5764 = DIRECTION ( 'NONE',  ( -1.000000000000000000, 0.0000000000000000000, -0.0000000000000000000 ) ) ;
#5765 = EDGE_CURVE ( 'NONE', #140, #6171, #3943, .T. ) ;
#5766 = EDGE_LOOP ( 'NONE', ( #7046, #1321, #2519, #6460 ) ) ;
#5767 = ORIENTED_EDGE ( 'NONE', *, *, #7122, .F. ) ;
#5768 = PLANE ( 'NONE',  #3155 ) ;
#5769 = DIRECTION ( 'NONE',  ( 1.000000000000000000, 0.0000000000000000000, 0.0000000000000000000 ) ) ;
#5770 = AXIS2_PLACEMENT_3D ( 'NONE', #2645, #6745, #3235 ) ;
#5771 = EDGE_LOOP ( 'NONE', ( #1071, #2016, #2448, #5463 ) ) ;
#5772 = ORIENTED_EDGE ( 'NONE', *, *, #6774, .T. ) ;
#5773 = DIRECTION ( 'NONE',  ( -1.000000000000000000, 0.0000000000000000000, -0.0000000000000000000 ) ) ;
#5774 = FACE_OUTER_BOUND ( 'NONE', #5492, .T. ) ;
#5775 = ORIENTED_EDGE ( 'NONE', *, *, #134, .F. ) ;
#5776 = CARTESIAN_POINT ( 'NONE',  ( 2.273976907000001500, 2.403889446000000000, 0.4618481690000000900 ) ) ;
#5777 = CARTESIAN_POINT ( 'NONE',  ( 5.951802250918037300, -0.4999999999999997800, -2.500000000000000000 ) ) ;
#5779 = CARTESIAN_POINT ( 'NONE',  ( 3.700000000115625000, 0.1500000000000000200, -2.299999999999999800 ) ) ;
#5778 = CYLINDRICAL_SURFACE ( 'NONE', #1377, 0.4000000000000682500 ) ;
#5780 = CARTESIAN_POINT ( 'NONE',  ( -2.500000000000000000, 0.2500000000000000000, 3.000000000000000000 ) ) ;
#5781 = DIRECTION ( 'NONE',  ( 0.7660444431190222000, -0.6427876096864867400, 0.0000000000000000000 ) ) ;
#5782 = ORIENTED_EDGE ( 'NONE', *, *, #3141, .F. ) ;
#5783 =( NAMED_UNIT ( * ) PLANE_ANGLE_UNIT ( ) SI_UNIT ( $, .RADIAN. ) );
#5784 = AXIS2_PLACEMENT_3D ( 'NONE', #6155, #6722, #3203 ) ;
#5785 = EDGE_CURVE ( 'NONE', #5685, #4489, #4034, .T. ) ;
#5786 = LINE ( 'NONE', #606, #3369 ) ;
#5787 = EDGE_LOOP ( 'NONE', ( #6664, #7123, #3762, #673 ) ) ;
#5788 = DIRECTION ( 'NONE',  ( 1.000000000000000000, 0.0000000000000000000, -0.0000000000000000000 ) ) ;
#5789 = CARTESIAN_POINT ( 'NONE',  ( -5.205447083240000200, 0.7999976617400002000, -2.303013267000000300 ) ) ;
#5790 = ADVANCED_FACE ( 'NONE', ( #3743 ), #3753, .T. ) ;
#5791 = CARTESIAN_POINT ( 'NONE',  ( 0.1000000000000003700, 3.445267973902361500E-051, 1.700000000000000400 ) ) ;
#5792 = EDGE_CURVE ( 'NONE', #3972, #6809, #3712, .T. ) ;
#5793 = PLANE ( 'NONE',  #654 ) ;
#5794 = EDGE_CURVE ( 'NONE', #2688, #5870, #3934, .T. ) ;
#5795 = VECTOR ( 'NONE', #1929, 1000.000000000000000 ) ;
#5796 = ORIENTED_EDGE ( 'NONE', *, *, #2749, .T. ) ;
#5797 = CARTESIAN_POINT ( 'NONE',  ( -0.06711243600000001100, 2.155179588000000200, 1.808692120000000100 ) ) ;
#5798 = EDGE_CURVE ( 'NONE', #438, #351, #3669, .T. ) ;
#5799 = ORIENTED_EDGE ( 'NONE', *, *, #6553, .F. ) ;
#5800 = ORIENTED_EDGE ( 'NONE', *, *, #795, .F. ) ;
#5801 = EDGE_LOOP ( 'NONE', ( #3947, #525, #4698, #3232 ) ) ;
#5802 = CARTESIAN_POINT ( 'NONE',  ( -3.849999999999999600, 0.0000000000000000000, -1.470000000000000000 ) ) ;
#5803 = APPLICATION_PROTOCOL_DEFINITION ( 'draft international standard', 'automotive_design', 1998, #2265 ) ;
#5804 = DIRECTION ( 'NONE',  ( -1.000000000000000000, -3.986037398843766400E-018, 5.084318126393977200E-034 ) ) ;
#5805 = LINE ( 'NONE', #4290, #5708 ) ;
#5806 = ORIENTED_EDGE ( 'NONE', *, *, #1950, .F. ) ;
#5807 = LINE ( 'NONE', #6730, #5815 ) ;
#5808 = FACE_OUTER_BOUND ( 'NONE', #7510, .T. ) ;
#5809 = CARTESIAN_POINT ( 'NONE',  ( 3.849999999999999600, 0.0000000000000000000, -1.470000000000000000 ) ) ;
#5810 = AXIS2_PLACEMENT_3D ( 'NONE', #634, #659, #613 ) ;
#5811 = DIRECTION ( 'NONE',  ( 0.0000000000000000000, 0.0000000000000000000, -1.000000000000000000 ) ) ;
#5812 = CARTESIAN_POINT ( 'NONE',  ( 2.254896007000000100, 2.502052164999999800, 0.5000000000000000000 ) ) ;
#5813 = DIRECTION ( 'NONE',  ( 0.0000000000000000000, -0.0000000000000000000, -1.000000000000000000 ) ) ;
#5814 = CARTESIAN_POINT ( 'NONE',  ( -1.500000000000000000, 0.4000000011500007300, -7.099999998099998600 ) ) ;
#5815 = VECTOR ( 'NONE', #3213, 1000.000000000000000 ) ;
#5816 = CARTESIAN_POINT ( 'NONE',  ( -9.444444647640122300E-010, 0.2500000000000000000, -2.474999999999999600 ) ) ;
#5817 = VERTEX_POINT ( 'NONE', #1731 ) ;
#5818 = ORIENTED_EDGE ( 'NONE', *, *, #2460, .T. ) ;
#5819 = EDGE_CURVE ( 'NONE', #6383, #7530, #3487, .T. ) ;
#5820 = CARTESIAN_POINT ( 'NONE',  ( -4.695217760999999400, 0.02214172500000000400, -2.367996417000001400 ) ) ;
#5821 =( NAMED_UNIT ( * ) PLANE_ANGLE_UNIT ( ) SI_UNIT ( $, .RADIAN. ) );
#5822 = FACE_OUTER_BOUND ( 'NONE', #3836, .T. ) ;
#5823 = CARTESIAN_POINT ( 'NONE',  ( -4.500000000000002700, 6.499999999453060600, -3.300000000000000300 ) ) ;
#5824 = VECTOR ( 'NONE', #1876, 1000.000000000000000 ) ;
#5825 = CARTESIAN_POINT ( 'NONE',  ( -1.500000000160156100, 1.072026160016837300, 4.349999999994375700 ) ) ;
#5826 = DIRECTION ( 'NONE',  ( 0.0000000000000000000, 0.0000000000000000000, 1.000000000000000000 ) ) ;
#5827 = ORIENTED_EDGE ( 'NONE', *, *, #579, .F. ) ;
#5828 = DIRECTION ( 'NONE',  ( 9.074390932398254800E-015, -1.000000000000000000, 0.0000000000000000000 ) ) ;
#5829 = ORIENTED_EDGE ( 'NONE', *, *, #1197, .F. ) ;
#5830 = CARTESIAN_POINT ( 'NONE',  ( 5.000000000000000000, -1.416800000000000500, 1.416800000000000500 ) ) ;
#5831 = PRODUCT_CONTEXT ( 'NONE', #6927, 'mechanical' ) ;
#5832 = EDGE_LOOP ( 'NONE', ( #4118, #428, #5078, #2776 ) ) ;
#5833 = EDGE_CURVE ( 'NONE', #1795, #953, #3527, .T. ) ;
#5834 = DIRECTION ( 'NONE',  ( 0.9816271834475903700, 0.1908089953769233100, -0.0000000000000000000 ) ) ;
#5835 = ORIENTED_EDGE ( 'NONE', *, *, #2321, .F. ) ;
#5836 = ADVANCED_FACE ( 'NONE', ( #3387 ), #4115, .F. ) ;
#5837 = CARTESIAN_POINT ( 'NONE',  ( -4.457189625021377400, 1.604307864062062500, -2.437514216000000300 ) ) ;
#5838 = ORIENTED_EDGE ( 'NONE', *, *, #7226, .F. ) ;
#5839 = ORIENTED_EDGE ( 'NONE', *, *, #4859, .T. ) ;
#5840 = AXIS2_PLACEMENT_3D ( 'NONE', #5042, #1485, #5667 ) ;
#5841 = ORIENTED_EDGE ( 'NONE', *, *, #7629, .T. ) ;
#5842 = CARTESIAN_POINT ( 'NONE',  ( 6.229507320615768500, -0.7330222215593946700, -2.500000000000000000 ) ) ;
#5843 = AXIS2_PLACEMENT_3D ( 'NONE', #6928, #3414, #7549 ) ;
#5844 = LINE ( 'NONE', #7073, #1209 ) ;
#5845 = CIRCLE ( 'NONE', #1185, 0.6499999999999873700 ) ;
#5846 = ORIENTED_EDGE ( 'NONE', *, *, #6462, .T. ) ;
#5847 = CARTESIAN_POINT ( 'NONE',  ( -4.542694660999999600, 1.839231019999999900, -2.213661436000001100 ) ) ;
#5848 = DIRECTION ( 'NONE',  ( -1.000000000000000000, 0.0000000000000000000, 0.0000000000000000000 ) ) ;
#5849 = LINE ( 'NONE', #6618, #6500 ) ;
#5850 =( GEOMETRIC_REPRESENTATION_CONTEXT ( 3 ) GLOBAL_UNCERTAINTY_ASSIGNED_CONTEXT ( ( #1450 ) ) GLOBAL_UNIT_ASSIGNED_CONTEXT ( ( #5051, #1498, #5676 ) ) REPRESENTATION_CONTEXT ( 'NONE', 'WORKASPACE' ) );
#5851 = DIRECTION ( 'NONE',  ( 0.0000000000000000000, 0.0000000000000000000, 1.000000000000000000 ) ) ;
#5852 = AXIS2_PLACEMENT_3D ( 'NONE', #1246, #1161, #873 ) ;
#5853 = FACE_OUTER_BOUND ( 'NONE', #5557, .T. ) ;
#5854 =( REPRESENTATION_RELATIONSHIP ('NONE','NONE', #4592, #2136 ) REPRESENTATION_RELATIONSHIP_WITH_TRANSFORMATION ( #5009 )SHAPE_REPRESENTATION_RELATIONSHIP( ) );
#5855 = EDGE_CURVE ( 'NONE', #2725, #859, #3652, .T. ) ;
#5856 = CARTESIAN_POINT ( 'NONE',  ( 7.150000000000093600, -0.4999999999999997800, -2.500000000000000000 ) ) ;
#5857 = CARTESIAN_POINT ( 'NONE',  ( 3.500000000000000000, 1.000000000000000000, -3.799999998859258500 ) ) ;
#5858 = EDGE_CURVE ( 'NONE', #7473, #3813, #3300, .T. ) ;
#5859 = LINE ( 'NONE', #5678, #4940 ) ;
#5860 = CARTESIAN_POINT ( 'NONE',  ( 0.9376513132825008400, -3.309171905930980100, -1.250000000002198700 ) ) ;
#5861 = CARTESIAN_POINT ( 'NONE',  ( 1.911326492883855600, 2.435269015827807000, 0.0000000000000000000 ) ) ;
#5862 = CARTESIAN_POINT ( 'NONE',  ( 3.746417681910695600, 2.690102939874565300, 0.4208712150000021300 ) ) ;
#5863 = DIRECTION ( 'NONE',  ( 0.0000000000000000000, -1.000000000000000000, 0.0000000000000000000 ) ) ;
#5864 = ORIENTED_EDGE ( 'NONE', *, *, #7489, .F. ) ;
#5865 = DIRECTION ( 'NONE',  ( 0.0000000000000000000, 0.0000000000000000000, -1.000000000000000000 ) ) ;
#5866 = FACE_OUTER_BOUND ( 'NONE', #3398, .T. ) ;
#5867 = CARTESIAN_POINT ( 'NONE',  ( -4.901505467999999900, 1.181380230000000000, -2.270521692000000400 ) ) ;
#5868 = ADVANCED_FACE ( 'NONE', ( #3294 ), #3123, .F. ) ;
#5869 = CIRCLE ( 'NONE', #5810, 0.1499999999999887000 ) ;
#5870 = VERTEX_POINT ( 'NONE', #5339 ) ;
#5871 = DIRECTION ( 'NONE',  ( 0.0000000000000000000, 0.0000000000000000000, 1.000000000000000000 ) ) ;
#5872 = DIRECTION ( 'NONE',  ( 0.0000000000000000000, -0.0000000000000000000, -1.000000000000000000 ) ) ;
#5873 = EDGE_CURVE ( 'NONE', #1237, #2070, #3339, .T. ) ;
#5874 = DIRECTION ( 'NONE',  ( 0.0000000000000000000, -0.0000000000000000000, 1.000000000000000000 ) ) ;
#5875 = EDGE_LOOP ( 'NONE', ( #5472, #5839, #6797, #4113, #6767, #264, #2569, #3910, #7653 ) ) ;
#5876 = LINE ( 'NONE', #1266, #5707 ) ;
#5877 = DIRECTION ( 'NONE',  ( 1.000000000000000000, 1.734723475977103500E-015, 0.0000000000000000000 ) ) ;
#5878 = AXIS2_PLACEMENT_3D ( 'NONE', #4646, #1076, #5282 ) ;
#5879 = CARTESIAN_POINT ( 'NONE',  ( 1.500000000000000000, 0.0000000000000000000, -7.099999999568555400 ) ) ;
#5880 = CARTESIAN_POINT ( 'NONE',  ( 1.050000000000000000, 6.349999999999999600, 0.0000000000000000000 ) ) ;
#5881 = CARTESIAN_POINT ( 'NONE',  ( -3.000000000000000000, 3.949999999999999700, -9.950000000000001100 ) ) ;
#5882 = DIRECTION ( 'NONE',  ( 0.9396926207339978400, 0.3420201434682916800, 0.0000000000000000000 ) ) ;
#5883 = CARTESIAN_POINT ( 'NONE',  ( 2.326828918379970600E-018, -0.01900000000000000000, 0.0000000000000000000 ) ) ;
#5884 = VECTOR ( 'NONE', #3015, 1000.000000000000000 ) ;
#5885 = VERTEX_POINT ( 'NONE', #6508 ) ;
#5886 = DIRECTION ( 'NONE',  ( 1.000000000000000000, 0.0000000000000000000, 0.0000000000000000000 ) ) ;
#5887 = ORIENTED_EDGE ( 'NONE', *, *, #5029, .F. ) ;
#5888 = ORIENTED_EDGE ( 'NONE', *, *, #5785, .T. ) ;
#5889 = AXIS2_PLACEMENT_3D ( 'NONE', #3165, #4336, #751 ) ;
#5890 = VERTEX_POINT ( 'NONE', #2995 ) ;
#5891 = DIRECTION ( 'NONE',  ( -1.000000000000000000, 0.0000000000000000000, 0.0000000000000000000 ) ) ;
#5892 = EDGE_LOOP ( 'NONE', ( #7650, #1109, #2735, #3115 ) ) ;
#5893 = CYLINDRICAL_SURFACE ( 'NONE', #6660, 0.7500000000000000000 ) ;
#5894 = AXIS2_PLACEMENT_3D ( 'NONE', #4512, #943, #5140 ) ;
#5895 = CARTESIAN_POINT ( 'NONE',  ( -4.875683118356500100, 0.5661817339351000700, -2.327381948000001100 ) ) ;
#5896 = ORIENTED_EDGE ( 'NONE', *, *, #4155, .F. ) ;
#5897 = CARTESIAN_POINT ( 'NONE',  ( 5.000000000000000000, -1.408343819019457500E-016, -1.150000000000000800 ) ) ;
#5898 = CARTESIAN_POINT ( 'NONE',  ( -0.3874981870000001000, 2.865321061000000400, -1.868632587000000000 ) ) ;
#5899 = EDGE_CURVE ( 'NONE', #7398, #5162, #3112, .T. ) ;
#5900 = CARTESIAN_POINT ( 'NONE',  ( 6.968014882866898900, 0.0000000000000000000, -2.500000000000000000 ) ) ;
#5901 = EDGE_CURVE ( 'NONE', #4894, #687, #3214, .T. ) ;
#5902 = CYLINDRICAL_SURFACE ( 'NONE', #6883, 0.7299999999999998700 ) ;
#5903 = VECTOR ( 'NONE', #7345, 1000.000000000000000 ) ;
#5904 = CIRCLE ( 'NONE', #5497, 0.3500000000000000300 ) ;
#5905 = CYLINDRICAL_SURFACE ( 'NONE', #3397, 0.09999999973463931400 ) ;
#5906 = CARTESIAN_POINT ( 'NONE',  ( 2.293057806499314600, 2.305726728064991300, 0.4208712150000000800 ) ) ;
#5907 = DIRECTION ( 'NONE',  ( 0.0000000000000000000, 0.0000000000000000000, -1.000000000000000000 ) ) ;
#5908 = LINE ( 'NONE', #793, #5903 ) ;
#5909 = ADVANCED_FACE ( 'NONE', ( #3208 ), #2440, .T. ) ;
#5910 = CARTESIAN_POINT ( 'NONE',  ( -3.150000000000000400, 6.500000000000002700, -9.500000000000000000 ) ) ;
#5911 = AXIS2_PLACEMENT_3D ( 'NONE', #6250, #5067, #5096 ) ;
#5912 = ORIENTED_EDGE ( 'NONE', *, *, #2795, .F. ) ;
#5913 = CARTESIAN_POINT ( 'NONE',  ( -5.210112672129999300, 0.9221410376900001100, 2.294890372999999900 ) ) ;
#5914 = DIRECTION ( 'NONE',  ( -0.0000000000000000000, 0.0000000000000000000, -1.000000000000000000 ) ) ;
#5915 = PLANE ( 'NONE',  #2895 ) ;
#5916 = VERTEX_POINT ( 'NONE', #2416 ) ;
#5917 = ORIENTED_EDGE ( 'NONE', *, *, #6432, .F. ) ;
#5918 = ORIENTED_EDGE ( 'NONE', *, *, #3683, .F. ) ;
#5919 = VERTEX_POINT ( 'NONE', #7135 ) ;
#5920 = LINE ( 'NONE', #6586, #5824 ) ;
#5921 = EDGE_CURVE ( 'NONE', #1527, #5573, #3040, .T. ) ;
#5922 = ORIENTED_EDGE ( 'NONE', *, *, #7446, .F. ) ;
#5923 = EDGE_CURVE ( 'NONE', #1980, #3622, #2959, .T. ) ;
#5924 = DIRECTION ( 'NONE',  ( 0.0000000000000000000, 0.0000000000000000000, 1.000000000000000000 ) ) ;
#5925 = DIRECTION ( 'NONE',  ( 1.057247017310005800E-016, 9.858987944910486600E-017, 1.000000000000000000 ) ) ;
#5926 = EDGE_LOOP ( 'NONE', ( #6783, #4648, #6396, #6112 ) ) ;
#5927 = ORIENTED_EDGE ( 'NONE', *, *, #5742, .T. ) ;
#5928 = ORIENTED_EDGE ( 'NONE', *, *, #3722, .T. ) ;
#5929 = LINE ( 'NONE', #5494, #5648 ) ;
#5930 = CARTESIAN_POINT ( 'NONE',  ( 0.4611989148589137900, -1.872986928011503000, -1.250000000000000000 ) ) ;
#5931 = ORIENTED_EDGE ( 'NONE', *, *, #3645, .T. ) ;
#5932 = AXIS2_PLACEMENT_3D ( 'NONE', #6268, #6220, #6197 ) ;
#5933 = ORIENTED_EDGE ( 'NONE', *, *, #4900, .T. ) ;
#5934 = DIRECTION ( 'NONE',  ( -0.0000000000000000000, -0.0000000000000000000, -1.000000000000000000 ) ) ;
#5935 = EDGE_CURVE ( 'NONE', #2095, #2756, #1415, .T. ) ;
#5936 = EDGE_LOOP ( 'NONE', ( #2648, #1947, #5701 ) ) ;
#5937 = ORIENTED_EDGE ( 'NONE', *, *, #2098, .F. ) ;
#5938 = CARTESIAN_POINT ( 'NONE',  ( 0.0000000000000000000, -0.5999999999999999800, -0.5000000000000000000 ) ) ;
#5939 = CARTESIAN_POINT ( 'NONE',  ( 5.099999999999999600, 0.0000000000000000000, -2.475000000888888200 ) ) ;
#5940 = AXIS2_PLACEMENT_3D ( 'NONE', #2438, #6535, #3016 ) ;
#5941 = CARTESIAN_POINT ( 'NONE',  ( 1.026482917000000100, 2.008593675000000200, -0.6500000000000001300 ) ) ;
#5942 = CARTESIAN_POINT ( 'NONE',  ( -4.760708033000000200, 1.736652725000000100, 2.229907224000000200 ) ) ;
#5943 = EDGE_LOOP ( 'NONE', ( #3873, #5331, #6418, #1308 ) ) ;
#5944 = PLANE ( 'NONE',  #4425 ) ;
#5945 = LINE ( 'NONE', #2240, #2266 ) ;
#5946 = VECTOR ( 'NONE', #3992, 1000.000000000000000 ) ;
#5947 = VERTEX_POINT ( 'NONE', #2461 ) ;
#5948 = CARTESIAN_POINT ( 'NONE',  ( 0.1157259918938521900, 2.325679180113828800, -1.808692120000615600 ) ) ;
#5949 = AXIS2_PLACEMENT_3D ( 'NONE', #6590, #3065, #7193 ) ;
#5950 = PLANE ( 'NONE',  #5239 ) ;
#5951 = EDGE_CURVE ( 'NONE', #7147, #7576, #2757, .T. ) ;
#5952 = EDGE_LOOP ( 'NONE', ( #2403, #1091, #2650, #6097 ) ) ;
#5953 = EDGE_CURVE ( 'NONE', #455, #6871, #644, .T. ) ;
#5954 = LINE ( 'NONE', #2714, #5884 ) ;
#5955 = CARTESIAN_POINT ( 'NONE',  ( 5.000000000000000000, 0.1811643243852644700, 1.139679446892882600 ) ) ;
#5956 = EDGE_LOOP ( 'NONE', ( #6038, #5069 ) ) ;
#5957 = ADVANCED_FACE ( 'NONE', ( #2852 ), #2863, .T. ) ;
#5958 = VECTOR ( 'NONE', #1733, 1000.000000000000000 ) ;
#5959 = CARTESIAN_POINT ( 'NONE',  ( -1.680000000000063700, -8.097554353952329400, 0.3881447514930643800 ) ) ;
#5960 = DIRECTION ( 'NONE',  ( 0.7313537008375617900, 0.6819983609006711200, -1.485287589188267700E-010 ) ) ;
#5961 = PRODUCT_RELATED_PRODUCT_CATEGORY ( 'part', '', ( #15 ) ) ;
#5962 = DIRECTION ( 'NONE',  ( 1.000000000000000000, 0.0000000000000000000, 0.0000000000000000000 ) ) ;
#5963 = CARTESIAN_POINT ( 'NONE',  ( 2.433618704727592300, 4.500000000000002700, -9.500000000000000000 ) ) ;
#5964 = CARTESIAN_POINT ( 'NONE',  ( 3.109248960358342600, -8.626311989950869100, -0.7994643434423173200 ) ) ;
#5965 = CARTESIAN_POINT ( 'NONE',  ( 0.0000000000000000000, 0.1499999999999999700, -1.470000000000000000 ) ) ;
#5966 = CARTESIAN_POINT ( 'NONE',  ( 1.480000000000014200, -3.846410161513794400, -0.5000000000000000000 ) ) ;
#5967 = ORIENTED_EDGE ( 'NONE', *, *, #7121, .F. ) ;
#5968 = CARTESIAN_POINT ( 'NONE',  ( 4.089002478151814800, 10.68020481010351500, -4.419321689757706400E-007 ) ) ;
#5969 = DIRECTION ( 'NONE',  ( 0.0000000000000000000, -0.0000000000000000000, -1.000000000000000000 ) ) ;
#5970 = LINE ( 'NONE', #2956, #6213 ) ;
#5971 = PRESENTATION_STYLE_ASSIGNMENT (( #869 ) ) ;
#5972 = CARTESIAN_POINT ( 'NONE',  ( 0.4814028460000001100, 2.666678362999999500, -1.830396426000000100 ) ) ;
#5973 = CARTESIAN_POINT ( 'NONE',  ( -4.354457450999999100, -0.09582523000000003900, 2.392365097999999500 ) ) ;
#5974 = ORIENTED_EDGE ( 'NONE', *, *, #3006, .F. ) ;
#5975 = EDGE_CURVE ( 'NONE', #4914, #1368, #3032, .T. ) ;
#5976 = CARTESIAN_POINT ( 'NONE',  ( 0.8421720712301092900, -0.01900000000000000000, -0.5000000000000000000 ) ) ;
#5977 = B_SPLINE_CURVE_WITH_KNOTS ( 'NONE', 3,
 ( #2358, #7037, #1092, #5300 ),
 .UNSPECIFIED., .F., .F.,
 ( 4, 4 ),
 ( 2.069608617661169100E-005, 0.0005743353144943134400 ),
 .UNSPECIFIED. ) ;
#5978 = CARTESIAN_POINT ( 'NONE',  ( 5.000000000000000900, 4.030266345676414900E-031, 0.0000000000000000000 ) ) ;
#5979 = ADVANCED_FACE ( 'NONE', ( #2577 ), #6777, .T. ) ;
#5980 = VERTEX_POINT ( 'NONE', #6217 ) ;
#5981 = ADVANCED_FACE ( 'NONE', ( #2501 ), #5031, .F. ) ;
#5982 = SURFACE_STYLE_FILL_AREA ( #1938 ) ;
#5983 = CARTESIAN_POINT ( 'NONE',  ( 4.999999999999999100, 1.122954751601937800, 0.2880454889905595400 ) ) ;
#5984 = VERTEX_POINT ( 'NONE', #4419 ) ;
#5985 = ORIENTED_EDGE ( 'NONE', *, *, #1030, .F. ) ;
#5986 = FACE_OUTER_BOUND ( 'NONE', #1338, .T. ) ;
#5987 = COLOUR_RGB ( '',1.000000000000000000, 0.8078431372549019800, 0.4980392156862745200 ) ;
#5988 = ORIENTED_EDGE ( 'NONE', *, *, #331, .T. ) ;
#5989 = DIRECTION ( 'NONE',  ( 1.000000000000000000, -0.0000000000000000000, 0.0000000000000000000 ) ) ;
#5990 = EDGE_CURVE ( 'NONE', #6507, #5919, #2669, .T. ) ;
#5991 = DIRECTION ( 'NONE',  ( -0.0000000000000000000, -0.0000000000000000000, -1.000000000000000000 ) ) ;
#5992 = CARTESIAN_POINT ( 'NONE',  ( 1.679999999999972000, -3.499999999999915200, -0.5000000000000000000 ) ) ;
#5993 = AXIS2_PLACEMENT_3D ( 'NONE', #4945, #1378, #2047 ) ;
#5994 = CARTESIAN_POINT ( 'NONE',  ( 2.227824838616135700, 2.394918393514539300, 0.4207519053745840700 ) ) ;
#5995 = FACE_OUTER_BOUND ( 'NONE', #1383, .T. ) ;
#5996 = CARTESIAN_POINT ( 'NONE',  ( 3.775039030999999900, 2.542858861999999700, -1.781851413999999900 ) ) ;
#5997 = CARTESIAN_POINT ( 'NONE',  ( 4.159708342620710700, 10.62087182505018400, -1.210636868539792000E-007 ) ) ;
#5998 = DIRECTION ( 'NONE',  ( -1.000000000000000000, -9.074390932398254800E-015, 0.0000000000000000000 ) ) ;
#5999 = ORIENTED_EDGE ( 'NONE', *, *, #842, .F. ) ;
#6000 = CARTESIAN_POINT ( 'NONE',  ( 2.296174479999998600, 2.289692832000000100, -0.5371089009999999700 ) ) ;
#6001 = CARTESIAN_POINT ( 'NONE',  ( -4.877963324000000400, 0.5650556420000001400, 2.327381948000001100 ) ) ;
#6002 = LINE ( 'NONE', #3770, #6086 ) ;
#6003 = CARTESIAN_POINT ( 'NONE',  ( 0.5763303225099999400, 2.178318831960000000, -1.760722740999999900 ) ) ;
#6004 = AXIS2_PLACEMENT_3D ( 'NONE', #2736, #6826, #6271 ) ;
#6005 = DIRECTION ( 'NONE',  ( 0.9816271834477781100, 0.1908089953759578000, -0.0000000000000000000 ) ) ;
#6006 = FACE_OUTER_BOUND ( 'NONE', #996, .T. ) ;
#6007 = FACE_OUTER_BOUND ( 'NONE', #2684, .T. ) ;
#6008 = ADVANCED_FACE ( 'NONE', ( #2709, #2543 ), #3880, .T. ) ;
#6009 = VECTOR ( 'NONE', #3209, 1000.000000000000000 ) ;
#6010 = ADVANCED_FACE ( 'NONE', ( #2490 ), #1473, .F. ) ;
#6011 = DIRECTION ( 'NONE',  ( 0.9816271834475899200, 0.1908089953769258600, 2.128564658446812500E-015 ) ) ;
#6012 = CARTESIAN_POINT ( 'NONE',  ( 8.650000000000087400, -0.4999999999999997800, -2.500000000000000000 ) ) ;
#6013 = VERTEX_POINT ( 'NONE', #5058 ) ;
#6014 = DIRECTION ( 'NONE',  ( 0.9816271834651892900, 0.1908089952863843400, 0.0000000000000000000 ) ) ;
#6015 = DIRECTION ( 'NONE',  ( -0.6427876096866972400, 0.7660444431188455600, 0.0000000000000000000 ) ) ;
#6016 = DIRECTION ( 'NONE',  ( 6.195440985631454300E-016, -1.000000000000000000, 0.0000000000000000000 ) ) ;
#6017 = ORIENTED_EDGE ( 'NONE', *, *, #2271, .F. ) ;
#6018 = ORIENTED_EDGE ( 'NONE', *, *, #3823, .F. ) ;
#6019 = DIRECTION ( 'NONE',  ( 0.1908089951912106100, -0.9816271834836892700, 0.0000000000000000000 ) ) ;
#6020 = CARTESIAN_POINT ( 'NONE',  ( -4.899146003808400700, 1.180431362492200000, 2.270521692000000400 ) ) ;
#6021 = ORIENTED_EDGE ( 'NONE', *, *, #3431, .T. ) ;
#6022 = ORIENTED_EDGE ( 'NONE', *, *, #4333, .F. ) ;
#6023 = DIRECTION ( 'NONE',  ( 0.0000000000000000000, -0.0000000000000000000, -1.000000000000000000 ) ) ;
#6024 = DIRECTION ( 'NONE',  ( -0.0000000000000000000, -0.0000000000000000000, -1.000000000000000000 ) ) ;
#6025 = VERTEX_POINT ( 'NONE', #2727 ) ;
#6026 = ORIENTED_EDGE ( 'NONE', *, *, #2721, .T. ) ;
#6027 = EDGE_CURVE ( 'NONE', #3613, #2023, #2406, .T. ) ;
#6028 = CARTESIAN_POINT ( 'NONE',  ( -4.194651551751514200, 10.55250574057412800, 3.029891001007694500E-007 ) ) ;
#6029 = DIRECTION ( 'NONE',  ( 1.000000000000000000, 0.0000000000000000000, 0.0000000000000000000 ) ) ;
#6030 = AXIS2_PLACEMENT_3D ( 'NONE', #2286, #6380, #2859 ) ;
#6031 = CARTESIAN_POINT ( 'NONE',  ( 1.180000000000000400, -1.457986928011507600, -1.250000000000000400 ) ) ;
#6032 = DIRECTION ( 'NONE',  ( -1.000000000000000000, -0.0000000000000000000, 0.0000000000000000000 ) ) ;
#6033 = DIRECTION ( 'NONE',  ( 0.0000000000000000000, 0.0000000000000000000, -1.000000000000000000 ) ) ;
#6034 = DIRECTION ( 'NONE',  ( -0.9816271834477411400, -0.1908089953761477600, 0.0000000000000000000 ) ) ;
#6035 = EDGE_LOOP ( 'NONE', ( #2807, #3004, #3345, #3601 ) ) ;
#6036 = DIRECTION ( 'NONE',  ( 1.000000000000000000, 0.0000000000000000000, 0.0000000000000000000 ) ) ;
#6037 = VECTOR ( 'NONE', #3231, 1000.000000000000000 ) ;
#6038 = ORIENTED_EDGE ( 'NONE', *, *, #4740, .T. ) ;
#6039 = CARTESIAN_POINT ( 'NONE',  ( 4.749999999999999100, 0.0000000000000000000, 1.000000000000000000 ) ) ;
#6040 = CARTESIAN_POINT ( 'NONE',  ( 1.212288179811435800, -3.431491604338474200, -2.168404344971008900E-016 ) ) ;
#6041 = CARTESIAN_POINT ( 'NONE',  ( 0.5768073450195675400, 2.175864763978032600, 1.760722740972010500 ) ) ;
#6042 = CARTESIAN_POINT ( 'NONE',  ( -4.000000000000000000, 0.0000000000000000000, -7.099999998099998600 ) ) ;
#6043 = LINE ( 'NONE', #4531, #6787 ) ;
#6044 = FILL_AREA_STYLE ('',( #1915 ) ) ;
#6045 = ADVANCED_FACE ( 'NONE', ( #2368 ), #898, .T. ) ;
#6046 = ORIENTED_EDGE ( 'NONE', *, *, #2623, .T. ) ;
#6047 = ADVANCED_FACE ( 'NONE', ( #2223 ), #2126, .T. ) ;
#6048 = LINE ( 'NONE', #2026, #6259 ) ;
#6049 = EDGE_CURVE ( 'NONE', #3665, #5527, #2217, .T. ) ;
#6050 = LINE ( 'NONE', #2970, #1074 ) ;
#6051 = EDGE_CURVE ( 'NONE', #2641, #1359, #2179, .T. ) ;
#6052 = CARTESIAN_POINT ( 'NONE',  ( -4.122967883355301800, 10.65805887111506300, -9.814514441920924800E-008 ) ) ;
#6053 = CARTESIAN_POINT ( 'NONE',  ( -6.325000000000000200, 0.0000000000000000000, 0.0000000000000000000 ) ) ;
#6054 = ORIENTED_EDGE ( 'NONE', *, *, #2011, .T. ) ;
#6055 = DIRECTION ( 'NONE',  ( -0.0000000000000000000, 0.0000000000000000000, -1.000000000000000000 ) ) ;
#6056 = CARTESIAN_POINT ( 'NONE',  ( 0.1000000000000003700, 1.700000000000000200, -1.040949779275250400E-016 ) ) ;
#6057 = ORIENTED_EDGE ( 'NONE', *, *, #7204, .F. ) ;
#6058 = CARTESIAN_POINT ( 'NONE',  ( -4.000000000038468800, 0.3000000000000008200, -0.3000000000000000400 ) ) ;
#6059 = DIRECTION ( 'NONE',  ( 1.000000000000000000, -0.0000000000000000000, 0.0000000000000000000 ) ) ;
#6060 = ORIENTED_EDGE ( 'NONE', *, *, #1499, .F. ) ;
#6061 = VECTOR ( 'NONE', #614, 1000.000000000000000 ) ;
#6062 = CARTESIAN_POINT ( 'NONE',  ( -1.500000000000000000, 1.072026160000000100, 4.349999999999999600 ) ) ;
#6063 = DIRECTION ( 'NONE',  ( 1.000000000000000000, -0.0000000000000000000, -0.0000000000000000000 ) ) ;
#6064 = EDGE_LOOP ( 'NONE', ( #6439, #4781 ) ) ;
#6065 = ORIENTED_EDGE ( 'NONE', *, *, #6732, .T. ) ;
#6066 = DIRECTION ( 'NONE',  ( 0.0000000000000000000, -1.000000000000000000, 1.224646799147353200E-016 ) ) ;
#6067 = CARTESIAN_POINT ( 'NONE',  ( 0.7000000000000000700, 0.0000000000000000000, 0.0000000000000000000 ) ) ;
#6068 = LINE ( 'NONE', #3445, #6126 ) ;
#6069 = EDGE_CURVE ( 'NONE', #7570, #5315, #1145, .T. ) ;
#6070 = PRODUCT ( 'DCJ235-05-03', 'DCJ235-05-03', '', ( #6987 ) ) ;
#6071 = DIRECTION ( 'NONE',  ( 1.000000000000000000, 3.097720492815727200E-016, 0.0000000000000000000 ) ) ;
#6072 = VECTOR ( 'NONE', #3610, 1000.000000000000000 ) ;
#6073 = LINE ( 'NONE', #3758, #5795 ) ;
#6074 = ORIENTED_EDGE ( 'NONE', *, *, #678, .T. ) ;
#6075 = AXIS2_PLACEMENT_3D ( 'NONE', #7248, #7056, #7032 ) ;
#6076 = DIRECTION ( 'NONE',  ( 0.9396926208241461700, 0.3420201432206112500, 0.0000000000000000000 ) ) ;
#6077 = DIRECTION ( 'NONE',  ( 0.0000000000000000000, 1.000000000000000000, -1.084202164660894100E-013 ) ) ;
#6078 = CARTESIAN_POINT ( 'NONE',  ( 8.800000000000089500, -0.6499999999999829200, -2.500000000000000000 ) ) ;
#6079 = CARTESIAN_POINT ( 'NONE',  ( -4.113518773824008400, -0.09665630348460255200, -2.408610885063026800 ) ) ;
#6080 = ORIENTED_EDGE ( 'NONE', *, *, #1553, .T. ) ;
#6081 = VERTEX_POINT ( 'NONE', #952 ) ;
#6082 = CARTESIAN_POINT ( 'NONE',  ( -0.5703366181475395500, 2.694821466158217000, -1.868632586879749500 ) ) ;
#6083 = EDGE_CURVE ( 'NONE', #2686, #2356, #1983, .T. ) ;
#6084 = LINE ( 'NONE', #6454, #2748 ) ;
#6085 = FACE_OUTER_BOUND ( 'NONE', #1046, .T. ) ;
#6086 = VECTOR ( 'NONE', #7328, 1000.000000000000000 ) ;
#6087 = ADVANCED_FACE ( 'NONE', ( #2024 ), #1818, .T. ) ;
#6088 = ADVANCED_FACE ( 'NONE', ( #2119 ), #1725, .T. ) ;
#6089 = DIRECTION ( 'NONE',  ( 1.000000000000000000, -0.0000000000000000000, -0.0000000000000000000 ) ) ;
#6090 = CARTESIAN_POINT ( 'NONE',  ( -4.000000000012820000, 11.00000000000000000, -3.300000000000000300 ) ) ;
#6091 = CARTESIAN_POINT ( 'NONE',  ( -1.680000000000063700, -3.500000000000000000, 0.0000000000000000000 ) ) ;
#6092 = FACE_OUTER_BOUND ( 'NONE', #3389, .T. ) ;
#6093 = AXIS2_PLACEMENT_3D ( 'NONE', #7403, #5653, #2127 ) ;
#6094 = CARTESIAN_POINT ( 'NONE',  ( 1.241693083999999800, 2.084722412999999700, -0.5371089009999999700 ) ) ;
#6095 = DIRECTION ( 'NONE',  ( 1.000000000000000000, 0.0000000000000000000, 0.0000000000000000000 ) ) ;
#6096 = VECTOR ( 'NONE', #170, 1000.000000000000000 ) ;
#6097 = ORIENTED_EDGE ( 'NONE', *, *, #6051, .F. ) ;
#6098 = CARTESIAN_POINT ( 'NONE',  ( 1.882705143958806100, 2.582513093991993800, 0.2050252530245823300 ) ) ;
#6099 = DIRECTION ( 'NONE',  ( 0.8948067165292168400, -0.4464537378656401300, 0.0000000000000000000 ) ) ;
#6100 = CARTESIAN_POINT ( 'NONE',  ( -1.107023541629918800, 2.823668599452713800, 1.924045491045014900 ) ) ;
#6101 = ORIENTED_EDGE ( 'NONE', *, *, #3711, .T. ) ;
#6102 = DIRECTION ( 'NONE',  ( 0.0000000000000000000, 1.000000000000000000, 0.0000000000000000000 ) ) ;
#6103 = EDGE_LOOP ( 'NONE', ( #6325, #3639, #2818, #2454 ) ) ;
#6104 = EDGE_CURVE ( 'NONE', #1359, #3962, #2329, .T. ) ;
#6105 = CARTESIAN_POINT ( 'NONE',  ( -3.000000000000000000, 0.0000000000000000000, -2.499999999379999900 ) ) ;
#6106 = ORIENTED_EDGE ( 'NONE', *, *, #3624, .T. ) ;
#6107 = EDGE_CURVE ( 'NONE', #4120, #5215, #1928, .T. ) ;
#6108 = SHAPE_REPRESENTATION_RELATIONSHIP ( 'NONE' , 'NONE' ,  #7482, #4180 ) ;
#6109 = ORIENTED_EDGE ( 'NONE', *, *, #7022, .F. ) ;
#6110 = DIRECTION ( 'NONE',  ( 0.0000000000000000000, 0.0000000000000000000, 1.000000000000000000 ) ) ;
#6111 = ORIENTED_EDGE ( 'NONE', *, *, #5901, .T. ) ;
#6112 = ORIENTED_EDGE ( 'NONE', *, *, #20, .F. ) ;
#6113 = ORIENTED_EDGE ( 'NONE', *, *, #7444, .T. ) ;
#6114 = DIRECTION ( 'NONE',  ( 0.0000000000000000000, 0.0000000000000000000, 1.000000000000000000 ) ) ;
#6115 = CARTESIAN_POINT ( 'NONE',  ( 1.500000000000000000, -8.097554353952329400, 0.3881447514930640400 ) ) ;
#6116 = EDGE_CURVE ( 'NONE', #3955, #3714, #1773, .T. ) ;
#6117 = CYLINDRICAL_SURFACE ( 'NONE', #572, 0.8000000057735429100 ) ;
#6118 = ORIENTED_EDGE ( 'NONE', *, *, #1712, .F. ) ;
#6119 = ORIENTED_EDGE ( 'NONE', *, *, #2912, .F. ) ;
#6120 = ADVANCED_FACE ( 'NONE', ( #1828 ), #7553, .T. ) ;
#6121 = PRODUCT_DEFINITION_CONTEXT ( 'detailed design', #4612, 'design' ) ;
#6122 = LINE ( 'NONE', #2283, #6212 ) ;
#6123 = VERTEX_POINT ( 'NONE', #3416 ) ;
#6124 = EDGE_CURVE ( 'NONE', #5236, #84, #1518, .T. ) ;
#6125 = CARTESIAN_POINT ( 'NONE',  ( 7.150000000000093600, -0.5000000000000000000, -0.5000000000000000000 ) ) ;
#6126 = VECTOR ( 'NONE', #3516, 1000.000000000000000 ) ;
#6127 = CARTESIAN_POINT ( 'NONE',  ( 2.025016295975869100, 2.610175579995307700, 0.3500000000419646900 ) ) ;
#6128 = CARTESIAN_POINT ( 'NONE',  ( -4.542694661426423900, 1.839231018739051300, 2.213661436060570000 ) ) ;
#6129 = CARTESIAN_POINT ( 'NONE',  ( -7.499998885829306500E-010, 0.2500000000000000000, -3.500000000000000000 ) ) ;
#6130 = CARTESIAN_POINT ( 'NONE',  ( -3.000000000005127900, 0.0000000000000000000, 3.000000000000000000 ) ) ;
#6131 = AXIS2_PLACEMENT_3D ( 'NONE', #3612, #28, #4205 ) ;
#6132 = ORIENTED_EDGE ( 'NONE', *, *, #2515, .F. ) ;
#6133 = DIRECTION ( 'NONE',  ( 1.000000000000000000, -1.156482317317871300E-015, 0.0000000000000000000 ) ) ;
#6134 = CARTESIAN_POINT ( 'NONE',  ( 8.800000000000089500, -6.529999999999971800, -1.250000000000000000 ) ) ;
#6135 = CARTESIAN_POINT ( 'NONE',  ( 1.500000000000000000, -7.161999999999992800, 0.0000000000000000000 ) ) ;
#6136 = VECTOR ( 'NONE', #7065, 1000.000000000000000 ) ;
#6137 = DIRECTION ( 'NONE',  ( 0.0000000000000000000, 0.0000000000000000000, -1.000000000000000000 ) ) ;
#6138 = ORIENTED_EDGE ( 'NONE', *, *, #734, .T. ) ;
#6139 = ORIENTED_EDGE ( 'NONE', *, *, #3565, .F. ) ;
#6140 = PRESENTATION_LAYER_ASSIGNMENT (  '', '', ( #4920 ) ) ;
#6141 = DIRECTION ( 'NONE',  ( -1.000000000000000000, -0.0000000000000000000, -0.0000000000000000000 ) ) ;
#6142 = CARTESIAN_POINT ( 'NONE',  ( 2.092042845909154500, 2.368525047784824100, 0.3795043146478309100 ) ) ;
#6143 = EDGE_CURVE ( 'NONE', #3685, #2172, #1621, .T. ) ;
#6144 = CARTESIAN_POINT ( 'NONE',  ( 4.749999999999999100, 1.224646799147353200E-016, -1.000000000000000000 ) ) ;
#6145 = CARTESIAN_POINT ( 'NONE',  ( -4.000000000000000000, 0.0000000000000000000, -0.3000000000000000400 ) ) ;
#6146 = DIRECTION ( 'NONE',  ( -0.0000000000000000000, -1.000000000000000000, -0.0000000000000000000 ) ) ;
#6147 = CARTESIAN_POINT ( 'NONE',  ( -3.000000000000000000, 0.2500000000000000000, -3.500000000000000000 ) ) ;
#6148 = FACE_OUTER_BOUND ( 'NONE', #1927, .T. ) ;
#6149 = CARTESIAN_POINT ( 'NONE',  ( 0.0000000000000000000, 0.0000000000000000000, 1.250000001500000300 ) ) ;
#6150 = CARTESIAN_POINT ( 'NONE',  ( 0.0000000000000000000, 0.0000000000000000000, -1.040949779275250400E-016 ) ) ;
#6151 = VERTEX_POINT ( 'NONE', #5809 ) ;
#6152 = ADVANCED_FACE ( 'NONE', ( #1409 ), #1313, .T. ) ;
#6153 = LINE ( 'NONE', #5670, #223 ) ;
#6154 = VERTEX_POINT ( 'NONE', #5230 ) ;
#6155 = CARTESIAN_POINT ( 'NONE',  ( -1.680000000000063700, -4.077736754661766700, 2.648718990650282400 ) ) ;
#6156 = VERTEX_POINT ( 'NONE', #1675 ) ;
#6157 = ORIENTED_EDGE ( 'NONE', *, *, #6432, .T. ) ;
#6158 = DIRECTION ( 'NONE',  ( 1.000000000000000000, 0.0000000000000000000, 0.0000000000000000000 ) ) ;
#6159 = CARTESIAN_POINT ( 'NONE',  ( 0.2729938341020199900, -3.007006165897969700, -1.250000000000000400 ) ) ;
#6160 = CARTESIAN_POINT ( 'NONE',  ( 0.2729938341020197700, -3.007006165897969700, 1.250000000000000000 ) ) ;
#6161 = EDGE_LOOP ( 'NONE', ( #1323, #4131, #5127, #4862 ) ) ;
#6162 = LINE ( 'NONE', #3202, #6037 ) ;
#6163 = ORIENTED_EDGE ( 'NONE', *, *, #2496, .F. ) ;
#6164 = EDGE_CURVE ( 'NONE', #7162, #7570, #1419, .T. ) ;
#6165 = VECTOR ( 'NONE', #133, 1000.000000000000000 ) ;
#6166 = CARTESIAN_POINT ( 'NONE',  ( -3.000000000000000000, 4.500000000000002700, -3.799999999724998900 ) ) ;
#6167 = CARTESIAN_POINT ( 'NONE',  ( 1.866990572502316400, 2.324779317287970000, -0.08643547412402728700 ) ) ;
#6168 = AXIS2_PLACEMENT_3D ( 'NONE', #4446, #2762, #2816 ) ;
#6169 = CARTESIAN_POINT ( 'NONE',  ( 8.650000000000101600, -0.6499999999999889200, -0.5000000000000000000 ) ) ;
#6170 = FACE_OUTER_BOUND ( 'NONE', #2619, .T. ) ;
#6171 = VERTEX_POINT ( 'NONE', #6415 ) ;
#6172 = CYLINDRICAL_SURFACE ( 'NONE', #5071, 1.000000002919180500 ) ;
#6173 = CYLINDRICAL_SURFACE ( 'NONE', #2439, 0.2000000020000000900 ) ;
#6174 = CARTESIAN_POINT ( 'NONE',  ( 1.200524771764441400, -3.455068462671089200, -1.249791738509154100 ) ) ;
#6175 = LINE ( 'NONE', #3789, #6009 ) ;
#6176 = DIRECTION ( 'NONE',  ( 1.000000000000000000, -0.0000000000000000000, -0.0000000000000000000 ) ) ;
#6177 = CIRCLE ( 'NONE', #4654, 2.149999999999947500 ) ;
#6178 = DIRECTION ( 'NONE',  ( -0.0000000000000000000, -0.0000000000000000000, -1.000000000000000000 ) ) ;
#6179 = ORIENTED_EDGE ( 'NONE', *, *, #4263, .T. ) ;
#6180 = FACE_OUTER_BOUND ( 'NONE', #5936, .T. ) ;
#6181 = AXIS2_PLACEMENT_3D ( 'NONE', #4389, #809, #4990 ) ;
#6182 = CARTESIAN_POINT ( 'NONE',  ( -4.052506017119213800, 0.3053477860385159800, 3.021737317874138400E-007 ) ) ;
#6183 = CARTESIAN_POINT ( 'NONE',  ( 5.099999999999998800, 0.0000000000000000000, -3.500000000000000000 ) ) ;
#6184 = UNCERTAINTY_MEASURE_WITH_UNIT (LENGTH_MEASURE( 1.000000000000000100E-005 ), #1623, 'distance_accuracy_value', 'NONE');
#6185 = CARTESIAN_POINT ( 'NONE',  ( -0.06711243600000001100, 2.155179588000000200, -1.808692120000000100 ) ) ;
#6186 = LINE ( 'NONE', #7342, #7203 ) ;
#6187 = EDGE_CURVE ( 'NONE', #6507, #1997, #1600, .T. ) ;
#6188 = EDGE_CURVE ( 'NONE', #6771, #3255, #1305, .T. ) ;
#6189 = VERTEX_POINT ( 'NONE', #1003 ) ;
#6190 = SURFACE_STYLE_USAGE ( .BOTH. , #2074 ) ;
#6191 = ADVANCED_FACE ( 'NONE', ( #1105 ), #1023, .T. ) ;
#6192 = CARTESIAN_POINT ( 'NONE',  ( 0.0000000000000000000, 0.0000000000000000000, -2.474999999999999600 ) ) ;
#6193 = ORIENTED_EDGE ( 'NONE', *, *, #6248, .T. ) ;
#6194 = ORIENTED_EDGE ( 'NONE', *, *, #3748, .T. ) ;
#6195 = VERTEX_POINT ( 'NONE', #7023 ) ;
#6196 = CARTESIAN_POINT ( 'NONE',  ( 2.226274658000000400, 2.649296242000000100, -0.4378679660000001600 ) ) ;
#6197 = DIRECTION ( 'NONE',  ( 0.0000000000000000000, 0.0000000000000000000, 1.000000000000000000 ) ) ;
#6198 = AXIS2_PLACEMENT_3D ( 'NONE', #1347, #1156, #861 ) ;
#6199 = CARTESIAN_POINT ( 'NONE',  ( 2.302598255712724900, 2.256645368975102700, -0.6499999998763922300 ) ) ;
#6200 = CARTESIAN_POINT ( 'NONE',  ( -1.050000000000000000, 6.500000000000002700, -12.00000000000000000 ) ) ;
#6201 = LINE ( 'NONE', #1989, #4070 ) ;
#6202 = CARTESIAN_POINT ( 'NONE',  ( 1.194644752127112600, -3.466853515899579900, 1.249375141688955400 ) ) ;
#6203 = VECTOR ( 'NONE', #3911, 1000.000000000000000 ) ;
#6204 = CARTESIAN_POINT ( 'NONE',  ( -3.000000000000000000, 0.0000000000000000000, 3.000000000000000000 ) ) ;
#6205 = CARTESIAN_POINT ( 'NONE',  ( -4.158058922507387400, 0.3770321815584201700, -9.814582742689345400E-008 ) ) ;
#6206 = TOROIDAL_SURFACE ( 'NONE', #4565, 1.600000000000000100, 0.09999999999999977000 ) ;
#6207 = CARTESIAN_POINT ( 'NONE',  ( 0.5768073450195675400, 2.175864763978032600, 1.760722740972010500 ) ) ;
#6208 = VECTOR ( 'NONE', #532, 1000.000000000000100 ) ;
#6209 = ORIENTED_EDGE ( 'NONE', *, *, #1289, .F. ) ;
#6210 = EDGE_CURVE ( 'NONE', #2848, #4334, #1508, .T. ) ;
#6211 = CARTESIAN_POINT ( 'NONE',  ( 0.1748265084600000000, 2.265967327530000700, -1.800693304190000000 ) ) ;
#6212 = VECTOR ( 'NONE', #4017, 1000.000000000000000 ) ;
#6213 = VECTOR ( 'NONE', #5680, 1000.000000000000100 ) ;
#6215 = B_SPLINE_CURVE_WITH_KNOTS ( 'NONE', 3,
 ( #6231, #3869, #2151, #6256 ),
 .UNSPECIFIED., .F., .F.,
 ( 4, 4 ),
 ( 0.0000000000000000000, 0.0002676765353282482600 ),
 .UNSPECIFIED. ) ;
#6214 = PRESENTATION_STYLE_ASSIGNMENT (( #5189 ) ) ;
#6216 = CARTESIAN_POINT ( 'NONE',  ( 1.180000000000000400, -1.457986928011507600, -1.250000000000000200 ) ) ;
#6217 = CARTESIAN_POINT ( 'NONE',  ( -0.8421720712301092900, -0.01899999999999989900, -0.5000000000000000000 ) ) ;
#6218 = LINE ( 'NONE', #2555, #7154 ) ;
#6219 = EDGE_CURVE ( 'NONE', #4344, #7697, #1065, .T. ) ;
#6220 = DIRECTION ( 'NONE',  ( -1.000000000000000000, 0.0000000000000000000, 0.0000000000000000000 ) ) ;
#6221 = CARTESIAN_POINT ( 'NONE',  ( -3.017431149000000100, -0.0007610580000000003300, -2.497991429999999900 ) ) ;
#6222 = SURFACE_STYLE_FILL_AREA ( #4547 ) ;
#6223 = VECTOR ( 'NONE', #3180, 1000.000000000000000 ) ;
#6224 = DIRECTION ( 'NONE',  ( 0.0000000000000000000, 0.0000000000000000000, 1.000000000000000000 ) ) ;
#6225 = CARTESIAN_POINT ( 'NONE',  ( 1.200524771758241000, -3.455068462683516600, 1.249791738508714300 ) ) ;
#6226 = ADVANCED_FACE ( 'NONE', ( #916 ), #495, .F. ) ;
#6227 = CARTESIAN_POINT ( 'NONE',  ( 0.6500000000000001300, -1.457986928011507600, -1.250000000000000200 ) ) ;
#6228 = AXIS2_PLACEMENT_3D ( 'NONE', #1556, #2790, #6876 ) ;
#6229 = COLOUR_RGB ( '',1.000000000000000000, 1.000000000000000000, 1.000000000000000000 ) ;
#6230 = CARTESIAN_POINT ( 'NONE',  ( 4.141440811175574100, 0.3585971346312216100, -2.486844441009519100E-016 ) ) ;
#6231 = CARTESIAN_POINT ( 'NONE',  ( -1.500000000005095500, -8.362965928353716500, -0.04405130339142063200 ) ) ;
#6232 = CARTESIAN_POINT ( 'NONE',  ( -3.000000000000000000, 3.949999999999999700, -9.950000000000001100 ) ) ;
#6233 = ORIENTED_EDGE ( 'NONE', *, *, #3241, .T. ) ;
#6234 = LINE ( 'NONE', #1764, #4536 ) ;
#6235 = VERTEX_POINT ( 'NONE', #3492 ) ;
#6236 = DIRECTION ( 'NONE',  ( 0.0000000000000000000, -0.9135454576426004200, 0.4067366430758009900 ) ) ;
#6237 =( GEOMETRIC_REPRESENTATION_CONTEXT ( 3 ) GLOBAL_UNCERTAINTY_ASSIGNED_CONTEXT ( ( #7551 ) ) GLOBAL_UNIT_ASSIGNED_CONTEXT ( ( #6260, #2722, #6816 ) ) REPRESENTATION_CONTEXT ( 'NONE', 'WORKASPACE' ) );
#6238 = CARTESIAN_POINT ( 'NONE',  ( 0.5768073457247381300, 2.175864764115103900, -1.760722740929753900 ) ) ;
#6239 = ORIENTED_EDGE ( 'NONE', *, *, #4985, .T. ) ;
#6240 = EDGE_LOOP ( 'NONE', ( #3185, #3747 ) ) ;
#6241 = AXIS2_PLACEMENT_3D ( 'NONE', #3137, #2352, #1937 ) ;
#6242 = VECTOR ( 'NONE', #3782, 1000.000000000000000 ) ;
#6243 = ORIENTED_EDGE ( 'NONE', *, *, #5765, .F. ) ;
#6244 = DIRECTION ( 'NONE',  ( -1.000000000000000000, 0.0000000000000000000, -0.0000000000000000000 ) ) ;
#6245 =( LENGTH_UNIT ( ) NAMED_UNIT ( * ) SI_UNIT ( .MILLI., .METRE. ) );
#6246 = CARTESIAN_POINT ( 'NONE',  ( -3.011635512999999400, -0.0002540060000000000300, -2.498661048999999900 ) ) ;
#6247 = CIRCLE ( 'NONE', #4326, 0.4999999999999145700 ) ;
#6248 = EDGE_CURVE ( 'NONE', #5114, #2135, #1013, .T. ) ;
#6249 = DIRECTION ( 'NONE',  ( 0.6819983595666071500, -0.7313537020815966700, 0.0000000000000000000 ) ) ;
#6250 = CARTESIAN_POINT ( 'NONE',  ( 0.0000000000000000000, 6.349999999999999600, -1.399999999999999900 ) ) ;
#6251 = SPHERICAL_SURFACE ( 'NONE', #4983, 1.175000000000000000 ) ;
#6252 = CARTESIAN_POINT ( 'NONE',  ( 3.727336782000001000, 2.788265658000000300, -0.5000000005544269500 ) ) ;
#6253 = CARTESIAN_POINT ( 'NONE',  ( 6.550901125459059700, 0.0000000000000000000, -2.500000000000000000 ) ) ;
#6254 = DIRECTION ( 'NONE',  ( -1.000000000000000000, -0.0000000000000000000, 0.0000000000000000000 ) ) ;
#6255 = CARTESIAN_POINT ( 'NONE',  ( 3.999999999980766500, 0.3000000000269199000, -2.168404344971008900E-016 ) ) ;
#6256 = CARTESIAN_POINT ( 'NONE',  ( -1.483414613336321300, -8.626311989950869100, 0.0005356623312257119100 ) ) ;
#6257 = LINE ( 'NONE', #4184, #5510 ) ;
#6258 = VERTEX_POINT ( 'NONE', #5284 ) ;
#6259 = VECTOR ( 'NONE', #6141, 1000.000000000000000 ) ;
#6260 =( LENGTH_UNIT ( ) NAMED_UNIT ( * ) SI_UNIT ( .MILLI., .METRE. ) );
#6261 = EDGE_CURVE ( 'NONE', #4355, #5373, #829, .T. ) ;
#6262 = LINE ( 'NONE', #771, #6364 ) ;
#6263 = FACE_OUTER_BOUND ( 'NONE', #2495, .T. ) ;
#6264 = DIRECTION ( 'NONE',  ( -0.9816271834836892700, -0.1908089951912106100, 0.0000000000000000000 ) ) ;
#6265 = DIRECTION ( 'NONE',  ( 0.0000000000000000000, 0.0000000000000000000, -1.000000000000000000 ) ) ;
#6266 = AXIS2_PLACEMENT_3D ( 'NONE', #3538, #7686, #4140 ) ;
#6267 = DIRECTION ( 'NONE',  ( 0.0000000000000000000, 0.0000000000000000000, 1.000000000000000000 ) ) ;
#6268 = CARTESIAN_POINT ( 'NONE',  ( 0.7000000000000000700, 0.0000000000000000000, 0.0000000000000000000 ) ) ;
#6269 = CARTESIAN_POINT ( 'NONE',  ( -3.005817774000000100, 2.000000000000001400E-009, -2.499330570000000100 ) ) ;
#6270 = CARTESIAN_POINT ( 'NONE',  ( 5.000000000000000000, 1.150064778129306500, -0.07279278346578331400 ) ) ;
#6271 = DIRECTION ( 'NONE',  ( 1.000000000000000000, 0.0000000000000000000, 0.0000000000000000000 ) ) ;
#6272 = VERTEX_POINT ( 'NONE', #514 ) ;
#6273 = CARTESIAN_POINT ( 'NONE',  ( -3.000000000034611900, 0.2500000000000000000, -3.500000000000000000 ) ) ;
#6274 = CARTESIAN_POINT ( 'NONE',  ( -3.849999999999999600, 0.0000000000000000000, 0.0000000000000000000 ) ) ;
#6275 = ORIENTED_EDGE ( 'NONE', *, *, #3116, .F. ) ;
#6276 = DIRECTION ( 'NONE',  ( 0.0000000000000000000, 0.0000000000000000000, 1.000000000000000000 ) ) ;
#6277 = DIRECTION ( 'NONE',  ( 0.0000000000000000000, 0.0000000000000000000, -1.000000000000000000 ) ) ;
#6278 = ORIENTED_EDGE ( 'NONE', *, *, #268, .T. ) ;
#6279 = ORIENTED_EDGE ( 'NONE', *, *, #3642, .F. ) ;
#6280 = ORIENTED_EDGE ( 'NONE', *, *, #95, .T. ) ;
#6281 = EDGE_CURVE ( 'NONE', #5007, #3086, #1116, .T. ) ;
#6282 = ORIENTED_EDGE ( 'NONE', *, *, #1385, .T. ) ;
#6283 =( NAMED_UNIT ( * ) PLANE_ANGLE_UNIT ( ) SI_UNIT ( $, .RADIAN. ) );
#6284 = VERTEX_POINT ( 'NONE', #5910 ) ;
#6285 = EDGE_CURVE ( 'NONE', #4908, #677, #652, .T. ) ;
#6286 = DIRECTION ( 'NONE',  ( 1.585870516606639000E-016, 1.478848182247045400E-016, 1.000000000000000000 ) ) ;
#6287 = DIRECTION ( 'NONE',  ( 0.0000000000000000000, 0.0000000000000000000, 1.000000000000000000 ) ) ;
#6288 = CARTESIAN_POINT ( 'NONE',  ( -3.017431149015777200, -0.0007610587080913516200, -2.497991430326798900 ) ) ;
#6289 = DIRECTION ( 'NONE',  ( 1.000000000000000000, 0.0000000000000000000, 0.0000000000000000000 ) ) ;
#6290 = CARTESIAN_POINT ( 'NONE',  ( 5.000000000000000900, 0.9248485390893533800, -0.7012976020141539200 ) ) ;
#6291 = AXIS2_PLACEMENT_3D ( 'NONE', #500, #412, #7593 ) ;
#6292 = LINE ( 'NONE', #26, #6072 ) ;
#6293 = DIRECTION ( 'NONE',  ( 0.0000000000000000000, -1.000000000000000000, 0.0000000000000000000 ) ) ;
#6294 = CARTESIAN_POINT ( 'NONE',  ( -3.000000000000000000, 4.500000000000002700, -9.950000003066669800 ) ) ;
#6295 = FACE_OUTER_BOUND ( 'NONE', #5037, .T. ) ;
#6296 = VECTOR ( 'NONE', #1153, 1000.000000000000000 ) ;
#6297 = ORIENTED_EDGE ( 'NONE', *, *, #5549, .T. ) ;
#6298 = DIRECTION ( 'NONE',  ( -1.000000000000000000, 0.0000000000000000000, 0.0000000000000000000 ) ) ;
#6299 = VECTOR ( 'NONE', #5695, 1000.000000000000000 ) ;
#6300 = DIRECTION ( 'NONE',  ( 0.6427876096864694200, -0.7660444431190367400, 0.0000000000000000000 ) ) ;
#6301 = ORIENTED_EDGE ( 'NONE', *, *, #2760, .T. ) ;
#6302 = EDGE_CURVE ( 'NONE', #3630, #4407, #701, .T. ) ;
#6303 = EDGE_LOOP ( 'NONE', ( #5754, #4156, #3350, #323, #6017, #848, #1477, #4453, #243, #2564 ) ) ;
#6304 = FACE_OUTER_BOUND ( 'NONE', #6944, .T. ) ;
#6305 = CARTESIAN_POINT ( 'NONE',  ( -1.480000000000243300, -3.153589838486131800, 0.0000000000000000000 ) ) ;
#6306 = DIRECTION ( 'NONE',  ( 1.000000000000000000, 0.0000000000000000000, 0.0000000000000000000 ) ) ;
#6307 = AXIS2_PLACEMENT_3D ( 'NONE', #6147, #1956, #5632 ) ;
#6308 = DIRECTION ( 'NONE',  ( 1.000000000000000000, 0.0000000000000000000, 0.0000000000000000000 ) ) ;
#6309 = CARTESIAN_POINT ( 'NONE',  ( -4.944791349812601500, 1.102480485661751200, -2.278644585613016600 ) ) ;
#6310 = EDGE_CURVE ( 'NONE', #2958, #1467, #738, .T. ) ;
#6311 = DIRECTION ( 'NONE',  ( 0.0000000000000000000, 0.0000000000000000000, 1.000000000000000000 ) ) ;
#6312 = CARTESIAN_POINT ( 'NONE',  ( 4.000000000000000000, 0.3000000000000000400, -0.3000000000000000400 ) ) ;
#6313 = CIRCLE ( 'NONE', #7706, 1.500000000010193200 ) ;
#6314 = DIRECTION ( 'NONE',  ( 9.962174560774483700E-017, -0.4067366430758052600, 0.9135454576425987600 ) ) ;
#6315 = CARTESIAN_POINT ( 'NONE',  ( -3.000000000000000000, 2.000000000000001400E-009, -2.500000000000000000 ) ) ;
#6316 = PLANE ( 'NONE',  #306 ) ;
#6317 = VECTOR ( 'NONE', #553, 1000.000000000000000 ) ;
#6318 =( NAMED_UNIT ( * ) PLANE_ANGLE_UNIT ( ) SI_UNIT ( $, .RADIAN. ) );
#6319 = AXIS2_PLACEMENT_3D ( 'NONE', #4671, #2389, #6485 ) ;
#6320 = LINE ( 'NONE', #6865, #6299 ) ;
#6321 = CARTESIAN_POINT ( 'NONE',  ( 5.000000000000000000, -1.094122993252349700, 0.3546485247340880900 ) ) ;
#6322 = CARTESIAN_POINT ( 'NONE',  ( -0.06711243305438797900, 2.155179590058323500, 1.808692119912290700 ) ) ;
#6323 = ORIENTED_EDGE ( 'NONE', *, *, #874, .T. ) ;
#6324 = CIRCLE ( 'NONE', #3799, 1.600000000000000100 ) ;
#6325 = ORIENTED_EDGE ( 'NONE', *, *, #1360, .F. ) ;
#6326 = CARTESIAN_POINT ( 'NONE',  ( 0.0000000000000000000, 6.349999999999999600, -1.399999999999999900 ) ) ;
#6327 = DIRECTION ( 'NONE',  ( -0.8948067165292168400, 0.4464537378656401300, -0.0000000000000000000 ) ) ;
#6328 = EDGE_CURVE ( 'NONE', #3680, #6343, #559, .T. ) ;
#6329 = CARTESIAN_POINT ( 'NONE',  ( 4.749999999999999100, -1.399999999999999900, 0.0000000000000000000 ) ) ;
#6330 = CYLINDRICAL_SURFACE ( 'NONE', #6369, 2.149999999999947500 ) ;
#6331 = EDGE_CURVE ( 'NONE', #3765, #2003, #552, .T. ) ;
#6332 = VERTEX_POINT ( 'NONE', #1787 ) ;
#6333 = LINE ( 'NONE', #3109, #6596 ) ;
#6334 = CARTESIAN_POINT ( 'NONE',  ( 0.0000000000000000000, 0.0000000000000000000, 0.0000000000000000000 ) ) ;
#6335 = PRODUCT_DEFINITION_FORMATION_WITH_SPECIFIED_SOURCE ( '任何', '', #6070, .NOT_KNOWN. ) ;
#6336 = CARTESIAN_POINT ( 'NONE',  ( 0.6500000000000001300, -0.3500000000444391500, -1.250000000000000200 ) ) ;
#6337 = ORIENTED_EDGE ( 'NONE', *, *, #1949, .F. ) ;
#6338 = CARTESIAN_POINT ( 'NONE',  ( -4.000000000000000000, 0.5000000000000000000, -12.00000000000000000 ) ) ;
#6339 = AXIS2_PLACEMENT_3D ( 'NONE', #5558, #5580, #6029 ) ;
#6340 = PLANE ( 'NONE',  #1062 ) ;
#6341 = VECTOR ( 'NONE', #5061, 1000.000000000000100 ) ;
#6342 = LINE ( 'NONE', #2051, #6096 ) ;
#6343 = VERTEX_POINT ( 'NONE', #2421 ) ;
#6344 = CARTESIAN_POINT ( 'NONE',  ( -2.999801311021975900, 2.000000000000001400E-009, -2.500022862414827100 ) ) ;
#6345 = FACE_OUTER_BOUND ( 'NONE', #2570, .T. ) ;
#6346 = CARTESIAN_POINT ( 'NONE',  ( -0.4880427656623408400, 2.973141920593887400, 1.877947371711974300 ) ) ;
#6347 =( NAMED_UNIT ( * ) SI_UNIT ( $, .STERADIAN. ) SOLID_ANGLE_UNIT ( ) );
#6348 = VERTEX_POINT ( 'NONE', #1160 ) ;
#6349 = DIRECTION ( 'NONE',  ( -0.0000000000000000000, 0.0000000000000000000, -1.000000000000000000 ) ) ;
#6350 = CARTESIAN_POINT ( 'NONE',  ( 5.099999999999999600, 0.0000000000000000000, -3.500000000000000000 ) ) ;
#6351 = VERTEX_POINT ( 'NONE', #5939 ) ;
#6352 = EDGE_CURVE ( 'NONE', #3955, #4953, #319, .T. ) ;
#6353 = VECTOR ( 'NONE', #3698, 1000.000000000000000 ) ;
#6354 = CARTESIAN_POINT ( 'NONE',  ( 5.000000000000000000, 1.788374081995233100E-016, 1.150000000000000600 ) ) ;
#6355 = DIRECTION ( 'NONE',  ( 1.000000000000000000, 0.0000000000000000000, 0.0000000000000000000 ) ) ;
#6356 = ORIENTED_EDGE ( 'NONE', *, *, #7629, .F. ) ;
#6357 = CARTESIAN_POINT ( 'NONE',  ( 2.254896007213349500, 2.502052165041471500, 0.3500000000000000300 ) ) ;
#6358 = CARTESIAN_POINT ( 'NONE',  ( -4.457189624755586400, 1.604307862941896500, 2.213661436034135600 ) ) ;
#6359 = CIRCLE ( 'NONE', #259, 1.030000000000000000 ) ;
#6360 = LINE ( 'NONE', #125, #7054 ) ;
#6361 = CARTESIAN_POINT ( 'NONE',  ( 0.1000000000000003700, 0.0000000000000000000, -1.040949779275250300E-016 ) ) ;
#6362 = APPLICATION_CONTEXT ( 'automotive_design' ) ;
#6363 = EDGE_CURVE ( 'NONE', #342, #946, #364, .T. ) ;
#6364 = VECTOR ( 'NONE', #4948, 1000.000000000000000 ) ;
#6365 = VERTEX_POINT ( 'NONE', #1820 ) ;
#6366 = ADVANCED_FACE ( 'NONE', ( #471 ), #177, .T. ) ;
#6367 = DIRECTION ( 'NONE',  ( 0.0000000000000000000, 1.000000000000000000, 0.0000000000000000000 ) ) ;
#6368 = ORIENTED_EDGE ( 'NONE', *, *, #2809, .T. ) ;
#6369 = AXIS2_PLACEMENT_3D ( 'NONE', #2618, #3206, #6158 ) ;
#6370 = CARTESIAN_POINT ( 'NONE',  ( 1.367251473000000300, 2.227639876000000500, -0.4618481690000000900 ) ) ;
#6371 = CARTESIAN_POINT ( 'NONE',  ( -2.999602622043952700, 2.000000000000001400E-009, -2.500045724829655500 ) ) ;
#6372 = DIRECTION ( 'NONE',  ( 0.0000000000000000000, 0.0000000000000000000, -1.000000000000000000 ) ) ;
#6373 = CARTESIAN_POINT ( 'NONE',  ( -1.053993055640276100, 3.109014564885674000, 1.914730707166229400 ) ) ;
#6374 = CARTESIAN_POINT ( 'NONE',  ( 8.800000000000089500, -6.529999999999971800, -0.6500000000000000200 ) ) ;
#6375 = ORIENTED_EDGE ( 'NONE', *, *, #7511, .T. ) ;
#6376 = DIRECTION ( 'NONE',  ( 0.0000000000000000000, 0.0000000000000000000, -1.000000000000000000 ) ) ;
#6377 = ORIENTED_EDGE ( 'NONE', *, *, #4211, .F. ) ;
#6378 = CARTESIAN_POINT ( 'NONE',  ( -5.176110345289998800, 1.160308817299999800, -2.278644586000000000 ) ) ;
#6379 = CARTESIAN_POINT ( 'NONE',  ( 9.300000000000064700, -0.6500000000008925300, 0.0000000000000000000 ) ) ;
#6380 = DIRECTION ( 'NONE',  ( 0.0000000000000000000, 0.0000000000000000000, 1.000000000000000000 ) ) ;
#6381 = ORIENTED_EDGE ( 'NONE', *, *, #3139, .F. ) ;
#6382 = CARTESIAN_POINT ( 'NONE',  ( 0.4939590530000000900, 2.159760686999999900, 1.768721556999999700 ) ) ;
#6383 = VERTEX_POINT ( 'NONE', #598 ) ;
#6384 = STYLED_ITEM ( 'NONE', ( #6747 ), #285 ) ;
#6385 = CARTESIAN_POINT ( 'NONE',  ( 0.0000000000000000000, 6.500000000000002700, -9.500000000000000000 ) ) ;
#6386 = EDGE_LOOP ( 'NONE', ( #2059, #3394, #7208, #7674 ) ) ;
#6387 = DIRECTION ( 'NONE',  ( -0.0000000000000000000, 0.0000000000000000000, -1.000000000000000000 ) ) ;
#6388 = APPLICATION_CONTEXT ( 'automotive_design' ) ;
#6389 = LINE ( 'NONE', #4227, #6395 ) ;
#6390 = CARTESIAN_POINT ( 'NONE',  ( 4.500000000000002700, 1.000000000082031300, -12.00000000000000000 ) ) ;
#6391 = DIRECTION ( 'NONE',  ( 0.0000000000000000000, -1.000000000000000000, -8.673617379884027600E-016 ) ) ;
#6392 = DIRECTION ( 'NONE',  ( -0.0000000000000000000, -1.000000000000000000, -0.0000000000000000000 ) ) ;
#6393 = DIRECTION ( 'NONE',  ( 1.000000000000000000, 0.0000000000000000000, -0.0000000000000000000 ) ) ;
#6394 = CARTESIAN_POINT ( 'NONE',  ( -2.999403933065927200, 2.000000000000001400E-009, -2.500068587244481700 ) ) ;
#6395 = VECTOR ( 'NONE', #4177, 1000.000000000000000 ) ;
#6396 = ORIENTED_EDGE ( 'NONE', *, *, #6502, .F. ) ;
#6397 = DIRECTION ( 'NONE',  ( 0.0000000000000000000, 1.000000000000000000, -3.614007241618347800E-016 ) ) ;
#6398 = PLANE ( 'NONE',  #3674 ) ;
#6399 = CARTESIAN_POINT ( 'NONE',  ( 1.900982046303385100, 2.178579086151603200, 0.5050681948831389200 ) ) ;
#6400 = CARTESIAN_POINT ( 'NONE',  ( -4.972583489000000700, 0.2525805330000000500, -2.343627736000000200 ) ) ;
#6401 = ORIENTED_EDGE ( 'NONE', *, *, #7349, .T. ) ;
#6402 = VECTOR ( 'NONE', #1252, 1000.000000000000000 ) ;
#6403 = ADVANCED_FACE ( 'NONE', ( #183 ), #5400, .T. ) ;
#6404 = DIRECTION ( 'NONE',  ( 0.0000000000000000000, -1.000000000000000000, -8.673617379884027600E-016 ) ) ;
#6405 = DIRECTION ( 'NONE',  ( 1.000000000000000000, 0.0000000000000000000, 0.0000000000000000000 ) ) ;
#6406 = EDGE_CURVE ( 'NONE', #3630, #2725, #142, .T. ) ;
#6407 = DIRECTION ( 'NONE',  ( 0.0000000000000000000, -0.0000000000000000000, 1.000000000000000000 ) ) ;
#6408 = ORIENTED_EDGE ( 'NONE', *, *, #6310, .T. ) ;
#6409 = CARTESIAN_POINT ( 'NONE',  ( 1.050000000000000000, 6.500000000000002700, -12.00000000000000000 ) ) ;
#6410 = APPLICATION_PROTOCOL_DEFINITION ( 'draft international standard', 'automotive_design', 1998, #2316 ) ;
#6411 = AXIS2_PLACEMENT_3D ( 'NONE', #3979, #6277, #967 ) ;
#6412 = DIRECTION ( 'NONE',  ( -0.0000000000000000000, 0.0000000000000000000, 1.000000000000000000 ) ) ;
#6413 = LINE ( 'NONE', #1270, #7438 ) ;
#6414 = DIRECTION ( 'NONE',  ( 0.0000000000000000000, 1.000000000000000000, -0.0000000000000000000 ) ) ;
#6415 = CARTESIAN_POINT ( 'NONE',  ( 3.700000000115625000, 3.149999999999999900, -1.470000000000000000 ) ) ;
#6416 = VECTOR ( 'NONE', #1823, 1000.000000000000000 ) ;
#6417 = ORIENTED_EDGE ( 'NONE', *, *, #4574, .T. ) ;
#6418 = ORIENTED_EDGE ( 'NONE', *, *, #1144, .T. ) ;
#6419 = CARTESIAN_POINT ( 'NONE',  ( 3.500000000000000000, 1.399999999999999700, -12.00000000000000000 ) ) ;
#6420 = DIRECTION ( 'NONE',  ( 0.0000000000000000000, -0.0000000000000000000, 1.000000000000000000 ) ) ;
#6421 = PLANE ( 'NONE',  #7286 ) ;
#6422 = CARTESIAN_POINT ( 'NONE',  ( -3.039220083999999700, 0.2482876160000000200, -2.497991429999999900 ) ) ;
#6423 = CARTESIAN_POINT ( 'NONE',  ( -0.9033298566752081500, 3.117155856310927400, 1.905590041736899600 ) ) ;
#6424 = VERTEX_POINT ( 'NONE', #1854 ) ;
#6425 = VERTEX_POINT ( 'NONE', #619 ) ;
#6426 = AXIS2_PLACEMENT_3D ( 'NONE', #1830, #3600, #16 ) ;
#6427 = FACE_OUTER_BOUND ( 'NONE', #1405, .T. ) ;
#6428 = ORIENTED_EDGE ( 'NONE', *, *, #2118, .T. ) ;
#6429 = AXIS2_PLACEMENT_3D ( 'NONE', #6909, #3390, #7526 ) ;
#6430 = CARTESIAN_POINT ( 'NONE',  ( -4.224970133999999400, 0.1445479240000000200, -2.400486964999999800 ) ) ;
#6431 = DIRECTION ( 'NONE',  ( 0.08715574382479655800, -0.9961946979975082600, -0.0000000000000000000 ) ) ;
#6432 = EDGE_CURVE ( 'NONE', #6719, #6686, #97, .T. ) ;
#6433 = VECTOR ( 'NONE', #4430, 1000.000000000000000 ) ;
#6434 = SHAPE_REPRESENTATION_RELATIONSHIP ( 'NONE' , 'NONE' ,  #7352, #853 ) ;
#6435 = ORIENTED_EDGE ( 'NONE', *, *, #3792, .T. ) ;
#6436 = EDGE_CURVE ( 'NONE', #1028, #4407, #461, .T. ) ;
#6437 = DIRECTION ( 'NONE',  ( -1.000000000000000000, 0.0000000000000000000, 0.0000000000000000000 ) ) ;
#6438 = ORIENTED_EDGE ( 'NONE', *, *, #1834, .T. ) ;
#6439 = ORIENTED_EDGE ( 'NONE', *, *, #1668, .F. ) ;
#6440 = EDGE_LOOP ( 'NONE', ( #5775, #812, #2586, #1671, #5126, #4720 ) ) ;
#6441 = DIRECTION ( 'NONE',  ( -4.629791292039925600E-017, 1.000000000000000000, 0.0000000000000000000 ) ) ;
#6442 =( REPRESENTATION_RELATIONSHIP ('NONE','NONE', #4592, #2667 ) REPRESENTATION_RELATIONSHIP_WITH_TRANSFORMATION ( #4981 )SHAPE_REPRESENTATION_RELATIONSHIP( ) );
#6443 = CARTESIAN_POINT ( 'NONE',  ( -3.011635523074702300, -0.0002540068368644072300, 2.498660953332294500 ) ) ;
#6444 = FACE_OUTER_BOUND ( 'NONE', #3588, .T. ) ;
#6445 = VERTEX_POINT ( 'NONE', #6567 ) ;
#6446 = LINE ( 'NONE', #3114, #6353 ) ;
#6447 = DIRECTION ( 'NONE',  ( 0.0000000000000000000, 0.0000000000000000000, 1.000000000000000000 ) ) ;
#6448 = ADVANCED_FACE ( 'NONE', ( #105 ), #7550, .T. ) ;
#6449 = DIRECTION ( 'NONE',  ( 0.0000000000000000000, -0.0000000000000000000, -1.000000000000000000 ) ) ;
#6450 = AXIS2_PLACEMENT_3D ( 'NONE', #4907, #3860, #3299 ) ;
#6451 = VERTEX_POINT ( 'NONE', #4232 ) ;
#6452 = CARTESIAN_POINT ( 'NONE',  ( 1.241693083999999800, 2.084722412999999700, 0.5371089009999999700 ) ) ;
#6453 = DIRECTION ( 'NONE',  ( 1.000000000000000000, 0.0000000000000000000, 0.0000000000000000000 ) ) ;
#6454 = CARTESIAN_POINT ( 'NONE',  ( 8.650000000000087400, -0.4999999999999997800, -0.5000000000000000000 ) ) ;
#6455 = EDGE_CURVE ( 'NONE', #6929, #625, #8, .T. ) ;
#6456 = CARTESIAN_POINT ( 'NONE',  ( -4.757307557999999000, 1.410183575000000000, -2.246153011000000100 ) ) ;
#6457 = CYLINDRICAL_SURFACE ( 'NONE', #3790, 3.150000000000000400 ) ;
#6458 = CARTESIAN_POINT ( 'NONE',  ( 4.599999999999999600, -4.592425496802575500E-017, 0.0000000000000000000 ) ) ;
#6459 = ORIENTED_EDGE ( 'NONE', *, *, #5712, .F. ) ;
#6460 = ORIENTED_EDGE ( 'NONE', *, *, #5712, .T. ) ;
#6461 = ORIENTED_EDGE ( 'NONE', *, *, #6682, .F. ) ;
#6462 = EDGE_CURVE ( 'NONE', #4208, #4722, #7379, .T. ) ;
#6463 = DIRECTION ( 'NONE',  ( -0.0000000000000000000, -1.000000000000000000, -0.0000000000000000000 ) ) ;
#6464 = EDGE_LOOP ( 'NONE', ( #7587, #2155 ) ) ;
#6465 = DIRECTION ( 'NONE',  ( 0.0000000000000000000, 0.0000000000000000000, 1.000000000000000000 ) ) ;
#6466 = DIRECTION ( 'NONE',  ( 0.0000000000000000000, 1.000000000000000000, -0.0000000000000000000 ) ) ;
#6467 = EDGE_LOOP ( 'NONE', ( #2960, #5643, #4811, #4216, #4037, #3905 ) ) ;
#6468 = AXIS2_PLACEMENT_3D ( 'NONE', #7307, #4341, #758 ) ;
#6469 = DIRECTION ( 'NONE',  ( 1.000000000000000000, 0.0000000000000000000, 0.0000000000000000000 ) ) ;
#6470 = DIRECTION ( 'NONE',  ( -1.821636752663063500E-017, -1.000000000000000000, 0.0000000000000000000 ) ) ;
#6471 = CARTESIAN_POINT ( 'NONE',  ( -3.026179902999999600, 0.2494284840000000600, -2.498661048999999900 ) ) ;
#6472 = CARTESIAN_POINT ( 'NONE',  ( 6.550901125459059700, -0.3500000000000343900, -2.500000000000000000 ) ) ;
#6473 = CIRCLE ( 'NONE', #5011, 0.3999999999999904200 ) ;
#6474 = ORIENTED_EDGE ( 'NONE', *, *, #1666, .F. ) ;
#6475 = CARTESIAN_POINT ( 'NONE',  ( 6.550901125459059700, -0.5999999999999999800, 0.0000000000000000000 ) ) ;
#6476 = CARTESIAN_POINT ( 'NONE',  ( -4.949843968087600700, 0.8253197325726001600, -2.303013267000000300 ) ) ;
#6477 = ADVANCED_FACE ( 'NONE', ( #7657 ), #7183, .T. ) ;
#6478 = CARTESIAN_POINT ( 'NONE',  ( -1.015373251999999600, 2.857026581000001300, -1.914801985000000000 ) ) ;
#6479 = CARTESIAN_POINT ( 'NONE',  ( -3.000000000000000000, 4.500000000000002700, -12.00000000000000000 ) ) ;
#6480 = LINE ( 'NONE', #4883, #6242 ) ;
#6481 = AXIS2_PLACEMENT_3D ( 'NONE', #4479, #1605, #5769 ) ;
#6482 = DIRECTION ( 'NONE',  ( 0.0000000000000000000, 0.0000000000000000000, 1.000000000000000000 ) ) ;
#6483 = LINE ( 'NONE', #7536, #5946 ) ;
#6484 = FACE_BOUND ( 'NONE', #1456, .T. ) ;
#6485 = DIRECTION ( 'NONE',  ( 0.4464537378656406900, 0.8948067165292166200, 0.0000000000000000000 ) ) ;
#6486 = EDGE_CURVE ( 'NONE', #6518, #4743, #7201, .T. ) ;
#6487 = CARTESIAN_POINT ( 'NONE',  ( -4.000000000051277200, 10.69999999999999900, -0.3000000000000000400 ) ) ;
#6488 = DIRECTION ( 'NONE',  ( -0.9929238894259653200, -0.08686958361042594600, 0.08096805080131765100 ) ) ;
#6489 = EDGE_CURVE ( 'NONE', #4030, #3365, #7290, .T. ) ;
#6490 = CARTESIAN_POINT ( 'NONE',  ( -1.396380774790439300, -9.155069627123568300, 0.3881447541302601200 ) ) ;
#6491 = CARTESIAN_POINT ( 'NONE',  ( 4.500000000000002700, 11.00000000000000000, -3.299999999999999800 ) ) ;
#6492 = CARTESIAN_POINT ( 'NONE',  ( -5.153375450799998700, 0.5651177031900001000, 2.319259054999999400 ) ) ;
#6493 = VERTEX_POINT ( 'NONE', #4841 ) ;
#6494 = EDGE_CURVE ( 'NONE', #5660, #7488, #7283, .T. ) ;
#6495 = B_SPLINE_CURVE_WITH_KNOTS ( 'NONE', 3,
 ( #4509, #341, #5737, #2224, #6321, #2803, #6892, #3372, #7508, #3975, #369, #4528, #965, #5165, #1594, #5758, #2253, #6354 ),
 .UNSPECIFIED., .F., .F.,
 ( 4, 1, 1, 2, 2, 2, 1, 1, 2, 2, 4 ),
 ( 0.5000000000000000000, 0.5624999999999996700, 0.5937499999999995600, 0.6093749999999994400, 0.6249999999999994400, 0.7499999999999988900, 0.8124999999999986700, 0.8437499999999985600, 0.8593749999999986700, 0.8749999999999986700, 1.000000000000000000 ),
 .UNSPECIFIED. ) ;
#6496 = CARTESIAN_POINT ( 'NONE',  ( 9.300000000000064700, -6.529999999999971800, -0.6500000000000000200 ) ) ;
#6497 = VERTEX_POINT ( 'NONE', #7242 ) ;
#6498 = ORIENTED_EDGE ( 'NONE', *, *, #4900, .F. ) ;
#6499 = DIRECTION ( 'NONE',  ( 0.0000000000000000000, 0.0000000000000000000, 1.000000000000000000 ) ) ;
#6500 = VECTOR ( 'NONE', #573, 1000.000000000000000 ) ;
#6501 = CARTESIAN_POINT ( 'NONE',  ( -3.000000000000000000, 0.2500000000000000000, -3.500000000000000000 ) ) ;
#6502 = EDGE_CURVE ( 'NONE', #1147, #5548, #7456, .T. ) ;
#6503 = VECTOR ( 'NONE', #1214, 1000.000000000000000 ) ;
#6504 = ORIENTED_EDGE ( 'NONE', *, *, #7103, .T. ) ;
#6505 = FACE_BOUND ( 'NONE', #5113, .T. ) ;
#6506 = CARTESIAN_POINT ( 'NONE',  ( 1.084202172485504400E-015, -8.362965930359061800, -0.04405130727806920400 ) ) ;
#6507 = VERTEX_POINT ( 'NONE', #1300 ) ;
#6508 = CARTESIAN_POINT ( 'NONE',  ( 0.6500000000000001300, -0.3500000000358927700, 1.250000000000001300 ) ) ;
#6509 = DIRECTION ( 'NONE',  ( 0.0000000000000000000, 0.0000000000000000000, -1.000000000000000000 ) ) ;
#6510 = ADVANCED_FACE ( 'NONE', ( #6780, #6791 ), #5495, .F. ) ;
#6511 = CARTESIAN_POINT ( 'NONE',  ( 8.650000000000101600, -0.6499999999999889200, 0.0000000000000000000 ) ) ;
#6512 = CARTESIAN_POINT ( 'NONE',  ( 3.698715432999999400, 2.935509734999999700, 1.500000000000000000 ) ) ;
#6513 = CARTESIAN_POINT ( 'NONE',  ( -5.019686765999999500, 1.485726825000000400, 2.254275905000001000 ) ) ;
#6514 = VECTOR ( 'NONE', #4941, 1000.000000000000000 ) ;
#6515 = ORIENTED_EDGE ( 'NONE', *, *, #2181, .F. ) ;
#6516 = CARTESIAN_POINT ( 'NONE',  ( 0.7000000000000000700, 2.081899558550500300E-016, -1.700000000000000000 ) ) ;
#6517 = DIRECTION ( 'NONE',  ( -0.1908089953769238600, 0.9816271834475903700, 0.0000000000000000000 ) ) ;
#6518 = VERTEX_POINT ( 'NONE', #1966 ) ;
#6519 = VECTOR ( 'NONE', #6393, 1000.000000000000000 ) ;
#6520 = ORIENTED_EDGE ( 'NONE', *, *, #1870, .T. ) ;
#6521 = ORIENTED_EDGE ( 'NONE', *, *, #1087, .F. ) ;
#6522 = MECHANICAL_DESIGN_GEOMETRIC_PRESENTATION_REPRESENTATION (  '', ( #4920 ), #6896 ) ;
#6523 = CARTESIAN_POINT ( 'NONE',  ( 5.000000000000000000, 0.3550647773797495100, 1.093958590680888200 ) ) ;
#6524 = ORIENTED_EDGE ( 'NONE', *, *, #980, .F. ) ;
#6525 = ORIENTED_EDGE ( 'NONE', *, *, #2390, .T. ) ;
#6526 = EDGE_CURVE ( 'NONE', #1654, #2276, #6716, .T. ) ;
#6527 = CYLINDRICAL_SURFACE ( 'NONE', #7312, 1.300000005773542600 ) ;
#6528 = CARTESIAN_POINT ( 'NONE',  ( -1.480000000000018200, -8.529999999999972700, -0.5000000000000000000 ) ) ;
#6529 = FACE_OUTER_BOUND ( 'NONE', #2190, .T. ) ;
#6530 = ORIENTED_EDGE ( 'NONE', *, *, #5624, .F. ) ;
#6531 = ADVANCED_FACE ( 'NONE', ( #6877 ), #6538, .F. ) ;
#6532 = CARTESIAN_POINT ( 'NONE',  ( 0.0000000000000000000, 0.1499999995984496500, -1.470000000000000000 ) ) ;
#6533 = LINE ( 'NONE', #5336, #1041 ) ;
#6534 = ADVANCED_FACE ( 'NONE', ( #6698 ), #6457, .F. ) ;
#6535 = DIRECTION ( 'NONE',  ( 0.0000000000000000000, -0.0000000000000000000, 1.000000000000000000 ) ) ;
#6536 = DIRECTION ( 'NONE',  ( 0.0000000000000000000, 0.0000000000000000000, -1.000000000000000000 ) ) ;
#6537 = DIRECTION ( 'NONE',  ( 0.0000000000000000000, 0.0000000000000000000, 1.000000000000000000 ) ) ;
#6538 = CYLINDRICAL_SURFACE ( 'NONE', #3400, 0.3999999999999904200 ) ;
#6539 = CARTESIAN_POINT ( 'NONE',  ( 4.116942964234263900, 10.66306305523248100, -5.121360005135584900E-007 ) ) ;
#6540 = CARTESIAN_POINT ( 'NONE',  ( -3.700000000000000200, 0.1500000000000000200, -2.299999999999999800 ) ) ;
#6541 = AXIS2_PLACEMENT_3D ( 'NONE', #4150, #5358, #7096 ) ;
#6542 = ORIENTED_EDGE ( 'NONE', *, *, #2912, .T. ) ;
#6543 = ORIENTED_EDGE ( 'NONE', *, *, #603, .T. ) ;
#6544 = LINE ( 'NONE', #6273, #6953 ) ;
#6545 = DIRECTION ( 'NONE',  ( 0.0000000000000000000, 0.0000000000000000000, 1.000000000000000000 ) ) ;
#6546 = CARTESIAN_POINT ( 'NONE',  ( -4.113518773999999200, -0.09665630500000002600, 2.408610884999999900 ) ) ;
#6547 = COLOUR_RGB ( '',1.000000000000000000, 1.000000000000000000, 1.000000000000000000 ) ;
#6548 = CARTESIAN_POINT ( 'NONE',  ( -1.499999999999997800, -8.626311989950869100, -0.7994643434423173200 ) ) ;
#6549 = DIRECTION ( 'NONE',  ( 0.0000000000000000000, -1.000000000000000000, 0.0000000000000000000 ) ) ;
#6550 = VECTOR ( 'NONE', #3740, 1000.000000000000000 ) ;
#6551 = ORIENTED_EDGE ( 'NONE', *, *, #5164, .F. ) ;
#6552 = ORIENTED_EDGE ( 'NONE', *, *, #4972, .T. ) ;
#6553 = EDGE_CURVE ( 'NONE', #2674, #7100, #6628, .T. ) ;
#6554 = CARTESIAN_POINT ( 'NONE',  ( 2.226274657998998500, 2.649296242069125300, 0.3500000000134286800 ) ) ;
#6555 = CARTESIAN_POINT ( 'NONE',  ( 5.000000000000000000, 1.149999999999999700, -2.602085213965210600E-015 ) ) ;
#6556 = ORIENTED_EDGE ( 'NONE', *, *, #95, .F. ) ;
#6557 = ORIENTED_EDGE ( 'NONE', *, *, #7305, .F. ) ;
#6558 = VERTEX_POINT ( 'NONE', #4915 ) ;
#6559 = DIRECTION ( 'NONE',  ( 1.000000000000000000, 0.0000000000000000000, 0.0000000000000000000 ) ) ;
#6560 = ORIENTED_EDGE ( 'NONE', *, *, #20, .T. ) ;
#6561 = CARTESIAN_POINT ( 'NONE',  ( 1.050000000000000000, 6.500000000000002700, -12.00000000000000000 ) ) ;
#6562 = DIRECTION ( 'NONE',  ( 1.000000000000000000, -0.0000000000000000000, 0.0000000000000000000 ) ) ;
#6563 = EDGE_LOOP ( 'NONE', ( #3048, #5782, #3443, #1407 ) ) ;
#6564 = DIRECTION ( 'NONE',  ( 0.0000000000000000000, 0.0000000000000000000, 1.000000000000000000 ) ) ;
#6565 = CARTESIAN_POINT ( 'NONE',  ( 5.099999999999999600, 0.0000000000000000000, 2.474999999999999600 ) ) ;
#6566 = CARTESIAN_POINT ( 'NONE',  ( 4.165813164605546100, 10.61251625712080600, -2.361250308887406200E-007 ) ) ;
#6567 = CARTESIAN_POINT ( 'NONE',  ( 6.377659838150003400E-018, -1.600000000000000100, 9.797174393178826200E-017 ) ) ;
#6568 = VECTOR ( 'NONE', #6811, 1000.000000000000000 ) ;
#6569 = AXIS2_PLACEMENT_3D ( 'NONE', #6893, #3373, #7509 ) ;
#6570 = CARTESIAN_POINT ( 'NONE',  ( -1.107023541600531000, 2.823668599463410100, -1.924045490916926900 ) ) ;
#6571 = CARTESIAN_POINT ( 'NONE',  ( -4.716731559999999500, 0.3479189890000001800, 2.351750628999999200 ) ) ;
#6572 = FACE_OUTER_BOUND ( 'NONE', #4928, .T. ) ;
#6573 = ORIENTED_EDGE ( 'NONE', *, *, #3164, .F. ) ;
#6574 = CARTESIAN_POINT ( 'NONE',  ( 1.500000000000000000, 0.0000000000000000000, 3.039192161824466600E-011 ) ) ;
#6575 = AXIS2_PLACEMENT_3D ( 'NONE', #2473, #3625, #42 ) ;
#6576 = CARTESIAN_POINT ( 'NONE',  ( 8.650000000000087400, -1.517883041479706200E-015, -2.500000000000000000 ) ) ;
#6577 = ADVANCED_FACE ( 'NONE', ( #6444 ), #3160, .F. ) ;
#6578 = ADVANCED_FACE ( 'NONE', ( #6529 ), #746, .F. ) ;
#6579 = VECTOR ( 'NONE', #73, 1000.000000000000000 ) ;
#6580 = EDGE_CURVE ( 'NONE', #2376, #5425, #6262, .T. ) ;
#6581 = EDGE_CURVE ( 'NONE', #5257, #384, #7076, .T. ) ;
#6582 = FACE_OUTER_BOUND ( 'NONE', #1693, .T. ) ;
#6583 = VECTOR ( 'NONE', #6349, 1000.000000000000000 ) ;
#6584 = CARTESIAN_POINT ( 'NONE',  ( 0.0000000000000000000, 0.0000000000000000000, 1.250000000000000000 ) ) ;
#6585 = AXIS2_PLACEMENT_3D ( 'NONE', #193, #141, #121 ) ;
#6586 = CARTESIAN_POINT ( 'NONE',  ( -3.700000000000000200, 3.149999999999999900, -1.399999999999999900 ) ) ;
#6587 = PLANE ( 'NONE',  #1584 ) ;
#6588 = ORIENTED_EDGE ( 'NONE', *, *, #7330, .F. ) ;
#6589 = DIRECTION ( 'NONE',  ( -1.000000000000000000, -3.097720492815727200E-016, -0.0000000000000000000 ) ) ;
#6590 = CARTESIAN_POINT ( 'NONE',  ( 4.000000000000000000, 10.50000000000000000, -3.299999998800000200 ) ) ;
#6591 = CARTESIAN_POINT ( 'NONE',  ( 2.296174479999998600, 2.289692832000000100, 0.5371089009999999700 ) ) ;
#6592 = CARTESIAN_POINT ( 'NONE',  ( -4.953322681848700200, 0.9163911736531000800, 2.294890372999999900 ) ) ;
#6593 = CYLINDRICAL_SURFACE ( 'NONE', #6994, 1.050000000000000000 ) ;
#6594 = EDGE_CURVE ( 'NONE', #7167, #2121, #6342, .T. ) ;
#6595 = DIRECTION ( 'NONE',  ( 1.000000000000000000, 0.0000000000000000000, 0.0000000000000000000 ) ) ;
#6596 = VECTOR ( 'NONE', #3616, 1000.000000000000000 ) ;
#6597 = ORIENTED_EDGE ( 'NONE', *, *, #5975, .T. ) ;
#6598 = FACE_OUTER_BOUND ( 'NONE', #2041, .T. ) ;
#6599 = CARTESIAN_POINT ( 'NONE',  ( -4.174056301321373400, 10.60066014706916300, -6.778605259661941300E-007 ) ) ;
#6600 = DIRECTION ( 'NONE',  ( -1.000000000000000000, -0.0000000000000000000, 0.0000000000000000000 ) ) ;
#6601 = ORIENTED_EDGE ( 'NONE', *, *, #580, .T. ) ;
#6602 = ORIENTED_EDGE ( 'NONE', *, *, #1180, .T. ) ;
#6603 = FACE_BOUND ( 'NONE', #2551, .T. ) ;
#6604 = ORIENTED_EDGE ( 'NONE', *, *, #3534, .F. ) ;
#6605 = DIRECTION ( 'NONE',  ( 0.0000000000000000000, 1.000000000000000000, -0.0000000000000000000 ) ) ;
#6606 = EDGE_CURVE ( 'NONE', #3632, #6081, #6175, .T. ) ;
#6607 = DIRECTION ( 'NONE',  ( 0.0000000000000000000, -1.000000000000000000, 0.0000000000000000000 ) ) ;
#6608 = ADVANCED_FACE ( 'NONE', ( #5995 ), #4749, .T. ) ;
#6609 = ORIENTED_EDGE ( 'NONE', *, *, #881, .F. ) ;
#6610 = ADVANCED_FACE ( 'NONE', ( #6170 ), #3050, .F. ) ;
#6611 = ORIENTED_EDGE ( 'NONE', *, *, #2861, .T. ) ;
#6612 = CARTESIAN_POINT ( 'NONE',  ( 0.0000000000000000000, 0.0000000000000000000, -0.5000000000000000000 ) ) ;
#6613 = ORIENTED_EDGE ( 'NONE', *, *, #4117, .F. ) ;
#6614 = CARTESIAN_POINT ( 'NONE',  ( -3.000000000000000000, -0.2000000000000000100, -2.529999999999999800 ) ) ;
#6615 = DIRECTION ( 'NONE',  ( 1.000000000000000000, 0.0000000000000000000, -0.0000000000000000000 ) ) ;
#6616 = DIRECTION ( 'NONE',  ( 0.4464537378656402400, 0.8948067165292169500, 0.0000000000000000000 ) ) ;
#6617 = AXIS2_PLACEMENT_3D ( 'NONE', #1644, #5804, #2294 ) ;
#6618 = CARTESIAN_POINT ( 'NONE',  ( -1.500000000000000000, 0.0000000000000000000, 2.026128107882977500E-011 ) ) ;
#6619 = ORIENTED_EDGE ( 'NONE', *, *, #6124, .F. ) ;
#6620 = ORIENTED_EDGE ( 'NONE', *, *, #2624, .F. ) ;
#6621 = DIRECTION ( 'NONE',  ( -0.0000000000000000000, -1.000000000000000000, 0.0000000000000000000 ) ) ;
#6622 = SURFACE_STYLE_USAGE ( .BOTH. , #2517 ) ;
#6623 = CARTESIAN_POINT ( 'NONE',  ( -4.116279900137096900, 10.66315393173023900, -1.797219267882488300E-007 ) ) ;
#6624 = DIRECTION ( 'NONE',  ( -1.000000000000000000, 0.0000000000000000000, 0.0000000000000000000 ) ) ;
#6625 = STYLED_ITEM ( 'NONE', ( #5637 ), #853 ) ;
#6626 = DIRECTION ( 'NONE',  ( 0.0000000000000000000, -1.224646799147353000E-016, 1.000000000000000000 ) ) ;
#6627 = CARTESIAN_POINT ( 'NONE',  ( -1.050000000000000000, 6.349999999999999600, -1.399999999999999900 ) ) ;
#6628 = LINE ( 'NONE', #148, #6550 ) ;
#6629 = FILL_AREA_STYLE_COLOUR ( '', #7476 ) ;
#6630 = EDGE_CURVE ( 'NONE', #3575, #3736, #5908, .T. ) ;
#6631 = ORIENTED_EDGE ( 'NONE', *, *, #3974, .F. ) ;
#6632 = CARTESIAN_POINT ( 'NONE',  ( 2.999999999333333300, 4.500000000000003600, -0.6000000000000000900 ) ) ;
#6633 = EDGE_CURVE ( 'NONE', #5496, #859, #3002, .T. ) ;
#6634 = CARTESIAN_POINT ( 'NONE',  ( -3.700000000000000200, 3.149999999999999900, -2.299999999999999800 ) ) ;
#6635 = ORIENTED_EDGE ( 'NONE', *, *, #1289, .T. ) ;
#6636 = CARTESIAN_POINT ( 'NONE',  ( 4.599999999999999600, 9.184850993605051100E-017, -0.7500000000000000000 ) ) ;
#6637 = ORIENTED_EDGE ( 'NONE', *, *, #1087, .T. ) ;
#6638 = VECTOR ( 'NONE', #6431, 999.9999999999998900 ) ;
#6639 = DIRECTION ( 'NONE',  ( 1.000000000000000000, 0.0000000000000000000, 0.0000000000000000000 ) ) ;
#6640 = ORIENTED_EDGE ( 'NONE', *, *, #506, .T. ) ;
#6641 = CARTESIAN_POINT ( 'NONE',  ( -1.015452798088791300, 2.856997628443118700, -1.914810006820768100 ) ) ;
#6642 = DIRECTION ( 'NONE',  ( 0.0000000000000000000, 0.0000000000000000000, 1.000000000000000000 ) ) ;
#6643 = VERTEX_POINT ( 'NONE', #1889 ) ;
#6644 = ADVANCED_FACE ( 'NONE', ( #5822 ), #1231, .T. ) ;
#6645 = ADVANCED_FACE ( 'NONE', ( #6085 ), #4853, .F. ) ;
#6646 = ORIENTED_EDGE ( 'NONE', *, *, #7377, .T. ) ;
#6647 = ORIENTED_EDGE ( 'NONE', *, *, #3506, .F. ) ;
#6648 = EDGE_CURVE ( 'NONE', #5344, #123, #5805, .T. ) ;
#6649 = DIRECTION ( 'NONE',  ( 1.000000000000000000, -0.0000000000000000000, 0.0000000000000000000 ) ) ;
#6650 = CARTESIAN_POINT ( 'NONE',  ( -0.9140458529712772700, 2.862755932062179400, 1.905574523021222000 ) ) ;
#6651 = FACE_OUTER_BOUND ( 'NONE', #5926, .T. ) ;
#6652 = DIRECTION ( 'NONE',  ( -0.0000000000000000000, -0.0000000000000000000, -1.000000000000000000 ) ) ;
#6653 = SHAPE_REPRESENTATION_RELATIONSHIP ( 'NONE' , 'NONE' ,  #5661, #6962 ) ;
#6654 = DIRECTION ( 'NONE',  ( 0.9784042039550179300, 0.1901825137072306000, -0.08096805026148631800 ) ) ;
#6655 = VECTOR ( 'NONE', #5040, 1000.000000000000000 ) ;
#6656 = LINE ( 'NONE', #3875, #6583 ) ;
#6657 = ORIENTED_EDGE ( 'NONE', *, *, #1697, .F. ) ;
#6658 = DIRECTION ( 'NONE',  ( 1.000000000000000000, 0.0000000000000000000, 0.0000000000000000000 ) ) ;
#6659 = DIRECTION ( 'NONE',  ( -1.000000000000000000, 0.0000000000000000000, -0.0000000000000000000 ) ) ;
#6660 = AXIS2_PLACEMENT_3D ( 'NONE', #1362, #2606, #4921 ) ;
#6661 = CARTESIAN_POINT ( 'NONE',  ( -0.9140458530178998700, 2.862755932064877700, -1.905574522832563800 ) ) ;
#6662 = AXIS2_PLACEMENT_3D ( 'NONE', #4607, #1045, #5251 ) ;
#6663 = DIRECTION ( 'NONE',  ( -1.000000000000000000, 0.0000000000000000000, -0.0000000000000000000 ) ) ;
#6664 = ORIENTED_EDGE ( 'NONE', *, *, #4263, .F. ) ;
#6665 = LINE ( 'NONE', #770, #6223 ) ;
#6666 = EDGE_CURVE ( 'NONE', #7530, #550, #5626, .T. ) ;
#6667 = CARTESIAN_POINT ( 'NONE',  ( -1.480000000000060600, -3.846410161513768200, -0.5000000000000000000 ) ) ;
#6668 = DIRECTION ( 'NONE',  ( 0.0000000000000000000, -0.0000000000000000000, 1.000000000000000000 ) ) ;
#6669 = CARTESIAN_POINT ( 'NONE',  ( 5.000000000000000900, -0.3893150326536797800, -1.082232279682603400 ) ) ;
#6670 = ORIENTED_EDGE ( 'NONE', *, *, #3029, .F. ) ;
#6671 = ADVANCED_FACE ( 'NONE', ( #5540 ), #5254, .F. ) ;
#6672 = AXIS2_PLACEMENT_3D ( 'NONE', #5270, #2637, #6293 ) ;
#6673 = CIRCLE ( 'NONE', #7680, 0.8000000057735434700 ) ;
#6674 = CARTESIAN_POINT ( 'NONE',  ( 1.499878708363748400, -8.626311989950869100, 0.5005356623312253700 ) ) ;
#6675 = ORIENTED_EDGE ( 'NONE', *, *, #5792, .F. ) ;
#6676 = LINE ( 'NONE', #3978, #7325 ) ;
#6677 = LINE ( 'NONE', #5814, #1520 ) ;
#6678 = DIRECTION ( 'NONE',  ( -1.000000000000000000, -0.0000000000000000000, 0.0000000000000000000 ) ) ;
#6679 = CARTESIAN_POINT ( 'NONE',  ( -3.000000000000000000, 0.0000000000000000000, 3.000000000000000000 ) ) ;
#6680 = FACE_BOUND ( 'NONE', #165, .T. ) ;
#6681 = VERTEX_POINT ( 'NONE', #7279 ) ;
#6682 = EDGE_CURVE ( 'NONE', #1881, #5890, #5443, .T. ) ;
#6683 = B_SPLINE_CURVE_WITH_KNOTS ( 'NONE', 3,
 ( #2336, #2907, #7624, #4079, #477, #4630 ),
 .UNSPECIFIED., .F., .F.,
 ( 4, 2, 4 ),
 ( 0.0000000000000000000, 0.0004368712837524616600, 0.0008737425675049233100 ),
 .UNSPECIFIED. ) ;
#6684 = CYLINDRICAL_SURFACE ( 'NONE', #3296, 0.3000000050133501100 ) ;
#6685 = ORIENTED_EDGE ( 'NONE', *, *, #4114, .T. ) ;
#6686 = VERTEX_POINT ( 'NONE', #6667 ) ;
#6687 = LINE ( 'NONE', #4784, #6433 ) ;
#6688 = ORIENTED_EDGE ( 'NONE', *, *, #506, .F. ) ;
#6689 = ORIENTED_EDGE ( 'NONE', *, *, #2002, .F. ) ;
#6690 = AXIS2_PLACEMENT_3D ( 'NONE', #2186, #2165, #2132 ) ;
#6691 = CARTESIAN_POINT ( 'NONE',  ( -3.150000000000000400, 6.500000000000002700, 9.616652222436709300 ) ) ;
#6692 = CARTESIAN_POINT ( 'NONE',  ( 1.882705144003410400, 2.582513093930066000, 0.0000000000000000000 ) ) ;
#6693 = CARTESIAN_POINT ( 'NONE',  ( -1.499999999999998900, -4.456579543088778900, 0.0000000000000000000 ) ) ;
#6694 = CARTESIAN_POINT ( 'NONE',  ( 1.500000000010194300, -8.362965930359061800, -0.04405130727806930200 ) ) ;
#6695 = ORIENTED_EDGE ( 'NONE', *, *, #2378, .F. ) ;
#6696 = EDGE_CURVE ( 'NONE', #6878, #6507, #5456, .T. ) ;
#6697 = VECTOR ( 'NONE', #5391, 1000.000000000000000 ) ;
#6698 = FACE_OUTER_BOUND ( 'NONE', #4435, .T. ) ;
#6699 = ORIENTED_EDGE ( 'NONE', *, *, #5249, .T. ) ;
#6700 = CARTESIAN_POINT ( 'NONE',  ( 5.000000000000000900, -0.3550647773797633900, -1.093958590680887500 ) ) ;
#6701 = DIRECTION ( 'NONE',  ( 0.0000000000000000000, -0.0000000000000000000, -1.000000000000000000 ) ) ;
#6702 = DIRECTION ( 'NONE',  ( 1.000000000000000000, 1.734163393375838900E-018, -1.943176853288052200E-036 ) ) ;
#6703 = ORIENTED_EDGE ( 'NONE', *, *, #6285, .T. ) ;
#6704 = ORIENTED_EDGE ( 'NONE', *, *, #2903, .T. ) ;
#6705 = AXIS2_PLACEMENT_3D ( 'NONE', #5371, #7141, #3595 ) ;
#6706 = VECTOR ( 'NONE', #6254, 1000.000000000000000 ) ;
#6707 = EDGE_CURVE ( 'NONE', #2688, #5023, #5362, .T. ) ;
#6708 = EDGE_CURVE ( 'NONE', #2935, #4785, #5340, .T. ) ;
#6709 = CARTESIAN_POINT ( 'NONE',  ( -4.200000000012124700, 10.50000000000000000, -2.525420543084535500E-016 ) ) ;
#6710 = ADVANCED_FACE ( 'NONE', ( #6006 ), #4937, .T. ) ;
#6711 = PRODUCT_DEFINITION_SHAPE ( 'NONE', 'NONE',  #7280 ) ;
#6712 = CIRCLE ( 'NONE', #3828, 0.4000000000000682500 ) ;
#6713 = CARTESIAN_POINT ( 'NONE',  ( 2.044520552182006700, 2.359287649635008600, 0.3501230088249003800 ) ) ;
#6714 = DIRECTION ( 'NONE',  ( -0.0000000000000000000, 0.0000000000000000000, -1.000000000000000000 ) ) ;
#6715 = PRODUCT_RELATED_PRODUCT_CATEGORY ( 'part', '', ( #6070 ) ) ;
#6716 = CIRCLE ( 'NONE', #1829, 0.3000000000000000400 ) ;
#6717 = EDGE_LOOP ( 'NONE', ( #7293, #688, #1141, #1878 ) ) ;
#6718 = AXIS2_PLACEMENT_3D ( 'NONE', #3191, #3796, #4714 ) ;
#6719 = VERTEX_POINT ( 'NONE', #2031 ) ;
#6720 = CARTESIAN_POINT ( 'NONE',  ( -4.200000000010776400, 0.4999999999871821400, 9.911923319166198100E-018 ) ) ;
#6721 = VERTEX_POINT ( 'NONE', #6144 ) ;
#6722 = DIRECTION ( 'NONE',  ( 0.0000000000000000000, -0.4067366430758010400, 0.9135454576426005300 ) ) ;
#6723 = ORIENTED_EDGE ( 'NONE', *, *, #4417, .F. ) ;
#6724 = ORIENTED_EDGE ( 'NONE', *, *, #4459, .F. ) ;
#6725 = DIRECTION ( 'NONE',  ( 1.000000000000000000, 0.0000000000000000000, 0.0000000000000000000 ) ) ;
#6726 = EDGE_CURVE ( 'NONE', #803, #7516, #5157, .T. ) ;
#6727 = DIRECTION ( 'NONE',  ( 1.000000000000000000, 0.0000000000000000000, 0.0000000000000000000 ) ) ;
#6728 = ORIENTED_EDGE ( 'NONE', *, *, #4664, .T. ) ;
#6729 = ORIENTED_EDGE ( 'NONE', *, *, #968, .T. ) ;
#6730 = CARTESIAN_POINT ( 'NONE',  ( -1.107023540304306700, 2.823668595889242000, -2.240225374000000000 ) ) ;
#6731 = CARTESIAN_POINT ( 'NONE',  ( 1.894292266840797500, 2.330086229075881500, -0.1670033885338619600 ) ) ;
#6732 = EDGE_CURVE ( 'NONE', #879, #2742, #5147, .T. ) ;
#6733 = CARTESIAN_POINT ( 'NONE',  ( -1.480000000000245600, -1.559519156663134800, 0.0000000000000000000 ) ) ;
#6734 = LINE ( 'NONE', #4774, #2610 ) ;
#6735 = PLANE ( 'NONE',  #3960 ) ;
#6736 = CARTESIAN_POINT ( 'NONE',  ( -2.149999999999947500, 2.632990618166745100E-016, -0.5000000000000000000 ) ) ;
#6737 = LINE ( 'NONE', #3381, #1463 ) ;
#6738 = CARTESIAN_POINT ( 'NONE',  ( 3.000000000000000000, 3.949999999999999700, -9.950000000000001100 ) ) ;
#6739 = AXIS2_PLACEMENT_3D ( 'NONE', #5020, #3281, #7418 ) ;
#6740 = CARTESIAN_POINT ( 'NONE',  ( 5.000000000000000000, -0.3034330225374479700, -1.110298634715788600 ) ) ;
#6741 = ADVANCED_FACE ( 'NONE', ( #4660 ), #4362, .F. ) ;
#6743 = ORIENTED_EDGE ( 'NONE', *, *, #945, .F. ) ;
#6742 = CARTESIAN_POINT ( 'NONE',  ( 6.968014882866898900, 1.807003620809174000E-017, -2.500000000000000000 ) ) ;
#6744 = CARTESIAN_POINT ( 'NONE',  ( -4.100659876157656000, 0.3259441651226563400, -6.767122311276814500E-007 ) ) ;
#6745 = DIRECTION ( 'NONE',  ( -0.0000000000000000000, -0.0000000000000000000, -1.000000000000000000 ) ) ;
#6746 = CARTESIAN_POINT ( 'NONE',  ( 0.1292968560000000200, 1.992487858000000300, -1.792702327000000000 ) ) ;
#6747 = PRESENTATION_STYLE_ASSIGNMENT (( #5733 ) ) ;
#6748 = ORIENTED_EDGE ( 'NONE', *, *, #4925, .T. ) ;
#6749 = PRESENTATION_LAYER_ASSIGNMENT (  '', '', ( #6384 ) ) ;
#6750 =( NAMED_UNIT ( * ) PLANE_ANGLE_UNIT ( ) SI_UNIT ( $, .RADIAN. ) );
#6751 = ORIENTED_EDGE ( 'NONE', *, *, #3791, .F. ) ;
#6752 = DIRECTION ( 'NONE',  ( 0.1908089942619960500, -0.9816271836643102300, -1.333889608969303500E-010 ) ) ;
#6753 = LINE ( 'NONE', #4988, #6514 ) ;
#6754 = SURFACE_STYLE_FILL_AREA ( #5128 ) ;
#6755 = AXIS2_PLACEMENT_3D ( 'NONE', #908, #1542, #1513 ) ;
#6756 = CARTESIAN_POINT ( 'NONE',  ( 1.796451560000000800, 2.565747095999999500, -0.2564971159999999700 ) ) ;
#6757 = CARTESIAN_POINT ( 'NONE',  ( -3.000000000000000000, 1.399999999999999900, -12.00000000000000000 ) ) ;
#6758 = LINE ( 'NONE', #145, #7044 ) ;
#6759 = ORIENTED_EDGE ( 'NONE', *, *, #874, .F. ) ;
#6760 = EDGE_CURVE ( 'NONE', #6721, #3238, #4856, .T. ) ;
#6761 = LINE ( 'NONE', #7168, #6765 ) ;
#6762 = COLOUR_RGB ( '',1.000000000000000000, 1.000000000000000000, 1.000000000000000000 ) ;
#6763 = DIRECTION ( 'NONE',  ( 0.0000000000000000000, 0.0000000000000000000, 1.000000000000000000 ) ) ;
#6764 = CARTESIAN_POINT ( 'NONE',  ( 4.199999999946159700, 0.5000000000000004400, -1.897353801849632800E-016 ) ) ;
#6765 = VECTOR ( 'NONE', #7217, 1000.000000000000000 ) ;
#6766 = ORIENTED_EDGE ( 'NONE', *, *, #4354, .T. ) ;
#6767 = ORIENTED_EDGE ( 'NONE', *, *, #784, .T. ) ;
#6768 = CARTESIAN_POINT ( 'NONE',  ( -4.163153954409371400, 0.3837201314110302900, -1.797223602857328400E-007 ) ) ;
#6769 = CARTESIAN_POINT ( 'NONE',  ( -6.325000000000000200, 1.438959988998139900E-016, 1.175000000000000000 ) ) ;
#6770 = CARTESIAN_POINT ( 'NONE',  ( 0.4074945723500000300, 2.167590151920000700, -1.776712534000001000 ) ) ;
#6771 = VERTEX_POINT ( 'NONE', #6733 ) ;
#6772 = VECTOR ( 'NONE', #5665, 1000.000000000000000 ) ;
#6773 = ORIENTED_EDGE ( 'NONE', *, *, #5429, .F. ) ;
#6774 = EDGE_CURVE ( 'NONE', #6832, #6284, #4563, .T. ) ;
#6775 = DIRECTION ( 'NONE',  ( 1.000000000000000000, 0.0000000000000000000, 0.0000000000000000000 ) ) ;
#6776 = ADVANCED_FACE ( 'NONE', ( #4754 ), #4622, .T. ) ;
#6777 = PLANE ( 'NONE',  #5292 ) ;
#6778 = AXIS2_PLACEMENT_3D ( 'NONE', #374, #1572, #2257 ) ;
#6779 = DIRECTION ( 'NONE',  ( 0.0000000000000000000, 0.0000000000000000000, 1.000000000000000000 ) ) ;
#6780 = FACE_BOUND ( 'NONE', #6464, .T. ) ;
#6781 = CARTESIAN_POINT ( 'NONE',  ( -3.013089991999999800, 0.2500000020000000000, -2.499330570000000100 ) ) ;
#6782 = LINE ( 'NONE', #393, #6993 ) ;
#6783 = ORIENTED_EDGE ( 'NONE', *, *, #5923, .F. ) ;
#6784 = CARTESIAN_POINT ( 'NONE',  ( 2.231492534485705300, 2.242823816986237800, -0.6496781972511763700 ) ) ;
#6785 = PRESENTATION_STYLE_ASSIGNMENT (( #6622 ) ) ;
#6786 = CARTESIAN_POINT ( 'NONE',  ( 4.139049639609465800, 0.3560546022331516600, 5.829556236384129800E-009 ) ) ;
#6787 = VECTOR ( 'NONE', #5170, 1000.000000000000000 ) ;
#6788 = PLANE ( 'NONE',  #6739 ) ;
#6789 = CARTESIAN_POINT ( 'NONE',  ( -4.500000000000001800, 10.49999999999999800, -0.3000000000072128900 ) ) ;
#6790 = AXIS2_PLACEMENT_3D ( 'NONE', #2761, #5119, #1536 ) ;
#6791 = FACE_OUTER_BOUND ( 'NONE', #5311, .T. ) ;
#6792 = ORIENTED_EDGE ( 'NONE', *, *, #1899, .T. ) ;
#6793 = LINE ( 'NONE', #4455, #1862 ) ;
#6794 = DIRECTION ( 'NONE',  ( -0.0000000000000000000, 0.4067366430758010400, 0.9135454576426005300 ) ) ;
#6795 = EDGE_CURVE ( 'NONE', #5980, #2436, #5047, .T. ) ;
#6796 = EDGE_CURVE ( 'NONE', #3962, #1359, #4466, .T. ) ;
#6797 = ORIENTED_EDGE ( 'NONE', *, *, #6049, .T. ) ;
#6798 = CARTESIAN_POINT ( 'NONE',  ( 1.500000000000000000, 0.0000000000000000000, -6.299999999999999800 ) ) ;
#6799 = ORIENTED_EDGE ( 'NONE', *, *, #1729, .F. ) ;
#6800 = ORIENTED_EDGE ( 'NONE', *, *, #443, .F. ) ;
#6801 = CARTESIAN_POINT ( 'NONE',  ( 4.750000000000000000, 0.0000000000000000000, 1.000000000000000000 ) ) ;
#6802 = CARTESIAN_POINT ( 'NONE',  ( 6.229507320615768500, -0.7330222215593946700, -2.500000000000000000 ) ) ;
#6803 = DIRECTION ( 'NONE',  ( 1.000000000000000000, -0.0000000000000000000, 0.0000000000000000000 ) ) ;
#6804 = EDGE_LOOP ( 'NONE', ( #1780, #2540, #2825, #2942 ) ) ;
#6805 = DIRECTION ( 'NONE',  ( 0.0000000000000000000, -1.000000000000000000, 0.0000000000000000000 ) ) ;
#6806 = AXIS2_PLACEMENT_3D ( 'NONE', #518, #2707, #2817 ) ;
#6807 = CARTESIAN_POINT ( 'NONE',  ( -1.499999999999998700, -7.161999999999991000, 0.0000000000000000000 ) ) ;
#6808 = DIRECTION ( 'NONE',  ( 0.0000000000000000000, -4.336808689942021700E-016, 1.000000000000000000 ) ) ;
#6809 = VERTEX_POINT ( 'NONE', #3853 ) ;
#6810 = CARTESIAN_POINT ( 'NONE',  ( 5.000000000000000000, -1.408343819019457500E-016, -1.150000000000000800 ) ) ;
#6811 = DIRECTION ( 'NONE',  ( 0.0000000000000000000, -3.097720492815726700E-016, -1.000000000000000000 ) ) ;
#6812 = FACE_OUTER_BOUND ( 'NONE', #7297, .T. ) ;
#6813 = CARTESIAN_POINT ( 'NONE',  ( 6.872294930302237100, -0.7330222215594897100, -0.5000000000000000000 ) ) ;
#6814 = ORIENTED_EDGE ( 'NONE', *, *, #970, .F. ) ;
#6815 = EDGE_CURVE ( 'NONE', #1575, #3480, #4220, .T. ) ;
#6816 =( NAMED_UNIT ( * ) SI_UNIT ( $, .STERADIAN. ) SOLID_ANGLE_UNIT ( ) );
#6817 = AXIS2_PLACEMENT_3D ( 'NONE', #409, #604, #4010 ) ;
#6818 = LINE ( 'NONE', #6227, #6697 ) ;
#6819 = LINE ( 'NONE', #6828, #5664 ) ;
#6820 = VECTOR ( 'NONE', #1571, 1000.000000000000000 ) ;
#6821 = EDGE_CURVE ( 'NONE', #2, #1795, #4382, .T. ) ;
#6822 = DIRECTION ( 'NONE',  ( 0.0000000000000000000, -0.0000000000000000000, 1.000000000000000000 ) ) ;
#6823 = CARTESIAN_POINT ( 'NONE',  ( -3.000000000000000000, 0.2500000020000000000, -2.500000000000000000 ) ) ;
#6824 = PRODUCT_DEFINITION_SHAPE ( 'NONE', 'NONE',  #728 ) ;
#6825 = SURFACE_STYLE_FILL_AREA ( #6044 ) ;
#6826 = DIRECTION ( 'NONE',  ( 0.0000000000000000000, 0.0000000000000000000, 1.000000000000000000 ) ) ;
#6827 = DIRECTION ( 'NONE',  ( 5.877471756668029300E-033, 1.000000000000000000, 1.850848880601472300E-016 ) ) ;
#6828 = CARTESIAN_POINT ( 'NONE',  ( 4.599999999999999600, 0.0000000000000000000, 0.7500000000000001100 ) ) ;
#6829 = AXIS2_PLACEMENT_3D ( 'NONE', #3287, #4443, #875 ) ;
#6830 = DIRECTION ( 'NONE',  ( 0.0000000000000000000, -0.0000000000000000000, 1.000000000000000000 ) ) ;
#6831 = CARTESIAN_POINT ( 'NONE',  ( -4.000000000000000000, 11.00000000000000000, -0.3000000000072128900 ) ) ;
#6832 = VERTEX_POINT ( 'NONE', #5654 ) ;
#6833 = CARTESIAN_POINT ( 'NONE',  ( 2.326828918379970600E-018, -0.01900000000000000000, 0.0000000000000000000 ) ) ;
#6834 = CARTESIAN_POINT ( 'NONE',  ( -4.542694659999999600, 1.839231016999999700, 2.213661436000001100 ) ) ;
#6835 = CIRCLE ( 'NONE', #3063, 3.150000000000000400 ) ;
#6836 = CIRCLE ( 'NONE', #90, 4.000000000000000000 ) ;
#6837 = ORIENTED_EDGE ( 'NONE', *, *, #6328, .T. ) ;
#6838 = CARTESIAN_POINT ( 'NONE',  ( 0.8421720712301092900, -0.01900000000000000000, 0.0000000000000000000 ) ) ;
#6839 = VECTOR ( 'NONE', #4580, 1000.000000000000100 ) ;
#6840 = PRODUCT_DEFINITION ( '未知', '', #3171, #4717 ) ;
#6841 = DIRECTION ( 'NONE',  ( -0.0000000000000000000, 1.000000000000000000, -0.0000000000000000000 ) ) ;
#6842 = VECTOR ( 'NONE', #1016, 1000.000000000000000 ) ;
#6843 = EDGE_CURVE ( 'NONE', #3238, #4743, #4642, .T. ) ;
#6844 = ORIENTED_EDGE ( 'NONE', *, *, #5410, .F. ) ;
#6845 = CARTESIAN_POINT ( 'NONE',  ( -4.457189624749323000, 1.604307862944176300, -2.213661436019803900 ) ) ;
#6846 = AXIS2_PLACEMENT_3D ( 'NONE', #3335, #7026, #7384 ) ;
#6847 = CIRCLE ( 'NONE', #3035, 3.150000000000000400 ) ;
#6848 = ORIENTED_EDGE ( 'NONE', *, *, #4799, .T. ) ;
#6849 = EDGE_CURVE ( 'NONE', #2717, #1331, #4134, .T. ) ;
#6850 = DIRECTION ( 'NONE',  ( -1.000000000000000000, -0.0000000000000000000, 0.0000000000000000000 ) ) ;
#6851 = CARTESIAN_POINT ( 'NONE',  ( -1.499999999999998900, -4.456579543088778900, -0.5000000031977579500 ) ) ;
#6852 = EDGE_CURVE ( 'NONE', #2023, #2392, #4139, .T. ) ;
#6853 = CARTESIAN_POINT ( 'NONE',  ( -2.999552949782371000, 0.2500000020000000000, -2.500022862414827100 ) ) ;
#6854 = LINE ( 'NONE', #4052, #6638 ) ;
#6855 = EDGE_CURVE ( 'NONE', #5885, #5660, #3932, .T. ) ;
#6856 = CARTESIAN_POINT ( 'NONE',  ( 5.000000000000000900, 0.6667235399342588100, -0.9430740636532719500 ) ) ;
#6857 = ORIENTED_EDGE ( 'NONE', *, *, #877, .T. ) ;
#6858 = VERTEX_POINT ( 'NONE', #900 ) ;
#6859 =( NAMED_UNIT ( * ) PLANE_ANGLE_UNIT ( ) SI_UNIT ( $, .RADIAN. ) );
#6860 = CIRCLE ( 'NONE', #4610, 0.1000000000000002600 ) ;
#6861 = CARTESIAN_POINT ( 'NONE',  ( 5.000000000000000000, -1.150000000000000100, 4.553649124439118600E-015 ) ) ;
#6862 = EDGE_CURVE ( 'NONE', #1694, #2871, #4023, .T. ) ;
#6863 = CARTESIAN_POINT ( 'NONE',  ( 6.968014882866898900, -3.614007241618347900E-017, -0.4999999999999996700 ) ) ;
#6864 = ORIENTED_EDGE ( 'NONE', *, *, #3918, .F. ) ;
#6865 = CARTESIAN_POINT ( 'NONE',  ( -4.500000000000002700, 4.500000000000002700, -12.00000000000000000 ) ) ;
#6866 = LINE ( 'NONE', #6253, #6655 ) ;
#6867 = ORIENTED_EDGE ( 'NONE', *, *, #2064, .F. ) ;
#6868 = PLANE ( 'NONE',  #5894 ) ;
#6869 = VERTEX_POINT ( 'NONE', #2185 ) ;
#6870 = CYLINDRICAL_SURFACE ( 'NONE', #1488, 1.050000000000000000 ) ;
#6871 = VERTEX_POINT ( 'NONE', #6288 ) ;
#6872 = VERTEX_POINT ( 'NONE', #5706 ) ;
#6873 = DIRECTION ( 'NONE',  ( 0.0000000000000000000, 0.0000000000000000000, 1.000000000000000000 ) ) ;
#6874 = EDGE_CURVE ( 'NONE', #1867, #2702, #3650, .T. ) ;
#6875 = VECTOR ( 'NONE', #7708, 1000.000000000000000 ) ;
#6876 = DIRECTION ( 'NONE',  ( -0.9961946980458629100, -0.08715574327209924000, 0.0000000000000000000 ) ) ;
#6877 = FACE_OUTER_BOUND ( 'NONE', #1190, .T. ) ;
#6878 = VERTEX_POINT ( 'NONE', #5086 ) ;
#6879 = LINE ( 'NONE', #5455, #6402 ) ;
#6880 = CIRCLE ( 'NONE', #5840, 0.1500000003997577200 ) ;
#6881 = CARTESIAN_POINT ( 'NONE',  ( -4.893940190804381800, 0.5614880178669560100, -2.327381947804142600 ) ) ;
#6882 = ORIENTED_EDGE ( 'NONE', *, *, #1001, .F. ) ;
#6883 = AXIS2_PLACEMENT_3D ( 'NONE', #538, #7077, #4700 ) ;
#6884 = CARTESIAN_POINT ( 'NONE',  ( -4.113518774184072400, -0.09665630201610435300, -2.527967327000000300 ) ) ;
#6885 = CARTESIAN_POINT ( 'NONE',  ( 3.799999999999999400, 0.0000000000000000000, 0.0000000000000000000 ) ) ;
#6886 = CARTESIAN_POINT ( 'NONE',  ( 4.500000000000002700, 4.500000000000002700, -12.00000000000000000 ) ) ;
#6887 = CARTESIAN_POINT ( 'NONE',  ( -2.998658849347109400, 0.2500000020000000000, -2.500068587244481700 ) ) ;
#6888 = VECTOR ( 'NONE', #106, 1000.000000000000000 ) ;
#6889 = ORIENTED_EDGE ( 'NONE', *, *, #3611, .F. ) ;
#6890 = VECTOR ( 'NONE', #2225, 1000.000000000000000 ) ;
#6891 = DIRECTION ( 'NONE',  ( -0.9816271834651892900, -0.1908089952863844000, -0.0000000000000000000 ) ) ;
#6892 = CARTESIAN_POINT ( 'NONE',  ( 5.000000000000000900, -1.076517348645503300, 0.4049249153815580000 ) ) ;
#6893 = CARTESIAN_POINT ( 'NONE',  ( 1.500000000000000000, -7.161999999999989300, 0.2999999999999999300 ) ) ;
#6894 = EDGE_LOOP ( 'NONE', ( #5152, #80, #441, #5581 ) ) ;
#6895 = CARTESIAN_POINT ( 'NONE',  ( 0.3696082266665001200, 1.911751018270800200, 1.776712534000001000 ) ) ;
#6896 =( GEOMETRIC_REPRESENTATION_CONTEXT ( 3 ) GLOBAL_UNCERTAINTY_ASSIGNED_CONTEXT ( ( #1191 ) ) GLOBAL_UNIT_ASSIGNED_CONTEXT ( ( #91, #4267, #682 ) ) REPRESENTATION_CONTEXT ( 'NONE', 'WORKASPACE' ) );
#6897 = SHAPE_REPRESENTATION_RELATIONSHIP ( 'NONE' , 'NONE' ,  #2667, #4782 ) ;
#6898 = ORIENTED_EDGE ( 'NONE', *, *, #2497, .T. ) ;
#6899 = EDGE_CURVE ( 'NONE', #3467, #3575, #3562, .T. ) ;
#6900 = ORIENTED_EDGE ( 'NONE', *, *, #7186, .T. ) ;
#6901 = ORIENTED_EDGE ( 'NONE', *, *, #3141, .T. ) ;
#6902 = UNCERTAINTY_MEASURE_WITH_UNIT (LENGTH_MEASURE( 1.000000000000000100E-005 ), #1661, 'distance_accuracy_value', 'NONE');
#6903 = DIRECTION ( 'NONE',  ( 1.000000000000000000, 0.0000000000000000000, 0.0000000000000000000 ) ) ;
#6904 = ORIENTED_EDGE ( 'NONE', *, *, #5442, .F. ) ;
#6905 = CARTESIAN_POINT ( 'NONE',  ( 0.6000000000000000900, -0.3500000000358927700, 1.250000000000000000 ) ) ;
#6906 = FACE_OUTER_BOUND ( 'NONE', #232, .T. ) ;
#6907 = CYLINDRICAL_SURFACE ( 'NONE', #6004, 0.1499999999999887000 ) ;
#6908 = DIRECTION ( 'NONE',  ( 0.0000000000000000000, -0.0000000000000000000, 1.000000000000000000 ) ) ;
#6909 = CARTESIAN_POINT ( 'NONE',  ( -2.500000000000000000, 0.2500000004999999900, -3.000000000000000000 ) ) ;
#6910 = CARTESIAN_POINT ( 'NONE',  ( 1.882705143999999300, 2.582513093999999800, 0.2050252530000000200 ) ) ;
#6911 = CARTESIAN_POINT ( 'NONE',  ( -4.500000000000002700, 6.500000000000002700, -3.299999999999999800 ) ) ;
#6912 = CYLINDRICAL_SURFACE ( 'NONE', #2299, 1.050000000000000000 ) ;
#6913 =( LENGTH_UNIT ( ) NAMED_UNIT ( * ) SI_UNIT ( .MILLI., .METRE. ) );
#6914 = PLANE ( 'NONE',  #2218 ) ;
#6915 = CIRCLE ( 'NONE', #2633, 0.3000000000000000400 ) ;
#6916 = SHAPE_REPRESENTATION_RELATIONSHIP ( 'NONE' , 'NONE' ,  #2136, #1670 ) ;
#6917 = ORIENTED_EDGE ( 'NONE', *, *, #1549, .F. ) ;
#6918 = CARTESIAN_POINT ( 'NONE',  ( -1.500000000000000000, 1.000000000000000000, -0.6000000000000000900 ) ) ;
#6919 = ADVANCED_FACE ( 'NONE', ( #3486 ), #3385, .T. ) ;
#6920 = CIRCLE ( 'NONE', #1877, 0.1499999994188695700 ) ;
#6921 = DIRECTION ( 'NONE',  ( -0.1908089953759582200, 0.9816271834477778800, 0.0000000000000000000 ) ) ;
#6922 = EDGE_CURVE ( 'NONE', #6332, #6383, #3751, .T. ) ;
#6923 = LINE ( 'NONE', #1541, #7051 ) ;
#6924 = ORIENTED_EDGE ( 'NONE', *, *, #3352, .F. ) ;
#6925 =( BOUNDED_SURFACE ( )  B_SPLINE_SURFACE ( 3, 3, ( 
 ( #3716, #3694, #6995, #7083 ),
 ( #6591, #6452, #6094, #6000 ),
 ( #5700, #4790, #5498, #2371 ),
 ( #4705, #5265, #5941, #2324 ) ),
 .UNSPECIFIED., .F., .F., .F. ) 
 B_SPLINE_SURFACE_WITH_KNOTS ( ( 4, 4 ),
 ( 4, 4 ),
 ( 0.0000000000000000000, 1.000000000000000000 ),
 ( 0.0000000000000000000, 1.000000000000000000 ),
 .UNSPECIFIED. ) 
 GEOMETRIC_REPRESENTATION_ITEM ( )  RATIONAL_B_SPLINE_SURFACE ( (
 ( 1.000000000000000000, 0.3333333333333330400, 0.3333333333333330400, 1.000000000000000000),
 ( 0.8911066843560498900, 0.2970355614520170400, 0.2970355614520170400, 0.8911066843560498900),
 ( 0.8911066843560498900, 0.2970355614520170400, 0.2970355614520170400, 0.8911066843560498900),
 ( 1.000000000000000000, 0.3333333333333330400, 0.3333333333333330400, 1.000000000000000000) ) ) 
 REPRESENTATION_ITEM ( '' )  SURFACE ( )  );
#6926 = DIRECTION ( 'NONE',  ( 0.0000000000000000000, -1.000000000000000000, 0.0000000000000000000 ) ) ;
#6927 = APPLICATION_CONTEXT ( 'automotive_design' ) ;
#6928 = CARTESIAN_POINT ( 'NONE',  ( 9.300000000000064700, -6.529999999999971800, -1.250000000000000000 ) ) ;
#6929 = VERTEX_POINT ( 'NONE', #7499 ) ;
#6930 = FACE_OUTER_BOUND ( 'NONE', #5178, .T. ) ;
#6931 = CARTESIAN_POINT ( 'NONE',  ( -4.500000000000002700, 6.500000000000002700, -3.299999999999999800 ) ) ;
#6932 = CARTESIAN_POINT ( 'NONE',  ( 2.273976907000000200, 2.403889446000000000, 0.4208712150000000800 ) ) ;
#6933 = CARTESIAN_POINT ( 'NONE',  ( 1.882705144000000200, 2.582513093999999800, 0.0000000000000000000 ) ) ;
#6934 = LINE ( 'NONE', #2383, #6136 ) ;
#6935 = DIRECTION ( 'NONE',  ( 1.000000000000000000, 0.0000000000000000000, -0.0000000000000000000 ) ) ;
#6936 = ORIENTED_EDGE ( 'NONE', *, *, #2118, .F. ) ;
#6937 = CARTESIAN_POINT ( 'NONE',  ( 0.6500000000000001300, -1.600000000000000800, 1.250000000000002000 ) ) ;
#6938 = DIRECTION ( 'NONE',  ( 0.0000000000000000000, 0.0000000000000000000, 1.000000000000000000 ) ) ;
#6939 = CIRCLE ( 'NONE', #1846, 0.6000000000000000900 ) ;
#6940 = VECTOR ( 'NONE', #884, 1000.000000000000000 ) ;
#6941 =( NAMED_UNIT ( * ) PLANE_ANGLE_UNIT ( ) SI_UNIT ( $, .RADIAN. ) );
#6942 = AXIS2_PLACEMENT_3D ( 'NONE', #4510, #939, #5134 ) ;
#6943 = LINE ( 'NONE', #2285, #6842 ) ;
#6944 = EDGE_LOOP ( 'NONE', ( #3876, #4763, #4989, #5398 ) ) ;
#6945 = CARTESIAN_POINT ( 'NONE',  ( -5.021734296619999100, 1.487192296059999900, -2.254275905000001000 ) ) ;
#6946 = DIRECTION ( 'NONE',  ( -0.0000000000000000000, -0.0000000000000000000, 1.000000000000000000 ) ) ;
#6947 = VERTEX_POINT ( 'NONE', #955 ) ;
#6948 = VECTOR ( 'NONE', #6701, 1000.000000000000000 ) ;
#6949 = FACE_OUTER_BOUND ( 'NONE', #4924, .T. ) ;
#6950 = CARTESIAN_POINT ( 'NONE',  ( 3.698715432986144200, 2.935509734997306700, 0.3500000000062947800 ) ) ;
#6951 = EDGE_CURVE ( 'NONE', #2781, #5193, #3291, .T. ) ;
#6952 = CARTESIAN_POINT ( 'NONE',  ( 0.2466655180000000300, 2.217218023999999700, 1.792702327000000000 ) ) ;
#6953 = VECTOR ( 'NONE', #6830, 1000.000000000000000 ) ;
#6954 = EDGE_CURVE ( 'NONE', #2632, #1739, #3830, .T. ) ;
#6955 = DIRECTION ( 'NONE',  ( 0.0000000000000000000, 0.0000000000000000000, -1.000000000000000000 ) ) ;
#6956 = ORIENTED_EDGE ( 'NONE', *, *, #7701, .F. ) ;
#6957 = LINE ( 'NONE', #7316, #6948 ) ;
#6958 = SHAPE_REPRESENTATION_RELATIONSHIP ( 'NONE' , 'NONE' ,  #450, #285 ) ;
#6959 = DIRECTION ( 'NONE',  ( -0.6797591533083884300, 0.7289524459031623300, 0.08096804990402144100 ) ) ;
#6960 = APPLICATION_PROTOCOL_DEFINITION ( 'draft international standard', 'automotive_design', 1998, #6362 ) ;
#6961 = CARTESIAN_POINT ( 'NONE',  ( -4.200000000000000200, 0.4999999999743621200, -0.3000000000000000400 ) ) ;
#6962 = ADVANCED_BREP_SHAPE_REPRESENTATION ( '', ( #3103, #4775 ), #4247 ) ;
#6963 = ORIENTED_EDGE ( 'NONE', *, *, #7685, .T. ) ;
#6964 = ADVANCED_FACE ( 'NONE', ( #3198 ), #390, .F. ) ;
#6965 = AXIS2_PLACEMENT_3D ( 'NONE', #5363, #2993, #593 ) ;
#6966 = CARTESIAN_POINT ( 'NONE',  ( -0.5703366156595171000, 2.694821468541472000, -1.868632586943650000 ) ) ;
#6967 = CARTESIAN_POINT ( 'NONE',  ( 0.6500000000000001300, -0.3500000000358931600, -1.250000000000000400 ) ) ;
#6968 = DIRECTION ( 'NONE',  ( 1.000000000000000000, 0.0000000000000000000, 0.0000000000000000000 ) ) ;
#6969 = LINE ( 'NONE', #1274, #1796 ) ;
#6970 = LINE ( 'NONE', #7436, #7029 ) ;
#6971 = CARTESIAN_POINT ( 'NONE',  ( 0.0000000000000000000, -0.3500000000000000300, 1.250000000000000000 ) ) ;
#6972 = DIRECTION ( 'NONE',  ( -1.000000000000000000, 0.0000000000000000000, 0.0000000000000000000 ) ) ;
#6973 = EDGE_LOOP ( 'NONE', ( #808, #926, #1035, #1135 ) ) ;
#6974 = EDGE_CURVE ( 'NONE', #1028, #5817, #3031, .T. ) ;
#6975 = LINE ( 'NONE', #7251, #6165 ) ;
#6976 = CARTESIAN_POINT ( 'NONE',  ( -5.150999637999999200, 0.5659516700000001300, -2.319259054999999400 ) ) ;
#6977 = CIRCLE ( 'NONE', #2664, 1.050000000000000000 ) ;
#6978 = ORIENTED_EDGE ( 'NONE', *, *, #7067, .T. ) ;
#6979 = CARTESIAN_POINT ( 'NONE',  ( 0.0000000000000000000, 6.500000000000002700, -12.00000000000000000 ) ) ;
#6980 = CARTESIAN_POINT ( 'NONE',  ( 1.575000000000000000, 3.149999999999999900, -1.470000000000000000 ) ) ;
#6981 = CARTESIAN_POINT ( 'NONE',  ( 5.099999999999999600, 0.2500000000000000000, -2.475000000444444100 ) ) ;
#6982 = VECTOR ( 'NONE', #5476, 1000.000000000000000 ) ;
#6983 = COLOUR_RGB ( '',1.000000000000000000, 1.000000000000000000, 1.000000000000000000 ) ;
#6984 = FACE_OUTER_BOUND ( 'NONE', #1538, .T. ) ;
#6985 = CARTESIAN_POINT ( 'NONE',  ( 2.149999999999947500, 0.0000000000000000000, -0.5000000000000000000 ) ) ;
#6986 = DIRECTION ( 'NONE',  ( 1.000000000000000000, -0.0000000000000000000, 0.0000000000000000000 ) ) ;
#6987 = PRODUCT_CONTEXT ( 'NONE', #3412, 'mechanical' ) ;
#6988 = EDGE_CURVE ( 'NONE', #6156, #2376, #3306, .T. ) ;
#6989 = FACE_OUTER_BOUND ( 'NONE', #590, .T. ) ;
#6990 = SURFACE_SIDE_STYLE ('',( #1128 ) ) ;
#6991 = ORIENTED_EDGE ( 'NONE', *, *, #2527, .T. ) ;
#6992 = ORIENTED_EDGE ( 'NONE', *, *, #1776, .F. ) ;
#6993 = VECTOR ( 'NONE', #993, 1000.000000000000000 ) ;
#6994 = AXIS2_PLACEMENT_3D ( 'NONE', #256, #863, #2715 ) ;
#6995 = CARTESIAN_POINT ( 'NONE',  ( 1.279212960000000200, 2.149403921000000700, -0.5125227289999998400 ) ) ;
#6996 = DIRECTION ( 'NONE',  ( 0.0000000000000000000, -1.000000000000000000, 0.0000000000000000000 ) ) ;
#6997 = AXIS2_PLACEMENT_3D ( 'NONE', #6961, #3442, #7581 ) ;
#6998 = CARTESIAN_POINT ( 'NONE',  ( 1.701125395662308000, 2.139730888635811700, 0.2201299483501829300 ) ) ;
#6999 = ORIENTED_EDGE ( 'NONE', *, *, #2883, .T. ) ;
#7000 = CARTESIAN_POINT ( 'NONE',  ( -4.489347399000001500, 0.2014934060000000400, -2.376119310999999600 ) ) ;
#7001 = LINE ( 'NONE', #2255, #7164 ) ;
#7002 = LINE ( 'NONE', #2710, #6940 ) ;
#7003 = ADVANCED_FACE ( 'NONE', ( #2868 ), #6340, .T. ) ;
#7004 = ORIENTED_EDGE ( 'NONE', *, *, #5464, .T. ) ;
#7006 = ORIENTED_EDGE ( 'NONE', *, *, #244, .T. ) ;
#7005 = CARTESIAN_POINT ( 'NONE',  ( 3.700000000000000200, 0.1500000000000000200, -2.299999999999999800 ) ) ;
#7007 = CARTESIAN_POINT ( 'NONE',  ( -1.055449343990000300, 3.111144963590000100, -1.914801944600000000 ) ) ;
#7008 = ORIENTED_EDGE ( 'NONE', *, *, #6455, .F. ) ;
#7009 = VECTOR ( 'NONE', #713, 1000.000000000000000 ) ;
#7010 = CARTESIAN_POINT ( 'NONE',  ( -1.499878708363746100, -8.626311989950869100, 0.5005356623312252600 ) ) ;
#7011 = ORIENTED_EDGE ( 'NONE', *, *, #5899, .T. ) ;
#7012 = PRESENTATION_LAYER_ASSIGNMENT (  '', '', ( #6625 ) ) ;
#7013 = CARTESIAN_POINT ( 'NONE',  ( 6.229507320615820000, -0.7330222215594375300, -2.500000000000000000 ) ) ;
#7014 = FACE_OUTER_BOUND ( 'NONE', #1058, .T. ) ;
#7015 = AXIS2_PLACEMENT_3D ( 'NONE', #4677, #7273, #1187 ) ;
#7016 = ORIENTED_EDGE ( 'NONE', *, *, #5723, .F. ) ;
#7017 = CARTESIAN_POINT ( 'NONE',  ( 0.6000000000000000900, -0.3500000000487124000, -1.250000000000000400 ) ) ;
#7018 =( REPRESENTATION_RELATIONSHIP ('NONE','NONE', #4592, #5661 ) REPRESENTATION_RELATIONSHIP_WITH_TRANSFORMATION ( #4927 )SHAPE_REPRESENTATION_RELATIONSHIP( ) );
#7019 = VECTOR ( 'NONE', #5038, 1000.000000000000000 ) ;
#7020 = DIRECTION ( 'NONE',  ( -0.0000000000000000000, -0.0000000000000000000, -1.000000000000000000 ) ) ;
#7021 = DIRECTION ( 'NONE',  ( -0.0000000000000000000, 0.0000000000000000000, -1.000000000000000000 ) ) ;
#7022 = EDGE_CURVE ( 'NONE', #3452, #1784, #3122, .T. ) ;
#7023 = CARTESIAN_POINT ( 'NONE',  ( 0.9428882919612058300, -3.297077562849732900, -1.250000000000001300 ) ) ;
#7024 = LINE ( 'NONE', #4253, #6579 ) ;
#7025 = CARTESIAN_POINT ( 'NONE',  ( -1.500000000000000000, 0.0000000000000000000, 0.0000000000000000000 ) ) ;
#7026 = DIRECTION ( 'NONE',  ( -0.9816271834475903700, -0.1908089953769233100, 0.0000000000000000000 ) ) ;
#7027 = ORIENTED_EDGE ( 'NONE', *, *, #5855, .T. ) ;
#7028 = LINE ( 'NONE', #5615, #6772 ) ;
#7029 = VECTOR ( 'NONE', #3886, 1000.000000000000000 ) ;
#7030 = VECTOR ( 'NONE', #236, 1000.000000000000000 ) ;
#7031 = ORIENTED_EDGE ( 'NONE', *, *, #3261, .F. ) ;
#7032 = DIRECTION ( 'NONE',  ( -0.9961946981316780500, -0.08715574229122760600, 0.0000000000000000000 ) ) ;
#7033 = VECTOR ( 'NONE', #6224, 1000.000000000000000 ) ;
#7034 = CARTESIAN_POINT ( 'NONE',  ( -4.541766584000001200, 1.573524368999999800, -2.221785357000000300 ) ) ;
#7035 = ORIENTED_EDGE ( 'NONE', *, *, #5672, .T. ) ;
#7036 = CIRCLE ( 'NONE', #1059, 1.399999999999999900 ) ;
#7037 = CARTESIAN_POINT ( 'NONE',  ( 1.497711080258112800, -8.812882697082679700, 0.5005356623312253700 ) ) ;
#7038 = CARTESIAN_POINT ( 'NONE',  ( -0.9029522069200001100, 3.119767420200000500, -1.905574523000000100 ) ) ;
#7039 = DIRECTION ( 'NONE',  ( -1.156482317317871300E-015, -1.000000000000000000, 0.0000000000000000000 ) ) ;
#7040 = EDGE_CURVE ( 'NONE', #4, #342, #2844, .T. ) ;
#7041 = LINE ( 'NONE', #4427, #7019 ) ;
#7042 = CARTESIAN_POINT ( 'NONE',  ( -1.438947555356920600, -8.852582325496886300, -0.02449735835033135500 ) ) ;
#7043 = CARTESIAN_POINT ( 'NONE',  ( 3.746417682000000100, 2.690102940000000100, -0.4208712150000000800 ) ) ;
#7044 = VECTOR ( 'NONE', #4352, 1000.000000000000000 ) ;
#7045 = DIRECTION ( 'NONE',  ( -1.000000000000000000, 0.0000000000000000000, -0.0000000000000000000 ) ) ;
#7046 = ORIENTED_EDGE ( 'NONE', *, *, #1858, .T. ) ;
#7047 = CARTESIAN_POINT ( 'NONE',  ( 2.273976905888957800, 2.403889446753177100, 0.6500000000000001300 ) ) ;
#7048 = ADVANCED_FACE ( 'NONE', ( #2963 ), #2755, .T. ) ;
#7049 = CARTESIAN_POINT ( 'NONE',  ( -1.575000000000000000, 0.1500000000000000200, -2.299999999999999800 ) ) ;
#7050 = FACE_OUTER_BOUND ( 'NONE', #897, .T. ) ;
#7051 = VECTOR ( 'NONE', #2191, 1000.000000000000000 ) ;
#7052 = DIRECTION ( 'NONE',  ( 0.0000000000000000000, 0.0000000000000000000, 1.000000000000000000 ) ) ;
#7053 = DIRECTION ( 'NONE',  ( -0.0000000000000000000, -1.000000000000000000, -0.0000000000000000000 ) ) ;
#7055 = CARTESIAN_POINT ( 'NONE',  ( -2.999105899564739700, 0.2500000020000000000, -2.500045724829655500 ) ) ;
#7054 = VECTOR ( 'NONE', #711, 1000.000000000000000 ) ;
#7056 = DIRECTION ( 'NONE',  ( -0.08715574229122760600, 0.9961946981316780500, 0.0000000000000000000 ) ) ;
#7057 = AXIS2_PLACEMENT_3D ( 'NONE', #4358, #1388, #5575 ) ;
#7058 = VECTOR ( 'NONE', #7187, 1000.000000000000000 ) ;
#7059 = VECTOR ( 'NONE', #4405, 1000.000000000000000 ) ;
#7060 = ORIENTED_EDGE ( 'NONE', *, *, #5053, .T. ) ;
#7061 = AXIS2_PLACEMENT_3D ( 'NONE', #3378, #1599, #5764 ) ;
#7062 = CARTESIAN_POINT ( 'NONE',  ( -4.927970174627101400, 1.093971683696999900, -2.278644586000000000 ) ) ;
#7063 = CYLINDRICAL_SURFACE ( 'NONE', #4367, 0.6499999999999873700 ) ;
#7064 = ORIENTED_EDGE ( 'NONE', *, *, #1870, .F. ) ;
#7065 = DIRECTION ( 'NONE',  ( 0.0000000000000000000, 0.0000000000000000000, 1.000000000000000000 ) ) ;
#7066 = CARTESIAN_POINT ( 'NONE',  ( -0.7245357170000000800, 2.817258573999999300, -1.887103554999999900 ) ) ;
#7067 = EDGE_CURVE ( 'NONE', #3543, #4623, #2862, .T. ) ;
#7068 = LINE ( 'NONE', #5287, #1006 ) ;
#7069 = LINE ( 'NONE', #234, #7059 ) ;
#7070 = CARTESIAN_POINT ( 'NONE',  ( -3.500000000000000000, 1.000000000000000000, -12.00000000000000000 ) ) ;
#7071 = CARTESIAN_POINT ( 'NONE',  ( -2.149999999999947500, 2.632990618166745100E-016, -0.5000000000000000000 ) ) ;
#7072 = ORIENTED_EDGE ( 'NONE', *, *, #6633, .T. ) ;
#7073 = CARTESIAN_POINT ( 'NONE',  ( 0.0000000000000000000, 0.0000000000000000000, -1.250000000375000300 ) ) ;
#7074 = LINE ( 'NONE', #6532, #7262 ) ;
#7075 = DIRECTION ( 'NONE',  ( 0.0000000000000000000, 0.0000000000000000000, -1.000000000000000000 ) ) ;
#7076 = CIRCLE ( 'NONE', #4550, 1.030000000000000000 ) ;
#7077 = DIRECTION ( 'NONE',  ( 0.0000000000000000000, 0.0000000000000000000, 1.000000000000000000 ) ) ;
#7078 = FACE_BOUND ( 'NONE', #2580, .T. ) ;
#7079 = FACE_OUTER_BOUND ( 'NONE', #254, .T. ) ;
#7080 = CARTESIAN_POINT ( 'NONE',  ( -1.430561523147126300, -9.075477966563928700, 0.4235812458331448800 ) ) ;
#7081 = DIRECTION ( 'NONE',  ( -1.000000000000000000, 0.0000000000000000000, 0.0000000000000000000 ) ) ;
#7082 = AXIS2_PLACEMENT_3D ( 'NONE', #5610, #7591, #7335 ) ;
#7083 = CARTESIAN_POINT ( 'NONE',  ( 2.285425446000000100, 2.344991815000000200, -0.5125227289999998400 ) ) ;
#7084 = CARTESIAN_POINT ( 'NONE',  ( -4.974513261420001200, 0.2509631383500000600, 2.343627736000000200 ) ) ;
#7085 = DIRECTION ( 'NONE',  ( 0.0000000000000000000, 0.0000000000000000000, -1.000000000000000000 ) ) ;
#7086 = FACE_OUTER_BOUND ( 'NONE', #339, .T. ) ;
#7087 = CARTESIAN_POINT ( 'NONE',  ( 9.300000000000064700, -0.3500000000000343900, -2.500000000000000000 ) ) ;
#7088 = FACE_OUTER_BOUND ( 'NONE', #4596, .T. ) ;
#7089 = CARTESIAN_POINT ( 'NONE',  ( 5.099999999999999600, 0.0000000000000000000, -3.500000000000000000 ) ) ;
#7090 = EDGE_CURVE ( 'NONE', #5548, #1980, #2659, .T. ) ;
#7091 = CARTESIAN_POINT ( 'NONE',  ( 0.0000000000000000000, 0.2500000000000000000, -3.500000000000000000 ) ) ;
#7092 = LINE ( 'NONE', #2417, #5156 ) ;
#7093 = CARTESIAN_POINT ( 'NONE',  ( 4.999999999999999100, 0.07328611993471169400, 1.149869930637233300 ) ) ;
#7094 = ADVANCED_FACE ( 'NONE', ( #2678 ), #2318, .F. ) ;
#7095 = PRODUCT_DEFINITION_CONTEXT ( 'detailed design', #2316, 'design' ) ;
#7096 = DIRECTION ( 'NONE',  ( 1.000000000000000000, 0.0000000000000000000, -0.0000000000000000000 ) ) ;
#7097 = ORIENTED_EDGE ( 'NONE', *, *, #4319, .F. ) ;
#7098 = FACE_OUTER_BOUND ( 'NONE', #4679, .T. ) ;
#7099 = PRODUCT_DEFINITION_SHAPE ( 'NONE', 'NONE',  #7718 ) ;
#7100 = VERTEX_POINT ( 'NONE', #497 ) ;
#7101 = CARTESIAN_POINT ( 'NONE',  ( 3.799999999999999400, 1.084202172485504400E-016, -0.7499999999459900900 ) ) ;
#7102 = ORIENTED_EDGE ( 'NONE', *, *, #5683, .F. ) ;
#7103 = EDGE_CURVE ( 'NONE', #4786, #1917, #2334, .T. ) ;
#7104 = CARTESIAN_POINT ( 'NONE',  ( 1.155631795371322400E-015, -8.654599497423255600, 0.6109684088529622200 ) ) ;
#7105 = CARTESIAN_POINT ( 'NONE',  ( 6.872294930302233600, -0.7330222215594918200, -2.500000000000000000 ) ) ;
#7106 = ORIENTED_EDGE ( 'NONE', *, *, #1067, .F. ) ;
#7107 = CIRCLE ( 'NONE', #3212, 1.175000000000000000 ) ;
#7108 = CARTESIAN_POINT ( 'NONE',  ( 1.479999999999791300, -3.153589838486141200, -0.5000000000000000000 ) ) ;
#7109 = DIRECTION ( 'NONE',  ( 1.000000000000000000, -7.271382570136664000E-013, 0.0000000000000000000 ) ) ;
#7110 = AXIS2_PLACEMENT_3D ( 'NONE', #6506, #536, #1781 ) ;
#7111 = CARTESIAN_POINT ( 'NONE',  ( -5.173677836999999600, 1.159658517000000000, 2.278644586000000000 ) ) ;
#7112 = ORIENTED_EDGE ( 'NONE', *, *, #6874, .T. ) ;
#7113 = CARTESIAN_POINT ( 'NONE',  ( 0.0000000000000000000, 0.0000000000000000000, 2.474999999999999600 ) ) ;
#7114 = DIRECTION ( 'NONE',  ( 0.0000000000000000000, -1.000000000000000000, 0.0000000000000000000 ) ) ;
#7115 = AXIS2_PLACEMENT_3D ( 'NONE', #4182, #5998, #2465 ) ;
#7116 = DIRECTION ( 'NONE',  ( -0.7660444431190086600, 0.6427876096865027300, 0.0000000000000000000 ) ) ;
#7117 = LINE ( 'NONE', #2746, #7225 ) ;
#7118 = ADVANCED_FACE ( 'NONE', ( #2574 ), #1080, .T. ) ;
#7119 = VECTOR ( 'NONE', #3224, 1000.000000000000000 ) ;
#7120 = ADVANCED_FACE ( 'NONE', ( #2411 ), #4473, .F. ) ;
#7121 = EDGE_CURVE ( 'NONE', #6497, #438, #2052, .T. ) ;
#7122 = EDGE_CURVE ( 'NONE', #6809, #4158, #2125, .T. ) ;
#7123 = ORIENTED_EDGE ( 'NONE', *, *, #6261, .F. ) ;
#7124 = ORIENTED_EDGE ( 'NONE', *, *, #3317, .T. ) ;
#7125 = EDGE_CURVE ( 'NONE', #5372, #5649, #2235, .T. ) ;
#7126 = CARTESIAN_POINT ( 'NONE',  ( 0.7000000000000000700, 0.0000000000000000000, 0.0000000000000000000 ) ) ;
#7127 = CARTESIAN_POINT ( 'NONE',  ( 5.000000000000000000, 0.4049249167940252600, 1.076517347235568000 ) ) ;
#7128 = CIRCLE ( 'NONE', #216, 0.3000000000000000400 ) ;
#7129 = LINE ( 'NONE', #650, #3249 ) ;
#7130 = PRODUCT_DEFINITION_FORMATION_WITH_SPECIFIED_SOURCE ( '任何', '', #1193, .NOT_KNOWN. ) ;
#7131 = LINE ( 'NONE', #2108, #7033 ) ;
#7132 = VERTEX_POINT ( 'NONE', #4257 ) ;
#7133 = EDGE_CURVE ( 'NONE', #3913, #7530, #1945, .T. ) ;
#7134 = DIRECTION ( 'NONE',  ( -1.000000000000000000, 0.0000000000000000000, 0.0000000000000000000 ) ) ;
#7135 = CARTESIAN_POINT ( 'NONE',  ( -4.500000000000002700, 3.950000000037035900, -12.00000000000000200 ) ) ;
#7136 = DIRECTION ( 'NONE',  ( 0.9816271834477412500, 0.1908089953761477600, -0.0000000000000000000 ) ) ;
#7137 = VECTOR ( 'NONE', #805, 1000.000000000000000 ) ;
#7138 = VERTEX_POINT ( 'NONE', #5479 ) ;
#7139 = CARTESIAN_POINT ( 'NONE',  ( 4.133321378997980100, 10.64949377184527700, -1.001668862626756300E-007 ) ) ;
#7140 = ADVANCED_FACE ( 'NONE', ( #2215 ), #6868, .F. ) ;
#7141 = DIRECTION ( 'NONE',  ( -0.0000000000000000000, 1.000000000000000000, 0.0000000000000000000 ) ) ;
#7142 = DIRECTION ( 'NONE',  ( 1.585870516606639000E-016, 1.478848182247045400E-016, 1.000000000000000000 ) ) ;
#7143 = CARTESIAN_POINT ( 'NONE',  ( -4.541766584000001200, 1.573524368999999800, 2.221785357000000300 ) ) ;
#7144 = ORIENTED_EDGE ( 'NONE', *, *, #5951, .F. ) ;
#7145 = EDGE_CURVE ( 'NONE', #3467, #3056, #2035, .T. ) ;
#7146 = CIRCLE ( 'NONE', #1169, 0.3000000050133501100 ) ;
#7147 = VERTEX_POINT ( 'NONE', #7487 ) ;
#7148 = FACE_OUTER_BOUND ( 'NONE', #753, .T. ) ;
#7149 = ORIENTED_EDGE ( 'NONE', *, *, #954, .F. ) ;
#7150 = CARTESIAN_POINT ( 'NONE',  ( -0.5703366156489333400, 2.694821468530121900, 1.868632587014219500 ) ) ;
#7151 = VERTEX_POINT ( 'NONE', #6329 ) ;
#7152 = CYLINDRICAL_SURFACE ( 'NONE', #2452, 2.149999999999947500 ) ;
#7153 = EDGE_CURVE ( 'NONE', #6025, #1908, #2044, .T. ) ;
#7154 = VECTOR ( 'NONE', #6654, 1000.000000000000200 ) ;
#7155 = CARTESIAN_POINT ( 'NONE',  ( 5.951802250918037300, -0.4999999999999997800, -0.5000000000000000000 ) ) ;
#7156 = ADVANCED_FACE ( 'NONE', ( #1723 ), #5739, .F. ) ;
#7157 = ORIENTED_EDGE ( 'NONE', *, *, #2360, .F. ) ;
#7158 = CARTESIAN_POINT ( 'NONE',  ( 6.133787368051005600, -2.135461410592771700E-016, -0.4999999999999996700 ) ) ;
#7159 = ADVANCED_FACE ( 'NONE', ( #1816 ), #4458, .T. ) ;
#7160 = LINE ( 'NONE', #4620, #2449 ) ;
#7161 = LINE ( 'NONE', #215, #7137 ) ;
#7162 = VERTEX_POINT ( 'NONE', #6358 ) ;
#7163 = AXIS2_PLACEMENT_3D ( 'NONE', #6833, #3328, #7466 ) ;
#7164 = VECTOR ( 'NONE', #5196, 1000.000000000000000 ) ;
#7165 = CARTESIAN_POINT ( 'NONE',  ( -1.499999999999998700, -7.161999999999990200, -0.5000000000000000000 ) ) ;
#7166 = CARTESIAN_POINT ( 'NONE',  ( 4.179948400228139100, 10.58962212241901000, -5.858109700713177900E-007 ) ) ;
#7167 = VERTEX_POINT ( 'NONE', #2313 ) ;
#7168 = CARTESIAN_POINT ( 'NONE',  ( -1.499999999999998900, -4.456579543088778900, -0.5000000047966368700 ) ) ;
#7169 = CARTESIAN_POINT ( 'NONE',  ( -4.489347399000001500, 0.2014934060000000400, 2.376119310999999600 ) ) ;
#7170 = LINE ( 'NONE', #7367, #7058 ) ;
#7171 = LINE ( 'NONE', #7363, #7119 ) ;
#7172 = CARTESIAN_POINT ( 'NONE',  ( 3.500000000000000000, 1.000000000000000000, -3.799999999999999800 ) ) ;
#7173 = ORIENTED_EDGE ( 'NONE', *, *, #5624, .T. ) ;
#7174 = FACE_OUTER_BOUND ( 'NONE', #1848, .T. ) ;
#7175 = VECTOR ( 'NONE', #76, 1000.000000000000000 ) ;
#7176 = VERTEX_POINT ( 'NONE', #2884 ) ;
#7177 = CARTESIAN_POINT ( 'NONE',  ( -4.200000000012124700, 10.50000000000000000, -2.525420543084535500E-016 ) ) ;
#7178 = LINE ( 'NONE', #2492, #7185 ) ;
#7179 = MECHANICAL_DESIGN_GEOMETRIC_PRESENTATION_REPRESENTATION (  '', ( #6384 ), #7571 ) ;
#7180 = VERTEX_POINT ( 'NONE', #6980 ) ;
#7181 = AXIS2_PLACEMENT_3D ( 'NONE', #3900, #2445, #1909 ) ;
#7182 = CARTESIAN_POINT ( 'NONE',  ( 0.1157259918904457500, 2.325679180117483200, 1.808692119959621500 ) ) ;
#7183 = CYLINDRICAL_SURFACE ( 'NONE', #1380, 1.000000000000000000 ) ;
#7184 = CARTESIAN_POINT ( 'NONE',  ( 5.000000000000000000, -1.149870443741325000, -0.1455855669315432300 ) ) ;
#7185 = VECTOR ( 'NONE', #6024, 1000.000000000000000 ) ;
#7186 = EDGE_CURVE ( 'NONE', #2924, #2725, #1619, .T. ) ;
#7187 = DIRECTION ( 'NONE',  ( 0.0000000000000000000, 0.0000000000000000000, 1.000000000000000000 ) ) ;
#7188 = LINE ( 'NONE', #168, #246 ) ;
#7189 = DIRECTION ( 'NONE',  ( 0.0000000000000000000, 0.0000000000000000000, 1.000000000000000000 ) ) ;
#7190 = CARTESIAN_POINT ( 'NONE',  ( 1.479999999999791300, -3.153589838486141200, -0.5000000000000000000 ) ) ;
#7191 = CARTESIAN_POINT ( 'NONE',  ( -0.3874981867863161500, 2.865321058541115300, 1.868632586853282700 ) ) ;
#7192 = FACE_OUTER_BOUND ( 'NONE', #1995, .T. ) ;
#7193 = DIRECTION ( 'NONE',  ( 0.0000000000000000000, -1.000000000000000000, -8.673617379884027600E-016 ) ) ;
#7194 = FACE_OUTER_BOUND ( 'NONE', #3953, .T. ) ;
#7195 = CARTESIAN_POINT ( 'NONE',  ( -4.911018787071999000, 0.6501906574781001200, 2.319259054999999400 ) ) ;
#7196 = VECTOR ( 'NONE', #5583, 1000.000000000000000 ) ;
#7197 = CARTESIAN_POINT ( 'NONE',  ( -6.325000000000000200, 0.0000000000000000000, 0.0000000000000000000 ) ) ;
#7198 = B_SPLINE_CURVE_WITH_KNOTS ( 'NONE', 3,
 ( #2740, #255, #6174, #4505 ),
 .UNSPECIFIED., .F., .F.,
 ( 4, 4 ),
 ( 8.352394242269482500E-014, 3.953126573990427500E-005 ),
 .UNSPECIFIED. ) ;
#7199 = PLANE ( 'NONE',  #669 ) ;
#7200 = ADVANCED_FACE ( 'NONE', ( #1426 ), #1401, .F. ) ;
#7201 = CIRCLE ( 'NONE', #964, 1.000000000000000000 ) ;
#7202 = ADVANCED_FACE ( 'NONE', ( #1525 ), #1312, .T. ) ;
#7203 = VECTOR ( 'NONE', #2116, 1000.000000000000000 ) ;
#7204 = EDGE_CURVE ( 'NONE', #677, #3276, #205, .T. ) ;
#7205 = CARTESIAN_POINT ( 'NONE',  ( -4.157125522735257500, 10.62478428431600000, -3.260258932394212700E-007 ) ) ;
#7206 = LINE ( 'NONE', #6738, #7263 ) ;
#7207 = ORIENTED_EDGE ( 'NONE', *, *, #3282, .F. ) ;
#7208 = ORIENTED_EDGE ( 'NONE', *, *, #2293, .F. ) ;
#7209 = CARTESIAN_POINT ( 'NONE',  ( 5.099999999999999600, 0.0000000000000000000, 3.500000000000000000 ) ) ;
#7210 = ORIENTED_EDGE ( 'NONE', *, *, #3181, .T. ) ;
#7211 = AXIS2_PLACEMENT_3D ( 'NONE', #7599, #4053, #448 ) ;
#7212 = VECTOR ( 'NONE', #4365, 1000.000000000000000 ) ;
#7213 = CARTESIAN_POINT ( 'NONE',  ( -5.192830293772636300, 1.170127848338919700, -2.278644585731425000 ) ) ;
#7214 = ORIENTED_EDGE ( 'NONE', *, *, #1994, .F. ) ;
#7215 = CARTESIAN_POINT ( 'NONE',  ( -0.8421720712301092900, -0.01899999999999989900, -2.882022329970921300 ) ) ;
#7216 = AXIS2_PLACEMENT_3D ( 'NONE', #1861, #4768, #6517 ) ;
#7217 = DIRECTION ( 'NONE',  ( -1.000000000000000000, -2.431951964360947700E-016, 0.0000000000000000000 ) ) ;
#7218 = DIRECTION ( 'NONE',  ( 0.08715574047420771000, -0.9961946982906466600, 0.0000000000000000000 ) ) ;
#7219 = FACE_OUTER_BOUND ( 'NONE', #1379, .T. ) ;
#7220 = LINE ( 'NONE', #5050, #7030 ) ;
#7221 = UNCERTAINTY_MEASURE_WITH_UNIT (LENGTH_MEASURE( 1.000000000000000100E-005 ), #2180, 'distance_accuracy_value', 'NONE');
#7222 = VERTEX_POINT ( 'NONE', #7627 ) ;
#7223 = CARTESIAN_POINT ( 'NONE',  ( 0.7210065359942461300, -1.722986928011504700, -1.250000000000000200 ) ) ;
#7224 =( NAMED_UNIT ( * ) PLANE_ANGLE_UNIT ( ) SI_UNIT ( $, .RADIAN. ) );
#7225 = VECTOR ( 'NONE', #6276, 1000.000000000000000 ) ;
#7226 = EDGE_CURVE ( 'NONE', #3734, #6493, #1418, .T. ) ;
#7227 = EDGE_CURVE ( 'NONE', #7576, #166, #1505, .T. ) ;
#7228 = CARTESIAN_POINT ( 'NONE',  ( -4.099537471973957500, 10.67464934715416500, -4.476743608871137200E-007 ) ) ;
#7229 = VECTOR ( 'NONE', #7237, 1000.000000000000100 ) ;
#7230 = LINE ( 'NONE', #6149, #7212 ) ;
#7231 = DIRECTION ( 'NONE',  ( 0.0000000000000000000, 1.000000000000000000, 0.0000000000000000000 ) ) ;
#7232 = SURFACE_SIDE_STYLE ('',( #7502 ) ) ;
#7233 = CARTESIAN_POINT ( 'NONE',  ( 1.396380774790442000, -9.155069627123566500, 0.3881447541302605100 ) ) ;
#7234 = CARTESIAN_POINT ( 'NONE',  ( 5.000000000000000000, -1.122954751601876300, -0.2880454889905780800 ) ) ;
#7235 = VECTOR ( 'NONE', #760, 1000.000000000000000 ) ;
#7236 = ADVANCED_FACE ( 'NONE', ( #1104 ), #3507, .F. ) ;
#7237 = DIRECTION ( 'NONE',  ( -0.3420201460180307100, 0.9396926198059687400, 1.594384341339484700E-010 ) ) ;
#7238 = ADVANCED_FACE ( 'NONE', ( #1204 ), #930, .T. ) ;
#7239 = CYLINDRICAL_SURFACE ( 'NONE', #7216, 0.1000000000655268300 ) ;
#7240 = EDGE_LOOP ( 'NONE', ( #7676, #64, #640, #708, #748, #896, #976, #1075 ) ) ;
#7241 = DIRECTION ( 'NONE',  ( 0.0000000000000000000, 0.0000000000000000000, 1.000000000000000000 ) ) ;
#7242 = CARTESIAN_POINT ( 'NONE',  ( -3.039220084058482200, 0.2482876156220920600, 2.497991429604630800 ) ) ;
#7243 = FACE_OUTER_BOUND ( 'NONE', #5956, .T. ) ;
#7244 = ORIENTED_EDGE ( 'NONE', *, *, #6281, .F. ) ;
#7245 = DIRECTION ( 'NONE',  ( -1.000000000000000000, 0.0000000000000000000, -0.0000000000000000000 ) ) ;
#7246 = LINE ( 'NONE', #2195, #1587 ) ;
#7247 = EDGE_CURVE ( 'NONE', #725, #886, #1007, .T. ) ;
#7248 = CARTESIAN_POINT ( 'NONE',  ( -4.135307710000000200, 0.1523923730000000300, -2.527967327000000300 ) ) ;
#7249 = ORIENTED_EDGE ( 'NONE', *, *, #776, .T. ) ;
#7250 = B_SPLINE_CURVE_WITH_KNOTS ( 'NONE', 3,
 ( #7460, #1511, #906, #5095 ),
 .UNSPECIFIED., .F., .F.,
 ( 4, 4 ),
 ( 0.0003453343999866944100, 0.0006124601624925245400 ),
 .UNSPECIFIED. ) ;
#7251 = CARTESIAN_POINT ( 'NONE',  ( 1.050000000000000000, 6.349999999999999600, -1.399999999999999900 ) ) ;
#7252 = CLOSED_SHELL ( 'NONE', ( #7200, #4198, #6531, #3700, #6047, #3528, #5868, #992, #5471, #774, #1152, #6403, #1417, #4170, #7610, #3585, #4770, #4661, #5169, #4922, #4237, #2626, #5390, #3731, #6919, #4154, #1946, #4961, #4748, #4721, #5502 ) ) ;
#7253 = CYLINDRICAL_SURFACE ( 'NONE', #185, 0.8421720712301092900 ) ;
#7254 = LINE ( 'NONE', #2594, #7235 ) ;
#7255 = AXIS2_PLACEMENT_3D ( 'NONE', #4796, #1620, #3023 ) ;
#7256 = DIRECTION ( 'NONE',  ( -1.000000000000000000, 0.0000000000000000000, 0.0000000000000000000 ) ) ;
#7257 = PLANE ( 'NONE',  #2004 ) ;
#7258 = DIRECTION ( 'NONE',  ( 0.0000000000000000000, 0.0000000000000000000, 1.000000000000000000 ) ) ;
#7259 = CIRCLE ( 'NONE', #2616, 1.000000000000000000 ) ;
#7260 = CARTESIAN_POINT ( 'NONE',  ( 2.273976906311582900, 2.403889446834111000, -0.6500000000000023500 ) ) ;
#7261 = ORIENTED_EDGE ( 'NONE', *, *, #6219, .T. ) ;
#7262 = VECTOR ( 'NONE', #6562, 1000.000000000000000 ) ;
#7263 = VECTOR ( 'NONE', #2636, 1000.000000000000000 ) ;
#7264 = EDGE_LOOP ( 'NONE', ( #188, #1744, #3356, #4842 ) ) ;
#7265 = EDGE_CURVE ( 'NONE', #4315, #3297, #1608, .T. ) ;
#7266 = CARTESIAN_POINT ( 'NONE',  ( 4.999999999999999100, -1.062544270549286900, -0.4402168443718467700 ) ) ;
#7267 = CARTESIAN_POINT ( 'NONE',  ( -3.000000000000000000, 0.0000000000000000000, -12.00000000000000000 ) ) ;
#7268 = AXIS2_PLACEMENT_3D ( 'NONE', #7434, #5686, #2168 ) ;
#7269 = CIRCLE ( 'NONE', #4472, 2.149999999999947500 ) ;
#7270 = LINE ( 'NONE', #3780, #7196 ) ;
#7271 = CARTESIAN_POINT ( 'NONE',  ( 4.000000000000000000, 6.500000000000002700, -3.299999999999999800 ) ) ;
#7272 = DIRECTION ( 'NONE',  ( -1.000000000000000000, 0.0000000000000000000, 0.0000000000000000000 ) ) ;
#7273 = DIRECTION ( 'NONE',  ( 0.0000000000000000000, 0.0000000000000000000, 1.000000000000000000 ) ) ;
#7274 = ORIENTED_EDGE ( 'NONE', *, *, #3164, .T. ) ;
#7275 = FACE_OUTER_BOUND ( 'NONE', #1301, .T. ) ;
#7276 = FACE_OUTER_BOUND ( 'NONE', #2941, .T. ) ;
#7277 = CARTESIAN_POINT ( 'NONE',  ( -4.200674516999999500, 0.8995383959999999600, -2.437514216000000300 ) ) ;
#7278 = ADVANCED_FACE ( 'NONE', ( #923 ), #4691, .F. ) ;
#7279 = CARTESIAN_POINT ( 'NONE',  ( 1.500000000000000000, -8.300922675490229000, -0.06862797732823638900 ) ) ;
#7280 = PRODUCT_DEFINITION ( '未知', '', #3956, #350 ) ;
#7281 = DIRECTION ( 'NONE',  ( 1.000000000000000000, 0.0000000000000000000, -0.0000000000000000000 ) ) ;
#7282 = DIRECTION ( 'NONE',  ( -1.156482317317871300E-015, -1.000000000000000000, 0.0000000000000000000 ) ) ;
#7283 = LINE ( 'NONE', #3105, #6888 ) ;
#7284 = LINE ( 'NONE', #6576, #7372 ) ;
#7285 = LINE ( 'NONE', #7632, #7529 ) ;
#7286 = AXIS2_PLACEMENT_3D ( 'NONE', #5777, #6470, #3854 ) ;
#7287 = CARTESIAN_POINT ( 'NONE',  ( -4.000000000000000000, 10.70000000000673500, 0.0000000000000000000 ) ) ;
#7288 = EDGE_CURVE ( 'NONE', #1739, #5435, #752, .T. ) ;
#7289 = DIRECTION ( 'NONE',  ( 1.000000000000000000, -0.0000000000000000000, 0.0000000000000000000 ) ) ;
#7290 = LINE ( 'NONE', #4256, #7175 ) ;
#7291 = EDGE_CURVE ( 'NONE', #6451, #687, #820, .T. ) ;
#7292 = DIRECTION ( 'NONE',  ( 1.000000000000000000, -0.0000000000000000000, -0.0000000000000000000 ) ) ;
#7293 = ORIENTED_EDGE ( 'NONE', *, *, #4395, .T. ) ;
#7294 = ORIENTED_EDGE ( 'NONE', *, *, #5951, .T. ) ;
#7295 = FACE_OUTER_BOUND ( 'NONE', #4316, .T. ) ;
#7296 = EDGE_CURVE ( 'NONE', #5441, #6872, #828, .T. ) ;
#7297 = EDGE_LOOP ( 'NONE', ( #5931, #7664, #7623, #2738 ) ) ;
#7298 = ORIENTED_EDGE ( 'NONE', *, *, #7265, .T. ) ;
#7299 = PRODUCT ( 'DCJ235-05-cover-black', 'DCJ235-05-cover-black', '', ( #2292 ) ) ;
#7300 = CARTESIAN_POINT ( 'NONE',  ( 0.0000000000000000000, 0.0000000000000000000, -0.5000000000000000000 ) ) ;
#7301 = VECTOR ( 'NONE', #138, 1000.000000000000000 ) ;
#7302 = ORIENTED_EDGE ( 'NONE', *, *, #2552, .F. ) ;
#7303 = ORIENTED_EDGE ( 'NONE', *, *, #2427, .T. ) ;
#7304 = EDGE_LOOP ( 'NONE', ( #2188, #2102, #6889, #2431 ) ) ;
#7305 = EDGE_CURVE ( 'NONE', #140, #1147, #566, .T. ) ;
#7306 = PLANE ( 'NONE',  #1397 ) ;
#7307 = CARTESIAN_POINT ( 'NONE',  ( 3.727336782000001000, 2.788265658000000300, -1.500000000000000000 ) ) ;
#7308 = DIRECTION ( 'NONE',  ( 1.000000000000000000, 2.431951964360947700E-016, 1.943176853288052200E-036 ) ) ;
#7309 = LINE ( 'NONE', #2007, #7525 ) ;
#7310 = DIRECTION ( 'NONE',  ( -0.0000000000000000000, -0.05233595627013538200, 0.9986295347531487500 ) ) ;
#7311 = CARTESIAN_POINT ( 'NONE',  ( 0.7500000000000000000, -3.500000000000000000, 0.0000000000000000000 ) ) ;
#7312 = AXIS2_PLACEMENT_3D ( 'NONE', #5367, #2441, #6537 ) ;
#7313 = LINE ( 'NONE', #126, #7009 ) ;
#7314 = CARTESIAN_POINT ( 'NONE',  ( 4.999999999999998200, -1.054130480652950600, -0.4600816466005363500 ) ) ;
#7315 = ADVANCED_FACE ( 'NONE', ( #270 ), #182, .T. ) ;
#7316 = CARTESIAN_POINT ( 'NONE',  ( 1.499999999749999500, 1.000000000000000000, -0.6000000000000000900 ) ) ;
#7317 = CARTESIAN_POINT ( 'NONE',  ( 3.000000000000000000, 3.949999999999999700, -12.00000000000000000 ) ) ;
#7318 = DIRECTION ( 'NONE',  ( 0.0000000000000000000, 0.0000000000000000000, 1.000000000000000000 ) ) ;
#7319 = VECTOR ( 'NONE', #7292, 1000.000000000000000 ) ;
#7320 = VECTOR ( 'NONE', #3150, 1000.000000000000000 ) ;
#7321 = LINE ( 'NONE', #5959, #6296 ) ;
#7322 = ORIENTED_EDGE ( 'NONE', *, *, #5833, .F. ) ;
#7323 = CARTESIAN_POINT ( 'NONE',  ( 3.000000000000000000, 1.000000000000000000, -12.00000000000000000 ) ) ;
#7324 = DIRECTION ( 'NONE',  ( 0.0000000000000000000, 0.0000000000000000000, -1.000000000000000000 ) ) ;
#7325 = VECTOR ( 'NONE', #3376, 1000.000000000000000 ) ;
#7326 = AXIS2_PLACEMENT_3D ( 'NONE', #2548, #6652, #3124 ) ;
#7327 = LINE ( 'NONE', #7287, #7301 ) ;
#7328 = DIRECTION ( 'NONE',  ( 1.000000000000000000, 0.0000000000000000000, 0.0000000000000000000 ) ) ;
#7329 = CARTESIAN_POINT ( 'NONE',  ( 2.032241746411173300, 2.356900891572347100, 0.3414060849474553300 ) ) ;
#7330 = EDGE_CURVE ( 'NONE', #7176, #7222, #192, .T. ) ;
#7331 = DIRECTION ( 'NONE',  ( 0.0000000000000000000, -0.0000000000000000000, -1.000000000000000000 ) ) ;
#7332 = CARTESIAN_POINT ( 'NONE',  ( -4.000000000038458100, 11.00000000000000000, -0.3000000000090161100 ) ) ;
#7333 = VECTOR ( 'NONE', #6102, 1000.000000000000000 ) ;
#7334 = CARTESIAN_POINT ( 'NONE',  ( 1.050000000000000000, 6.349999999999999600, -1.399999999999999900 ) ) ;
#7335 = DIRECTION ( 'NONE',  ( 1.000000000000000000, 0.0000000000000000000, 0.0000000000000000000 ) ) ;
#7336 = CARTESIAN_POINT ( 'NONE',  ( 4.999999999999998200, -1.037761565733586600, -0.4959975624568511200 ) ) ;
#7337 = ORIENTED_EDGE ( 'NONE', *, *, #7678, .T. ) ;
#7338 = AXIS2_PLACEMENT_3D ( 'NONE', #7423, #6794, #6236 ) ;
#7339 = VECTOR ( 'NONE', #2922, 1000.000000000000000 ) ;
#7340 = VECTOR ( 'NONE', #4295, 1000.000000000000000 ) ;
#7341 = VERTEX_POINT ( 'NONE', #3580 ) ;
#7342 = CARTESIAN_POINT ( 'NONE',  ( -1.192528576598826100, 3.058591751782046200, -2.240225374000000000 ) ) ;
#7343 = VECTOR ( 'NONE', #1650, 1000.000000000000200 ) ;
#7344 = VERTEX_POINT ( 'NONE', #4175 ) ;
#7345 = DIRECTION ( 'NONE',  ( 1.000000000000000000, 0.0000000000000000000, -0.0000000000000000000 ) ) ;
#7346 = ORIENTED_EDGE ( 'NONE', *, *, #5551, .T. ) ;
#7347 = LINE ( 'NONE', #4802, #7229 ) ;
#7348 = LINE ( 'NONE', #4831, #7340 ) ;
#7349 = EDGE_CURVE ( 'NONE', #3276, #6235, #476, .T. ) ;
#7350 = FILL_AREA_STYLE_COLOUR ( '', #5711 ) ;
#7351 = ADVANCED_FACE ( 'NONE', ( #94 ), #4752, .T. ) ;
#7352 = SHAPE_REPRESENTATION ( 'DCJ235-05-housing-black', ( #4775 ), #6237 ) ;
#7353 = ORIENTED_EDGE ( 'NONE', *, *, #4615, .T. ) ;
#7354 = CARTESIAN_POINT ( 'NONE',  ( 1.923954154945740000, 2.335851916057949000, -0.2256956289901343700 ) ) ;
#7355 = FACE_OUTER_BOUND ( 'NONE', #3270, .T. ) ;
#7356 = LINE ( 'NONE', #6082, #7483 ) ;
#7357 = VERTEX_POINT ( 'NONE', #589 ) ;
#7358 = ORIENTED_EDGE ( 'NONE', *, *, #6726, .F. ) ;
#7359 = AXIS2_PLACEMENT_3D ( 'NONE', #2069, #7371, #3809 ) ;
#7360 = CARTESIAN_POINT ( 'NONE',  ( 4.749999999999999100, 0.0000000000000000000, 0.0000000000000000000 ) ) ;
#7361 = DIRECTION ( 'NONE',  ( -1.000000000000000000, 0.0000000000000000000, -0.0000000000000000000 ) ) ;
#7362 = ORIENTED_EDGE ( 'NONE', *, *, #6261, .T. ) ;
#7363 = CARTESIAN_POINT ( 'NONE',  ( -3.500000000375000500, 1.399999999999999900, -12.00000000000000000 ) ) ;
#7364 = LINE ( 'NONE', #7391, #7319 ) ;
#7365 = VECTOR ( 'NONE', #5451, 1000.000000000000000 ) ;
#7366 = CARTESIAN_POINT ( 'NONE',  ( 1.206183313378739000, -3.443160990966228900, 1.250000000000001800 ) ) ;
#7367 = CARTESIAN_POINT ( 'NONE',  ( -1.750000000000000000, 6.500000000000002700, -9.850000000000001400 ) ) ;
#7368 = CARTESIAN_POINT ( 'NONE',  ( -1.500000000234374500, 1.072026160000000100, 4.349999999999999600 ) ) ;
#7369 = AXIS2_PLACEMENT_3D ( 'NONE', #4369, #2088, #3807 ) ;
#7370 = CARTESIAN_POINT ( 'NONE',  ( -4.124783986189298100, 0.3428748424437754200, -3.253534380372514700E-007 ) ) ;
#7371 = DIRECTION ( 'NONE',  ( -0.8660254037844418200, -0.4999999999999947300, 0.0000000000000000000 ) ) ;
#7372 = VECTOR ( 'NONE', #2469, 1000.000000000000000 ) ;
#7373 = CARTESIAN_POINT ( 'NONE',  ( 0.5002368539999999500, 1.906301794000000000, -1.768721575999999900 ) ) ;
#7374 = AXIS2_PLACEMENT_3D ( 'NONE', #1282, #1953, #6076 ) ;
#7375 = FACE_OUTER_BOUND ( 'NONE', #5322, .T. ) ;
#7376 = CARTESIAN_POINT ( 'NONE',  ( 0.5768073430000000300, 2.175864772000000600, 1.760722740999999900 ) ) ;
#7377 = EDGE_CURVE ( 'NONE', #7100, #3972, #111, .T. ) ;
#7378 = EDGE_CURVE ( 'NONE', #14, #2935, #6, .T. ) ;
#7379 = LINE ( 'NONE', #55, #7365 ) ;
#7380 = PLANE ( 'NONE',  #4942 ) ;
#7381 = FACE_BOUND ( 'NONE', #5106, .T. ) ;
#7382 = CARTESIAN_POINT ( 'NONE',  ( -3.005817764356554500, 1.999552636955114200E-009, -2.499330476315243700 ) ) ;
#7383 = CARTESIAN_POINT ( 'NONE',  ( 2.238130008999999800, 2.588305748000000700, -0.4999999999999999400 ) ) ;
#7384 = DIRECTION ( 'NONE',  ( 0.1908089953769231400, -0.9816271834475903700, 0.0000000000000000000 ) ) ;
#7385 = DIRECTION ( 'NONE',  ( 0.7660444431190367400, 0.6427876096864694200, 0.0000000000000000000 ) ) ;
#7386 = CIRCLE ( 'NONE', #7326, 0.7500000000000000000 ) ;
#7387 = ORIENTED_EDGE ( 'NONE', *, *, #2780, .T. ) ;
#7388 = ORIENTED_EDGE ( 'NONE', *, *, #4972, .F. ) ;
#7389 = CONICAL_SURFACE ( 'NONE', #2042, 0.7499999998685780200, 1.050215493078114700 ) ;
#7390 = ADVANCED_FACE ( 'NONE', ( #363 ), #7715, .T. ) ;
#7391 = CARTESIAN_POINT ( 'NONE',  ( 0.0000000000000000000, -6.529999999999971800, -1.850000000000000100 ) ) ;
#7392 = CARTESIAN_POINT ( 'NONE',  ( 3.500000000000000000, 1.399999999999999700, -3.799999998370369600 ) ) ;
#7393 = ORIENTED_EDGE ( 'NONE', *, *, #7433, .T. ) ;
#7394 = CARTESIAN_POINT ( 'NONE',  ( -4.174649347139680200, 0.4004625280328335000, -4.476743359481870900E-007 ) ) ;
#7395 = ORIENTED_EDGE ( 'NONE', *, *, #3282, .T. ) ;
#7396 = EDGE_CURVE ( 'NONE', #3329, #5114, #7615, .T. ) ;
#7397 = EDGE_LOOP ( 'NONE', ( #2115, #2203, #2295, #2381 ) ) ;
#7398 = VERTEX_POINT ( 'NONE', #7182 ) ;
#7399 = EDGE_LOOP ( 'NONE', ( #5974, #4056, #4614, #6080, #7008, #5224, #7395, #6021 ) ) ;
#7400 = AXIS2_PLACEMENT_3D ( 'NONE', #6385, #6482, #6437 ) ;
#7401 = B_SPLINE_CURVE_WITH_KNOTS ( 'NONE', 3,
 ( #4260, #6373, #6423, #4147, #6346, #7614 ),
 .UNSPECIFIED., .F., .F.,
 ( 4, 2, 4 ),
 ( 5.292246127069300300E-013, 0.0004368712838909508700, 0.0008737425672526770700 ),
 .UNSPECIFIED. ) ;
#7402 = DIRECTION ( 'NONE',  ( 1.000000000000000000, 0.0000000000000000000, -0.0000000000000000000 ) ) ;
#7403 = CARTESIAN_POINT ( 'NONE',  ( 0.0000000000000000000, 0.0000000000000000000, 1.250000000000000000 ) ) ;
#7404 = EDGE_CURVE ( 'NONE', #2386, #2742, #5025, .T. ) ;
#7405 = CARTESIAN_POINT ( 'NONE',  ( 1.211609546878158900, -3.431153008076171900, 1.250000000000000900 ) ) ;
#7406 = CARTESIAN_POINT ( 'NONE',  ( 7.150000000000093600, -0.4999999999999997800, -2.500000000000000000 ) ) ;
#7407 = FACE_OUTER_BOUND ( 'NONE', #5801, .T. ) ;
#7408 = PLANE ( 'NONE',  #430 ) ;
#7409 = LINE ( 'NONE', #3302, #6568 ) ;
#7410 = DIRECTION ( 'NONE',  ( 1.000000000000000000, -0.0000000000000000000, -0.0000000000000000000 ) ) ;
#7411 = AXIS2_PLACEMENT_3D ( 'NONE', #2741, #911, #5100 ) ;
#7412 = CARTESIAN_POINT ( 'NONE',  ( 5.000000000000001800, -1.011965344004021300, -0.5490146214932530900 ) ) ;
#7413 = FACE_OUTER_BOUND ( 'NONE', #78, .T. ) ;
#7414 = ORIENTED_EDGE ( 'NONE', *, *, #6526, .F. ) ;
#7415 = AXIS2_PLACEMENT_3D ( 'NONE', #1673, #5834, #2317 ) ;
#7416 = DIRECTION ( 'NONE',  ( -0.0000000000000000000, -0.0000000000000000000, -1.000000000000000000 ) ) ;
#7417 = CARTESIAN_POINT ( 'NONE',  ( 4.128696893688502500, 0.3466084240986674900, -4.339043654991311200E-008 ) ) ;
#7418 = DIRECTION ( 'NONE',  ( 0.0000000000000000000, -0.9135454576426004200, 0.4067366430758009900 ) ) ;
#7419 = EDGE_CURVE ( 'NONE', #1645, #5263, #7573, .T. ) ;
#7420 = CARTESIAN_POINT ( 'NONE',  ( 4.500000000000002700, 0.5000000000000000000, -12.00000000000000000 ) ) ;
#7421 = ORIENTED_EDGE ( 'NONE', *, *, #3605, .F. ) ;
#7422 = FACE_OUTER_BOUND ( 'NONE', #5740, .T. ) ;
#7423 = CARTESIAN_POINT ( 'NONE',  ( -1.680000000000063700, -3.963408842603166600, -1.999813558652137100 ) ) ;
#7424 = MECHANICAL_DESIGN_GEOMETRIC_PRESENTATION_REPRESENTATION (  '', ( #6625 ), #86 ) ;
#7425 = CARTESIAN_POINT ( 'NONE',  ( -1.480000000000055000, -4.456579543088778900, -0.5000000031977579500 ) ) ;
#7426 = DIRECTION ( 'NONE',  ( -0.0000000000000000000, -0.0000000000000000000, -1.000000000000000000 ) ) ;
#7427 = AXIS2_PLACEMENT_3D ( 'NONE', #4593, #693, #670 ) ;
#7428 = EDGE_CURVE ( 'NONE', #7222, #7398, #7602, .T. ) ;
#7429 = CARTESIAN_POINT ( 'NONE',  ( -2.433618704727591000, 4.500000000000002700, -12.00000000000000000 ) ) ;
#7430 = CYLINDRICAL_SURFACE ( 'NONE', #2394, 0.6000000000000000900 ) ;
#7431 = CARTESIAN_POINT ( 'NONE',  ( 3.999999999996152400, 10.70000000000336700, -1.011483575055214500E-015 ) ) ;
#7432 = ORIENTED_EDGE ( 'NONE', *, *, #3228, .T. ) ;
#7433 = EDGE_CURVE ( 'NONE', #1262, #2971, #7543, .T. ) ;
#7434 = CARTESIAN_POINT ( 'NONE',  ( 3.698715432999999400, 2.935509734999999700, -0.3500000000000000300 ) ) ;
#7435 = LINE ( 'NONE', #3074, #7639 ) ;
#7436 = CARTESIAN_POINT ( 'NONE',  ( -3.000000000000000000, 4.500000000000002700, -0.5999999999999998700 ) ) ;
#7437 = DIRECTION ( 'NONE',  ( -0.0000000000000000000, -1.000000000000000000, 0.0000000000000000000 ) ) ;
#7438 = VECTOR ( 'NONE', #1933, 1000.000000000000200 ) ;
#7439 = CARTESIAN_POINT ( 'NONE',  ( 3.150000000000000400, 6.500000000000002700, -9.500000000000000000 ) ) ;
#7440 = CARTESIAN_POINT ( 'NONE',  ( 1.500000000005097000, -8.362965930854768400, -0.04405130251952428500 ) ) ;
#7441 = LINE ( 'NONE', #1302, #915 ) ;
#7442 = PLANE ( 'NONE',  #7554 ) ;
#7443 = LINE ( 'NONE', #4686, #7622 ) ;
#7444 = EDGE_CURVE ( 'NONE', #1527, #3726, #7585, .T. ) ;
#7445 = FILL_AREA_STYLE_COLOUR ( '', #5656 ) ;
#7446 = EDGE_CURVE ( 'NONE', #7576, #2014, #7507, .T. ) ;
#7447 = DIRECTION ( 'NONE',  ( 0.0000000000000000000, -0.0000000000000000000, 1.000000000000000000 ) ) ;
#7448 = VERTEX_POINT ( 'NONE', #6056 ) ;
#7449 = MANIFOLD_SOLID_BREP ( '?D3y-à-éì3', #3843 ) ;
#7450 = ORIENTED_EDGE ( 'NONE', *, *, #6821, .T. ) ;
#7451 = AXIS2_PLACEMENT_3D ( 'NONE', #5938, #6509, #2997 ) ;
#7452 = CARTESIAN_POINT ( 'NONE',  ( 0.6500000000000001300, -0.3500000000358931600, -1.250000000000000400 ) ) ;
#7453 = FACE_OUTER_BOUND ( 'NONE', #3284, .T. ) ;
#7455 = DIRECTION ( 'NONE',  ( 1.000000000000000000, -0.0000000000000000000, -0.0000000000000000000 ) ) ;
#7454 = PRESENTATION_STYLE_ASSIGNMENT (( #5214 ) ) ;
#7456 = LINE ( 'NONE', #4279, #6982 ) ;
#7457 = CARTESIAN_POINT ( 'NONE',  ( -1.500000000000000000, 0.9999999999999997800, -12.00000000000000000 ) ) ;
#7458 = VECTOR ( 'NONE', #605, 1000.000000000000000 ) ;
#7459 = DIRECTION ( 'NONE',  ( -0.9366073255846709700, -0.3408971875899096700, 0.08096805020759755000 ) ) ;
#7460 = CARTESIAN_POINT ( 'NONE',  ( 1.483414613336323500, -8.626311989950869100, 0.0005356623312256798100 ) ) ;
#7461 = DIRECTION ( 'NONE',  ( 0.0000000000000000000, 0.0000000000000000000, -1.000000000000000000 ) ) ;
#7462 = FACE_OUTER_BOUND ( 'NONE', #4273, .T. ) ;
#7463 = DIRECTION ( 'NONE',  ( 1.000000000000000000, 0.0000000000000000000, -0.0000000000000000000 ) ) ;
#7464 = UNCERTAINTY_MEASURE_WITH_UNIT (LENGTH_MEASURE( 1.000000000000000100E-005 ), #2651, 'distance_accuracy_value', 'NONE');
#7465 = STYLED_ITEM ( 'NONE', ( #5675 ), #5524 ) ;
#7466 = DIRECTION ( 'NONE',  ( 1.000000000000000000, 0.0000000000000000000, 0.0000000000000000000 ) ) ;
#7467 = CARTESIAN_POINT ( 'NONE',  ( 0.8000000000000000400, -1.619200000000000600, -1.619200000000000600 ) ) ;
#7468 = EDGE_CURVE ( 'NONE', #1561, #6643, #7386, .T. ) ;
#7469 = FILL_AREA_STYLE ('',( #3330 ) ) ;
#7470 = PRESENTATION_STYLE_ASSIGNMENT (( #3681 ) ) ;
#7471 = VERTEX_POINT ( 'NONE', #1959 ) ;
#7472 = ORIENTED_EDGE ( 'NONE', *, *, #6406, .F. ) ;
#7473 = VERTEX_POINT ( 'NONE', #2526 ) ;
#7474 = CARTESIAN_POINT ( 'NONE',  ( 8.791421356237403700, -0.5999999999999998700, -0.5000000000000000000 ) ) ;
#7475 = VECTOR ( 'NONE', #4187, 1000.000000000000000 ) ;
#7476 = COLOUR_RGB ( '',1.000000000000000000, 1.000000000000000000, 1.000000000000000000 ) ;
#7477 = CARTESIAN_POINT ( 'NONE',  ( 5.000000000000000900, 0.4959976350639817600, -1.037761492996806900 ) ) ;
#7478 = ORIENTED_EDGE ( 'NONE', *, *, #6027, .F. ) ;
#7479 = ORIENTED_EDGE ( 'NONE', *, *, #6352, .T. ) ;
#7480 = LINE ( 'NONE', #419, #6839 ) ;
#7481 = DIRECTION ( 'NONE',  ( 0.4999999999999947300, -0.8660254037844418200, 0.0000000000000000000 ) ) ;
#7482 = SHAPE_REPRESENTATION ( 'DCJ235-05-cover-black', ( #4775 ), #482 ) ;
#7483 = VECTOR ( 'NONE', #1314, 1000.000000000000100 ) ;
#7484 = PLANE ( 'NONE',  #4805 ) ;
#7485 = ORIENTED_EDGE ( 'NONE', *, *, #7404, .F. ) ;
#7486 = CIRCLE ( 'NONE', #6131, 1.600000000000000100 ) ;
#7487 = CARTESIAN_POINT ( 'NONE',  ( 5.099999999999998800, 0.0000000000000000000, 2.474999999999999600 ) ) ;
#7488 = VERTEX_POINT ( 'NONE', #5490 ) ;
#7489 = EDGE_CURVE ( 'NONE', #3659, #2213, #7348, .T. ) ;
#7490 = LINE ( 'NONE', #5570, #6706 ) ;
#7491 = CARTESIAN_POINT ( 'NONE',  ( -4.250000000000063900, 4.530000000000000200, -9.550000000000000700 ) ) ;
#7492 = AXIS2_PLACEMENT_3D ( 'NONE', #5185, #4545, #4855 ) ;
#7493 = VECTOR ( 'NONE', #2591, 1000.000000000000000 ) ;
#7494 = VECTOR ( 'NONE', #6605, 1000.000000000000000 ) ;
#7495 = DIRECTION ( 'NONE',  ( 0.0000000000000000000, 1.000000000000000000, 0.0000000000000000000 ) ) ;
#7496 = FACE_OUTER_BOUND ( 'NONE', #5039, .T. ) ;
#7497 = CARTESIAN_POINT ( 'NONE',  ( -4.499007145514222600, 0.1882768439706974100, -2.376119309995269100 ) ) ;
#7498 = EDGE_CURVE ( 'NONE', #2958, #7176, #7356, .T. ) ;
#7499 = CARTESIAN_POINT ( 'NONE',  ( 1.194644752127112600, -3.466853515899579900, 1.249375141688955400 ) ) ;
#7500 = DIRECTION ( 'NONE',  ( 0.0000000000000000000, 0.0000000000000000000, 1.000000000000000000 ) ) ;
#7501 = CARTESIAN_POINT ( 'NONE',  ( 0.0000000000000000000, -6.529999999999971800, -1.250000000000000000 ) ) ;
#7502 = SURFACE_STYLE_FILL_AREA ( #3097 ) ;
#7503 = DIRECTION ( 'NONE',  ( 0.0000000000000000000, -0.0000000000000000000, 1.000000000000000000 ) ) ;
#7504 =( NAMED_UNIT ( * ) PLANE_ANGLE_UNIT ( ) SI_UNIT ( $, .RADIAN. ) );
#7505 = AXIS2_PLACEMENT_3D ( 'NONE', #2994, #7705, #3533 ) ;
#7506 = CARTESIAN_POINT ( 'NONE',  ( -3.700000000000000200, 0.1500000000000000200, -1.399999999999999900 ) ) ;
#7507 = LINE ( 'NONE', #7209, #7494 ) ;
#7508 = CARTESIAN_POINT ( 'NONE',  ( 4.999999999999999100, -0.9248485390894318800, 0.7012976020141762400 ) ) ;
#7509 = DIRECTION ( 'NONE',  ( 0.0000000000000000000, 0.0000000000000000000, 1.000000000000000000 ) ) ;
#7510 = EDGE_LOOP ( 'NONE', ( #1235, #2259, #6728, #7302 ) ) ;
#7511 = EDGE_CURVE ( 'NONE', #166, #1042, #5681, .T. ) ;
#7512 = PLANE ( 'NONE',  #6411 ) ;
#7513 = EDGE_CURVE ( 'NONE', #6947, #4344, #5673, .T. ) ;
#7514 = EDGE_CURVE ( 'NONE', #859, #1194, #7327, .T. ) ;
#7515 = ORIENTED_EDGE ( 'NONE', *, *, #2625, .F. ) ;
#7516 = VERTEX_POINT ( 'NONE', #3728 ) ;
#7517 = LINE ( 'NONE', #583, #6317 ) ;
#7518 = VECTOR ( 'NONE', #1895, 1000.000000000000000 ) ;
#7519 = CARTESIAN_POINT ( 'NONE',  ( 9.300000000000064700, -6.779999999999970900, -2.500000000000000000 ) ) ;
#7520 = DIRECTION ( 'NONE',  ( -0.01197554681433734400, 0.005801741911736362600, 0.9999114591148994300 ) ) ;
#7521 = PRODUCT_RELATED_PRODUCT_CATEGORY ( 'part', '', ( #1193 ) ) ;
#7522 = ORIENTED_EDGE ( 'NONE', *, *, #4132, .F. ) ;
#7523 = ADVANCED_FACE ( 'NONE', ( #7295 ), #4317, .T. ) ;
#7524 = LINE ( 'NONE', #727, #1478 ) ;
#7525 = VECTOR ( 'NONE', #7310, 1000.000000000000100 ) ;
#7526 = DIRECTION ( 'NONE',  ( 0.0000000000000000000, 0.0000000000000000000, -1.000000000000000000 ) ) ;
#7527 = CARTESIAN_POINT ( 'NONE',  ( 1.747316416999999700, 2.492901251000000200, 0.0000000000000000000 ) ) ;
#7528 = CARTESIAN_POINT ( 'NONE',  ( 3.000000000000000000, 1.399999999888888800, -12.00000000000000000 ) ) ;
#7529 = VECTOR ( 'NONE', #4084, 1000.000000000000000 ) ;
#7530 = VERTEX_POINT ( 'NONE', #733 ) ;
#7531 = VERTEX_POINT ( 'NONE', #6130 ) ;
#7532 =( NAMED_UNIT ( * ) SI_UNIT ( $, .STERADIAN. ) SOLID_ANGLE_UNIT ( ) );
#7533 = FACE_OUTER_BOUND ( 'NONE', #5592, .T. ) ;
#7534 = VECTOR ( 'NONE', #4222, 1000.000000000000000 ) ;
#7535 = ORIENTED_EDGE ( 'NONE', *, *, #3029, .T. ) ;
#7536 = CARTESIAN_POINT ( 'NONE',  ( 0.6036000000000001400, -0.3500000000615314800, -1.250000000000000000 ) ) ;
#7537 = EDGE_CURVE ( 'NONE', #4255, #653, #7309, .T. ) ;
#7538 = CARTESIAN_POINT ( 'NONE',  ( -4.354841908339999200, -0.09831363906000004100, -2.392365097999999500 ) ) ;
#7539 = CARTESIAN_POINT ( 'NONE',  ( -4.113518773481279000, -0.09665630345461767600, 2.408610885044954100 ) ) ;
#7540 = CARTESIAN_POINT ( 'NONE',  ( -4.500000000000002700, 4.500000000000002700, -12.00000000000000000 ) ) ;
#7541 = DIRECTION ( 'NONE',  ( -0.0000000000000000000, -0.0000000000000000000, -1.000000000000000000 ) ) ;
#7542 = VECTOR ( 'NONE', #4735, 1000.000000000000000 ) ;
#7543 = LINE ( 'NONE', #2502, #7518 ) ;
#7544 = CARTESIAN_POINT ( 'NONE',  ( 0.01767169171539999900, 2.060557387214700100, 1.800693284808099600 ) ) ;
#7545 = VERTEX_POINT ( 'NONE', #3174 ) ;
#7546 = APPLICATION_CONTEXT ( 'automotive_design' ) ;
#7547 = EDGE_CURVE ( 'NONE', #662, #1887, #7254, .T. ) ;
#7548 = LINE ( 'NONE', #7105, #6875 ) ;
#7549 = DIRECTION ( 'NONE',  ( 0.0000000000000000000, 0.0000000000000000000, -1.000000000000000000 ) ) ;
#7550 = CYLINDRICAL_SURFACE ( 'NONE', #577, 1.399999999999999900 ) ;
#7551 = UNCERTAINTY_MEASURE_WITH_UNIT (LENGTH_MEASURE( 1.000000000000000100E-005 ), #6260, 'distance_accuracy_value', 'NONE');
#7552 = VECTOR ( 'NONE', #7713, 1000.000000000000000 ) ;
#7553 = PLANE ( 'NONE',  #3161 ) ;
#7554 = AXIS2_PLACEMENT_3D ( 'NONE', #287, #889, #5072 ) ;
#7555 = CARTESIAN_POINT ( 'NONE',  ( 1.447699655000000100, 2.243277419000000000, -0.4208712150000000800 ) ) ;
#7556 = DIRECTION ( 'NONE',  ( -1.000000000000000000, 0.0000000000000000000, 0.0000000000000000000 ) ) ;
#7557 = CARTESIAN_POINT ( 'NONE',  ( -1.107023541600531000, 2.823668599463410100, -1.924045490916926900 ) ) ;
#7558 = DIRECTION ( 'NONE',  ( -1.000000000000000000, 0.0000000000000000000, 0.0000000000000000000 ) ) ;
#7559 = CIRCLE ( 'NONE', #4813, 1.399999999999999900 ) ;
#7560 = DIRECTION ( 'NONE',  ( 0.0000000000000000000, 1.000000000000000000, 0.0000000000000000000 ) ) ;
#7561 = ORIENTED_EDGE ( 'NONE', *, *, #4599, .T. ) ;
#7562 = DIRECTION ( 'NONE',  ( -1.000000000000000000, 5.877471748289675300E-033, 1.850848881167519900E-016 ) ) ;
#7563 = VECTOR ( 'NONE', #1236, 1000.000000000000000 ) ;
#7564 = CARTESIAN_POINT ( 'NONE',  ( -4.762108116789999500, 1.738745510810000100, -2.229907224000000200 ) ) ;
#7565 = CARTESIAN_POINT ( 'NONE',  ( -1.396380774790438700, -8.951701305585666900, -0.06862797469104056600 ) ) ;
#7566 = ADVANCED_FACE ( 'NONE', ( #7243 ), #1370, .F. ) ;
#7567 = DIRECTION ( 'NONE',  ( 0.0000000000000000000, 0.0000000000000000000, 1.000000000000000000 ) ) ;
#7568 = CARTESIAN_POINT ( 'NONE',  ( -4.789306364156047400, 0.4011330377422772100, 2.343627735201526500 ) ) ;
#7569 = CARTESIAN_POINT ( 'NONE',  ( 0.1157259890000000300, 2.325679178000000600, 1.808692120000000100 ) ) ;
#7570 = VERTEX_POINT ( 'NONE', #2614 ) ;
#7571 =( GEOMETRIC_REPRESENTATION_CONTEXT ( 3 ) GLOBAL_UNCERTAINTY_ASSIGNED_CONTEXT ( ( #3204 ) ) GLOBAL_UNIT_ASSIGNED_CONTEXT ( ( #2219, #6318, #2797 ) ) REPRESENTATION_CONTEXT ( 'NONE', 'WORKASPACE' ) );
#7572 = DIRECTION ( 'NONE',  ( -0.0000000000000000000, -1.000000000000000000, -0.0000000000000000000 ) ) ;
#7573 = LINE ( 'NONE', #3055, #7563 ) ;
#7574 = VERTEX_POINT ( 'NONE', #6720 ) ;
#7575 = AXIS2_PLACEMENT_3D ( 'NONE', #1681, #336, #307 ) ;
#7576 = VERTEX_POINT ( 'NONE', #163 ) ;
#7577 = CLOSED_SHELL ( 'NONE', ( #1066, #2430, #3010, #7315, #7048, #6477, #6448, #447, #7094, #3621, #5576, #5957, #2530, #1031, #2992, #6191, #1168, #6087, #4616, #2100, #1864, #6671, #4849, #5790 ) ) ;
#7578 = DIRECTION ( 'NONE',  ( 1.000000000000000000, 0.0000000000000000000, 0.0000000000000000000 ) ) ;
#7579 = APPLICATION_CONTEXT ( 'automotive_design' ) ;
#7580 = ORIENTED_EDGE ( 'NONE', *, *, #5921, .T. ) ;
#7581 = DIRECTION ( 'NONE',  ( 0.0000000000000000000, 0.0000000000000000000, 1.000000000000000000 ) ) ;
#7582 = VERTEX_POINT ( 'NONE', #7334 ) ;
#7583 = CIRCLE ( 'NONE', #2813, 1.250000000000000400 ) ;
#7584 = EDGE_CURVE ( 'NONE', #2409, #3329, #7230, .T. ) ;
#7585 = CIRCLE ( 'NONE', #5356, 0.7299999999999998700 ) ;
#7586 = CARTESIAN_POINT ( 'NONE',  ( 0.0000000000000000000, -3.500000000000000000, -0.5000000000000000000 ) ) ;
#7587 = ORIENTED_EDGE ( 'NONE', *, *, #5252, .T. ) ;
#7588 = DIRECTION ( 'NONE',  ( 0.9816271834651892900, 0.1908089952863844000, 0.0000000000000000000 ) ) ;
#7589 = CARTESIAN_POINT ( 'NONE',  ( 0.0000000000000000000, -0.4999999999999996700, -2.500000000000000000 ) ) ;
#7590 = CARTESIAN_POINT ( 'NONE',  ( 1.480000000000019700, -4.456579543088778900, -0.5000000000000000000 ) ) ;
#7591 = DIRECTION ( 'NONE',  ( -0.0000000000000000000, 0.0000000000000000000, 1.000000000000000000 ) ) ;
#7592 = VERTEX_POINT ( 'NONE', #186 ) ;
#7593 = DIRECTION ( 'NONE',  ( 1.000000000000000000, 0.0000000000000000000, 0.0000000000000000000 ) ) ;
#7594 = VECTOR ( 'NONE', #4804, 1000.000000000000100 ) ;
#7595 = ORIENTED_EDGE ( 'NONE', *, *, #92, .F. ) ;
#7596 = CARTESIAN_POINT ( 'NONE',  ( -5.207595369999999100, 0.9220846720000001100, -2.294890372999999900 ) ) ;
#7597 = DIRECTION ( 'NONE',  ( 0.0000000000000000000, -1.000000000000000000, 0.0000000000000000000 ) ) ;
#7598 = DIRECTION ( 'NONE',  ( 1.000000000000000000, 0.0000000000000000000, 0.0000000000000000000 ) ) ;
#7599 = CARTESIAN_POINT ( 'NONE',  ( 0.0000000000000000000, -0.3500000000000004800, -1.250000000000000400 ) ) ;
#7600 = EDGE_CURVE ( 'NONE', #3082, #5916, #7270, .T. ) ;
#7601 = VECTOR ( 'NONE', #2379, 1000.000000000000000 ) ;
#7602 = LINE ( 'NONE', #631, #7534 ) ;
#7603 = FACE_BOUND ( 'NONE', #5124, .T. ) ;
#7604 = PLANE ( 'NONE',  #4704 ) ;
#7605 = APPLICATION_PROTOCOL_DEFINITION ( 'draft international standard', 'automotive_design', 1998, #3464 ) ;
#7606 = DIRECTION ( 'NONE',  ( -1.000000000000000000, -0.0000000000000000000, 0.0000000000000000000 ) ) ;
#7607 = VECTOR ( 'NONE', #2479, 1000.000000000000000 ) ;
#7608 =( LENGTH_UNIT ( ) NAMED_UNIT ( * ) SI_UNIT ( .MILLI., .METRE. ) );
#7609 = LINE ( 'NONE', #5380, #7458 ) ;
#7610 = ADVANCED_FACE ( 'NONE', ( #7219 ), #7152, .T. ) ;
#7611 = DIRECTION ( 'NONE',  ( 0.0000000000000000000, 0.0000000000000000000, -1.000000000000000000 ) ) ;
#7612 = CARTESIAN_POINT ( 'NONE',  ( 0.7000000000000004000, 1.040949779275250300E-016, 0.0000000000000000000 ) ) ;
#7613 = DIRECTION ( 'NONE',  ( 1.000000000000000000, -1.156482317317871300E-015, 0.0000000000000000000 ) ) ;
#7614 = CARTESIAN_POINT ( 'NONE',  ( -0.3874981867863161500, 2.865321058541115300, 1.868632586853282700 ) ) ;
#7615 = LINE ( 'NONE', #6584, #7607 ) ;
#7616 = CARTESIAN_POINT ( 'NONE',  ( -1.107023541588169700, 2.823668599467908700, -1.924045491024882300 ) ) ;
#7617 = AXIS2_PLACEMENT_3D ( 'NONE', #4214, #4797, #1224 ) ;
#7618 = DIRECTION ( 'NONE',  ( 1.000000000000000000, -0.0000000000000000000, 0.0000000000000000000 ) ) ;
#7619 = ORIENTED_EDGE ( 'NONE', *, *, #6331, .F. ) ;
#7620 = AXIS2_PLACEMENT_3D ( 'NONE', #2325, #6420, #2897 ) ;
#7621 = CARTESIAN_POINT ( 'NONE',  ( -4.716731559999999500, 0.3479189890000001800, -2.351750628999999200 ) ) ;
#7622 = VECTOR ( 'NONE', #4657, 1000.000000000000000 ) ;
#7623 = ORIENTED_EDGE ( 'NONE', *, *, #2030, .F. ) ;
#7624 = CARTESIAN_POINT ( 'NONE',  ( -0.6185885890320728100, 3.048795525551312800, -1.887088036126658000 ) ) ;
#7625 = CARTESIAN_POINT ( 'NONE',  ( -1.193383629360000200, 3.060940989550000600, -1.924045491000000200 ) ) ;
#7626 = EDGE_CURVE ( 'NONE', #717, #3295, #7206, .T. ) ;
#7627 = CARTESIAN_POINT ( 'NONE',  ( 0.1157259918904456100, 2.325679180117482300, -1.808692119959621100 ) ) ;
#7628 = VECTOR ( 'NONE', #4587, 1000.000000000000000 ) ;
#7629 = EDGE_CURVE ( 'NONE', #5513, #555, #7161, .T. ) ;
#7630 = DIRECTION ( 'NONE',  ( 0.0000000000000000000, -1.000000000000000000, 0.0000000000000000000 ) ) ;
#7631 = VECTOR ( 'NONE', #2731, 1000.000000000000000 ) ;
#7632 = CARTESIAN_POINT ( 'NONE',  ( 1.750000000000000000, 6.500000000000002700, -9.850000000000001400 ) ) ;
#7633 =( REPRESENTATION_RELATIONSHIP ('NONE','NONE', #4592, #7352 ) REPRESENTATION_RELATIONSHIP_WITH_TRANSFORMATION ( #4888 )SHAPE_REPRESENTATION_RELATIONSHIP( ) );
#7634 = CARTESIAN_POINT ( 'NONE',  ( -3.017431149029331300, -0.0007610587092772079300, 2.497991430323514900 ) ) ;
#7635 = CARTESIAN_POINT ( 'NONE',  ( 0.9428882919114134300, -3.297077562964724000, 1.250000000000000900 ) ) ;
#7636 = CARTESIAN_POINT ( 'NONE',  ( 4.000000000000000000, 0.5000000000000000000, -0.2999999999923081400 ) ) ;
#7637 = AXIS2_PLACEMENT_3D ( 'NONE', #4482, #685, #4269 ) ;
#7638 = CARTESIAN_POINT ( 'NONE',  ( 1.500000000000000000, -7.284020993942286600, 0.02593636041725824400 ) ) ;
#7639 = VECTOR ( 'NONE', #4380, 1000.000000000000000 ) ;
#7640 = ORIENTED_EDGE ( 'NONE', *, *, #6606, .T. ) ;
#7641 = CARTESIAN_POINT ( 'NONE',  ( 0.6245095932013706700, 1.930457971665630700, -1.760722741015161800 ) ) ;
#7642 = PLANE ( 'NONE',  #6075 ) ;
#7643 = ORIENTED_EDGE ( 'NONE', *, *, #7040, .F. ) ;
#7644 = VECTOR ( 'NONE', #1283, 1000.000000000000000 ) ;
#7645 = FACE_OUTER_BOUND ( 'NONE', #5190, .T. ) ;
#7646 = EDGE_CURVE ( 'NONE', #5527, #4489, #7171, .T. ) ;
#7647 = LINE ( 'NONE', #7087, #7552 ) ;
#7648 = CARTESIAN_POINT ( 'NONE',  ( -4.135527778253600000, 0.1549077616175000600, -2.408610884999999900 ) ) ;
#7649 = ADVANCED_FACE ( 'NONE', ( #7098 ), #5609, .F. ) ;
#7650 = ORIENTED_EDGE ( 'NONE', *, *, #1994, .T. ) ;
#7651 = CARTESIAN_POINT ( 'NONE',  ( 1.679999999999972000, -3.499999999999915200, -0.5000000000000000000 ) ) ;
#7652 = CARTESIAN_POINT ( 'NONE',  ( -0.4857780240599999800, 2.974378980190000000, -1.877876134400000100 ) ) ;
#7653 = ORIENTED_EDGE ( 'NONE', *, *, #5332, .F. ) ;
#7654 = CARTESIAN_POINT ( 'NONE',  ( -3.500000000000000000, 1.000000000000000000, -0.6000000000000000900 ) ) ;
#7655 = AXIS2_PLACEMENT_3D ( 'NONE', #5454, #4071, #5886 ) ;
#7656 = DIRECTION ( 'NONE',  ( -1.000000000000000000, 1.821636752663063500E-017, -0.0000000000000000000 ) ) ;
#7657 = FACE_OUTER_BOUND ( 'NONE', #5569, .T. ) ;
#7658 = FACE_OUTER_BOUND ( 'NONE', #7691, .T. ) ;
#7659 = EDGE_CURVE ( 'NONE', #1753, #7697, #7146, .T. ) ;
#7660 = CARTESIAN_POINT ( 'NONE',  ( 4.500000000000002700, 4.500000000000002700, -12.00000000000000000 ) ) ;
#7661 = B_SPLINE_SURFACE_WITH_KNOTS ( 'NONE', 1, 3, ( 
 ( #6887, #7055, #6853, #6823, #6781, #6471, #6422 ),
 ( #6394, #6371, #6344, #6315, #6269, #6246, #6221 ) ),
 .UNSPECIFIED., .F., .F., .F.,
 ( 2, 2 ),
 ( 4, 3, 4 ),
 ( 0.0000000000000000000, 1.000000000000000000 ),
 ( -0.03415206194398858600, 0.0000000000000000000, 1.000000000000000000 ),
 .UNSPECIFIED. ) ;
#7662 = DIRECTION ( 'NONE',  ( -0.1908089953761447600, 0.9816271834477418000, 0.0000000000000000000 ) ) ;
#7663 = ORIENTED_EDGE ( 'NONE', *, *, #4223, .T. ) ;
#7664 = ORIENTED_EDGE ( 'NONE', *, *, #5798, .F. ) ;
#7665 = AXIS2_PLACEMENT_3D ( 'NONE', #386, #4546, #983 ) ;
#7666 = DIRECTION ( 'NONE',  ( 1.000000000000000000, 0.0000000000000000000, 0.0000000000000000000 ) ) ;
#7667 = AXIS2_PLACEMENT_3D ( 'NONE', #6798, #2162, #6265 ) ;
#7668 = EDGE_CURVE ( 'NONE', #1531, #4834, #7069, .T. ) ;
#7669 = DIRECTION ( 'NONE',  ( 0.0000000000000000000, 0.0000000000000000000, -1.000000000000000000 ) ) ;
#7670 = CARTESIAN_POINT ( 'NONE',  ( -4.812865698073801800, 1.337699593229400000, -2.254275905000001000 ) ) ;
#7671 = CIRCLE ( 'NONE', #2123, 1.700000000000000200 ) ;
#7672 = CARTESIAN_POINT ( 'NONE',  ( 3.849999999999999600, 0.0000000000000000000, 0.0000000000000000000 ) ) ;
#7673 = CARTESIAN_POINT ( 'NONE',  ( -0.5703366130000002700, 2.694821471000000000, -1.868632587000000000 ) ) ;
#7674 = ORIENTED_EDGE ( 'NONE', *, *, #2886, .T. ) ;
#7675 = ORIENTED_EDGE ( 'NONE', *, *, #4348, .F. ) ;
#7676 = ORIENTED_EDGE ( 'NONE', *, *, #3403, .F. ) ;
#7677 = PRODUCT_DEFINITION ( '未知', '', #4718, #3745 ) ;
#7678 = EDGE_CURVE ( 'NONE', #2915, #2641, #7107, .T. ) ;
#7679 = LINE ( 'NONE', #941, #6820 ) ;
#7680 = AXIS2_PLACEMENT_3D ( 'NONE', #1311, #5486, #6077 ) ;
#7681 = CARTESIAN_POINT ( 'NONE',  ( 1.302993834102019700, -3.007006165897969700, -1.250000000000000400 ) ) ;
#7682 = EDGE_CURVE ( 'NONE', #5315, #473, #7131, .T. ) ;
#7683 = DIRECTION ( 'NONE',  ( 0.0000000000000000000, 0.0000000000000000000, 1.000000000000000000 ) ) ;
#7684 = DIRECTION ( 'NONE',  ( -1.000000000000000000, -3.986037398843766400E-018, 5.084318126393977200E-034 ) ) ;
#7685 = EDGE_CURVE ( 'NONE', #3365, #3955, #7041, .T. ) ;
#7686 = DIRECTION ( 'NONE',  ( -0.0000000000000000000, -0.0000000000000000000, -1.000000000000000000 ) ) ;
#7687 = ADVANCED_FACE ( 'NONE', ( #6989 ), #855, .F. ) ;
#7688 = CARTESIAN_POINT ( 'NONE',  ( -4.696454119109999300, 0.01994823333000000600, 2.367996417000001400 ) ) ;
#7689 = DIRECTION ( 'NONE',  ( -0.0000000000000000000, -1.000000000000000000, 0.0000000000000000000 ) ) ;
#7690 = FACE_BOUND ( 'NONE', #6240, .T. ) ;
#7691 = EDGE_LOOP ( 'NONE', ( #5098, #4897, #2593, #3268 ) ) ;
#7692 = EDGE_CURVE ( 'NONE', #247, #3297, #6970, .T. ) ;
#7693 = DIRECTION ( 'NONE',  ( -0.6797591437042338500, 0.7289524548662871300, -0.08096804984004821200 ) ) ;
#7694 = PRODUCT ( 'DCJ235-05-housing-black', 'DCJ235-05-housing-black', '', ( #3440 ) ) ;
#7695 = DIRECTION ( 'NONE',  ( -0.0000000000000000000, -0.0000000000000000000, -1.000000000000000000 ) ) ;
#7696 = DIRECTION ( 'NONE',  ( 0.0000000000000000000, 0.0000000000000000000, 1.000000000000000000 ) ) ;
#7697 = VERTEX_POINT ( 'NONE', #6807 ) ;
#7698 = CARTESIAN_POINT ( 'NONE',  ( 1.575000000000000000, 3.149999999999999900, -1.399999999999999900 ) ) ;
#7699 = ORIENTED_EDGE ( 'NONE', *, *, #2802, .F. ) ;
#7700 = FACE_OUTER_BOUND ( 'NONE', #2642, .T. ) ;
#7701 = EDGE_CURVE ( 'NONE', #2280, #6497, #7002, .T. ) ;
#7702 = PLANE ( 'NONE',  #387 ) ;
#7703 = ADVANCED_FACE ( 'NONE', ( #6949 ), #4450, .T. ) ;
#7704 = CARTESIAN_POINT ( 'NONE',  ( 0.7210065359942461300, -1.722986928011504700, 1.250000000000000000 ) ) ;
#7705 = DIRECTION ( 'NONE',  ( 0.0000000000000000000, -1.000000000000000000, 0.0000000000000000000 ) ) ;
#7706 = AXIS2_PLACEMENT_3D ( 'NONE', #1244, #5449, #1904 ) ;
#7707 = DIRECTION ( 'NONE',  ( 1.776356839400250900E-015, 0.9135454576425987600, 0.4067366430758052000 ) ) ;
#7708 = DIRECTION ( 'NONE',  ( 0.0000000000000000000, -0.0000000000000000000, -1.000000000000000000 ) ) ;
#7709 = ORIENTED_EDGE ( 'NONE', *, *, #4006, .F. ) ;
#7710 = LINE ( 'NONE', #1649, #7339 ) ;
#7711 = CARTESIAN_POINT ( 'NONE',  ( -5.202941415999999800, 0.8002458930000004900, 2.303013267000000300 ) ) ;
#7712 = CARTESIAN_POINT ( 'NONE',  ( 0.5002980514802908300, 1.906313689227220300, -1.768717637525117200 ) ) ;
#7713 = DIRECTION ( 'NONE',  ( -0.0000000000000000000, 1.000000000000000000, 0.0000000000000000000 ) ) ;
#7714 = LINE ( 'NONE', #5385, #7644 ) ;
#7715 = CYLINDRICAL_SURFACE ( 'NONE', #5741, 0.4999999999999145700 ) ;
#7716 = NEXT_ASSEMBLY_USAGE_OCCURRENCE ( 'NAUO1', ' ', ' ', #1999, #1127, $ ) ;
#7717 = NEXT_ASSEMBLY_USAGE_OCCURRENCE ( 'NAUO2', ' ', ' ', #1999, #728, $ ) ;
#7718 = NEXT_ASSEMBLY_USAGE_OCCURRENCE ( 'NAUO3', ' ', ' ', #1999, #321, $ ) ;
#7719 = NEXT_ASSEMBLY_USAGE_OCCURRENCE ( 'NAUO4', ' ', ' ', #1999, #7677, $ ) ;
#7720 = NEXT_ASSEMBLY_USAGE_OCCURRENCE ( 'NAUO5', ' ', ' ', #1999, #7280, $ ) ;
#7721 = NEXT_ASSEMBLY_USAGE_OCCURRENCE ( 'NAUO6', ' ', ' ', #1999, #6840, $ ) ;
ENDSEC;
END-ISO-10303-21;
